part_id,companion_id,sets_together,share,lift
71075a,71184,4,1.0000,365.75
71075a,2465,4,1.0000,14.78
71075a,2456,4,1.0000,10.84
71075a,4315,4,1.0000,10.60
71075a,4085c,4,1.0000,9.14
71075a,2436a,4,1.0000,6.23
71075a,4081b,4,1.0000,5.85
71184,71075a,4,1.0000,365.75
71184,2465,4,1.0000,14.78
71184,2456,4,1.0000,10.84
71184,4315,4,1.0000,10.60
71184,4085c,4,1.0000,9.14
71184,2436a,4,1.0000,6.23
71184,4081b,4,1.0000,5.85
973p1u,3829c01,8,1.0000,4.66
973p1u,6015,7,0.8750,13.06
973p1u,3626bp04,6,0.7500,21.10
973p1u,4085c,6,0.7500,6.86
973p1u,2436a,6,0.7500,4.67
973p1u,6157,5,0.6250,6.67
973p1u,4600,5,0.6250,5.75
973p1u,2349a,4,0.5000,15.90
973p1u,3070a,4,0.5000,13.06
973p1u,3836,4,0.5000,12.83
973p1u,4214,4,0.5000,10.45
973p1u,3788,4,0.5000,4.30
3188,3189,15,1.0000,91.44
3188,4315,9,0.6000,6.36
3188,4085c,9,0.6000,5.49
3188,3788,7,0.4667,4.02
3188,4474,6,0.4000,24.38
3188,2465,6,0.4000,5.91
3188,3747a,6,0.4000,4.24
3188,4858,5,0.3333,19.51
3188,3963,5,0.3333,11.34
3188,4215a,5,0.3333,10.84
3188,3626bp04,5,0.3333,9.38
3188,6015,5,0.3333,4.98
3189,3188,15,0.9375,91.44
3189,4085c,10,0.6250,5.71
3189,4315,9,0.5625,5.96
3189,2465,7,0.4375,6.47
3189,4474,6,0.3750,22.86
3189,6015,6,0.3750,5.60
3189,3176,6,0.3750,4.00
3189,4858,5,0.3125,18.29
3189,3963,5,0.3125,10.63
3189,4215a,5,0.3125,10.16
3189,3626bp04,5,0.3125,8.79
3189,2460,5,0.3125,5.14
2437,4865a,30,0.5769,4.14
2437,4624,24,0.4615,4.25
2437,4859,23,0.4423,5.99
2437,4315,21,0.4038,4.28
2437,3821,20,0.3846,4.02
2437,4855,19,0.3654,10.69
2437,4854,18,0.3462,7.91
2437,3901,17,0.3269,4.93
2437,6015,17,0.3269,4.88
2437,4858,14,0.2692,15.76
2437,4625,13,0.2500,5.08
2437,3626bp04,12,0.2308,6.49
3626bp04,4315,23,0.4423,4.69
3626bp04,6015,19,0.3654,5.45
3626bp04,3901,17,0.3269,4.93
3626bp04,4859,16,0.3077,4.17
3626bp04,3070a,15,0.2885,7.54
3626bp04,3626bp03,14,0.2692,14.07
3626bp04,2610,13,0.2500,10.76
3626bp04,2437,12,0.2308,6.49
3626bp04,4214,11,0.2115,4.42
3626bp04,2349a,10,0.1923,6.12
3626bp04,2433,10,0.1923,5.86
3626bp04,4211,10,0.1923,4.33
4315,4213,79,0.5725,6.34
4315,3747a,53,0.3841,4.07
4315,3823,53,0.3841,4.01
4315,4276b,48,0.3478,4.50
4315,4859,47,0.3406,4.61
4315,4625,36,0.2609,5.30
4315,4531,35,0.2536,5.01
4315,4275b,32,0.2319,4.14
4315,4085b,30,0.2174,4.13
4315,4215a,29,0.2101,6.83
4315,2433,27,0.1957,5.96
4315,3070a,27,0.1957,5.11
4474,4315,23,0.9583,10.16
4474,3957a,14,0.5833,4.14
4474,3838,12,0.5000,5.58
4474,4735,11,0.4583,8.28
4474,3747a,10,0.4167,4.42
4474,4349,9,0.3750,6.94
4474,4213,9,0.3750,4.16
4474,6015,8,0.3333,4.98
4474,3839b,8,0.3333,4.98
4474,4229,7,0.2917,12.55
4474,3963,7,0.2917,9.92
4474,752,7,0.2917,9.48
4858,4865a,17,0.6800,4.88
4858,4859,16,0.6400,8.67
4858,4856,14,0.5600,22.76
4858,2437,14,0.5600,15.76
4858,4624,14,0.5600,5.15
4858,4855,13,0.5200,15.22
4858,4315,13,0.5200,5.51
4858,4861,12,0.4800,30.53
4858,4854,10,0.4000,9.14
4858,4625,10,0.4000,8.13
4858,3747a,10,0.4000,4.24
4858,4862,9,0.3600,14.23
6015,4600,49,0.5000,4.60
6015,4085c,44,0.4490,4.11
6015,3821,40,0.4082,4.27
6015,3822,40,0.4082,4.18
6015,3823,38,0.3878,4.05
6015,4211,25,0.2551,5.74
6015,4083,25,0.2551,4.24
6015,4488,24,0.2449,4.27
6015,4214,23,0.2347,4.91
6015,3070a,22,0.2245,5.86
6015,3626bp04,19,0.1939,5.45
6015,3962b,19,0.1939,5.07
2456,2465,46,0.3407,5.04
2456,3007,41,0.3037,4.88
2456,6111,39,0.2889,4.18
2456,60479,36,0.2667,4.24
2456,3006,32,0.2370,5.50
2456,6179,30,0.2222,4.22
2456,4510,28,0.2074,4.74
2456,6112,27,0.2000,4.24
2456,30363,26,0.1926,5.32
2456,32018,26,0.1926,4.86
2456,30383,26,0.1926,4.54
2456,6232,24,0.1778,4.64
2465,2445,57,0.5758,4.28
2465,4282,49,0.4949,4.42
2465,2456,46,0.4646,5.04
2465,6111,43,0.4343,6.29
2465,3007,31,0.3131,5.03
2465,2450,29,0.2929,4.12
2465,60479,25,0.2525,4.02
2465,6179,24,0.2424,4.61
2465,2569,23,0.2323,4.10
2465,6112,22,0.2222,4.71
2465,2458,22,0.2222,4.12
2465,3006,20,0.2020,4.69
4215b,2456,14,0.4667,5.06
4215b,6019,14,0.4667,4.35
4215b,6015,11,0.3667,5.47
4215b,3297,10,0.3333,4.88
4215b,6111,10,0.3333,4.83
4215b,2362b,9,0.3000,11.55
4215b,4460a,9,0.3000,6.10
4215b,2920,6,0.2000,9.44
4215b,4022,6,0.2000,8.61
4215b,52031,6,0.2000,7.70
4215b,3626bp04,6,0.2000,5.63
4215b,6232,6,0.2000,5.23
71137,3626bp04,5,0.7143,20.10
71137,4215b,4,0.5714,27.87
71137,6015,4,0.5714,8.53
71137,4315,4,0.5714,6.06
3788,3641,85,0.5000,4.11
3788,3823,79,0.4647,4.86
3788,6157,66,0.3882,4.15
3788,50951,41,0.2412,4.90
3788,51719,39,0.2294,6.10
3788,44674,38,0.2235,5.74
3788,4211,32,0.1882,4.24
3788,4212b,27,0.1588,7.04
3788,2349a,26,0.1529,4.86
6157,3788,66,0.4818,4.15
6157,50951,58,0.4234,8.60
6157,51719,52,0.3796,10.10
6157,44674,46,0.3358,8.62
6157,50947,40,0.2920,9.49
6157,50943,31,0.2263,7.04
6157,30602,31,0.2263,4.30
6157,30027a,29,0.2117,8.37
6157,50949,25,0.1825,8.61
4085c,6015,44,0.2750,4.11
4085c,3962b,30,0.1875,4.90
168185a,3626bp01,5,1.0000,4.64
168185a,973pt2,4,0.8000,167.20
168185a,6015,4,0.8000,11.94
168185a,3823,4,0.8000,8.36
168185a,4600,4,0.8000,7.36
168185a,2436a,4,0.8000,4.98
2346,3482,22,1.0000,29.86
2346,3749,16,0.7273,4.09
2346,3706,15,0.6818,4.30
2346,4265a,12,0.5455,16.98
2346,3707,10,0.4545,4.24
2346,3651,9,0.4091,12.73
2346,3738,9,0.4091,6.88
2346,3894,9,0.4091,5.39
2346,3647,8,0.3636,6.49
2346,3895,8,0.3636,5.98
2346,3709b,8,0.3636,4.79
2346,4276b,8,0.3636,4.71
3482,3706,37,0.7551,4.76
3482,3707,27,0.5510,5.13
3482,3701,25,0.5102,4.19
3482,3651,24,0.4898,15.25
3482,3647,23,0.4694,8.37
3482,2346,22,0.4490,29.86
3482,3702,22,0.4490,5.71
3482,3738,21,0.4286,7.21
3482,3709b,21,0.4286,5.65
3482,3737,21,0.4286,4.98
3482,3648a,20,0.4082,16.59
3482,4265a,20,0.4082,12.71
3651,3713,43,0.9149,4.75
3651,3705,40,0.8511,4.56
3651,3706,38,0.8085,5.10
3651,3707,35,0.7447,6.94
3651,3701,35,0.7447,6.12
3651,3673,33,0.7021,4.18
3651,3702,32,0.6809,8.66
3651,3647,31,0.6596,11.77
3651,3709b,31,0.6596,8.69
3651,3648a,30,0.6383,25.94
3651,3704,28,0.5957,24.21
3651,3738,28,0.5957,10.02
4262,3706,23,0.9583,6.04
4262,3707,22,0.9167,8.54
4262,3749,22,0.9167,5.16
4262,3705,22,0.9167,4.91
4262,3713,22,0.9167,4.76
4262,3894,20,0.8333,10.98
4262,3701,20,0.8333,6.85
4262,3895,19,0.7917,13.01
4262,3702,19,0.7917,10.07
4262,4265a,18,0.7500,23.35
4262,3737,18,0.7500,8.71
4262,3673,18,0.7500,4.46
4265a,3700,44,0.9362,4.13
4265a,3705,37,0.7872,4.22
4265a,3706,36,0.7660,4.83
4265a,3749,34,0.7234,4.07
4265a,3707,33,0.7021,6.54
4265a,3701,31,0.6596,5.42
4265a,3894,29,0.6170,8.13
4265a,3709b,28,0.5957,7.85
4265a,3737,27,0.5745,6.67
4265a,3895,26,0.5532,9.09
4265a,3702,26,0.5532,7.04
4265a,3647,25,0.5319,9.49
2350a,2351,4,1.0000,243.83
2351,4624,5,0.8333,7.67
2351,2350a,4,0.6667,243.83
2351,70278,4,0.6667,139.33
2351,2452,4,0.6667,16.82
2351,4213,4,0.6667,7.39
2351,4315,4,0.6667,7.07
2351,4600,4,0.6667,6.13
2351,3641,4,0.6667,5.48
2362a,4315,14,0.5600,5.94
2362a,4859,12,0.4800,6.50
2362a,4276b,11,0.4400,5.70
2362a,2452,10,0.4000,10.09
2362a,4531,10,0.4000,7.91
2362a,4275b,10,0.4000,7.14
2362a,3838,10,0.4000,4.47
2362a,4213,10,0.4000,4.43
2362a,2458,9,0.3600,6.67
2362a,3901,9,0.3600,5.43
2362a,3679,9,0.3600,5.27
2362a,2466,8,0.3200,18.01
2452,4276b,47,0.8103,10.49
2452,4859,31,0.5345,7.24
2452,3838,27,0.4655,5.20
2452,3747a,24,0.4138,4.39
2452,4531,22,0.3793,7.50
2452,4213,21,0.3621,4.01
2452,2419,20,0.3448,5.20
2452,4590,19,0.3276,6.75
2452,2569,19,0.3276,5.77
2452,3839b,19,0.3276,4.89
2452,4275b,18,0.3103,5.54
2452,4625,17,0.2931,5.96
4215a,4315,29,0.6444,6.83
4215a,4600,23,0.5111,4.70
4215a,3641,23,0.5111,4.20
4215a,4213,22,0.4889,5.42
4215a,3821,22,0.4889,5.11
4215a,3822,22,0.4889,5.00
4215a,4624,21,0.4667,4.29
4215a,3823,20,0.4444,4.64
4215a,3624,18,0.4000,5.63
4215a,3901,16,0.3556,5.36
4215a,4859,16,0.3556,4.82
4215a,4211,15,0.3333,7.50
4864a,4276b,16,0.4444,5.75
4864a,4315,16,0.4444,4.71
4864a,4859,14,0.3889,5.27
4864a,4213,13,0.3611,4.00
4864a,4625,11,0.3056,6.21
4864a,3901,10,0.2778,4.19
4864a,2452,9,0.2500,6.31
4864a,4531,9,0.2500,4.94
4864a,3933,8,0.2222,6.13
4864a,3934,8,0.2222,6.13
4864a,4590,8,0.2222,4.58
4864a,2362a,7,0.1944,11.38
3069bp09,2436a,11,1.0000,6.23
3069bp09,6015,10,0.9091,13.57
3069bp09,4600,10,0.9091,8.36
3069bp09,4085c,9,0.8182,7.48
3069bp09,4213,8,0.7273,8.06
3069bp09,4865a,8,0.7273,5.22
3069bp09,4081b,8,0.7273,4.26
3069bp09,4531,7,0.6364,12.58
3069bp09,4599a,7,0.6364,8.10
3069bp09,3823,7,0.6364,6.65
3069bp09,4624,7,0.6364,5.86
3069bp09,4625,6,0.5455,11.08
3491,3738,10,0.7692,12.94
3491,3709b,10,0.7692,10.14
3491,3823,10,0.7692,8.04
3491,2736,9,0.6923,11.92
3491,3821,9,0.6923,7.23
3491,3822,9,0.6923,7.08
3491,4600,9,0.6923,6.37
3491,2436a,9,0.6923,4.31
3491,6015,8,0.6154,9.19
3491,4211,7,0.5385,12.12
3491,4214,7,0.5385,11.25
3491,2460,7,0.5385,8.85
6546,6556,4,1.0000,112.54
6546,6015,4,1.0000,14.93
6546,3821,4,1.0000,10.45
6546,3823,4,1.0000,10.45
6546,3822,4,1.0000,10.23
6546,4600,4,1.0000,9.20
6546,2445,4,1.0000,7.43
6546,2436a,4,1.0000,6.23
6546,3626bp01,4,1.0000,4.64
6546,3794a,4,1.0000,4.62
6546,4162,4,1.0000,4.50
6140,6019,18,0.6207,5.78
6140,3176,15,0.5172,5.52
6140,4085c,13,0.4483,4.10
6140,2479,12,0.4138,18.34
6140,2460,12,0.4138,6.80
6140,4315,12,0.4138,4.39
6140,4488,10,0.3448,6.01
6140,4623,10,0.3448,5.04
6140,2421,9,0.3103,14.19
6140,2444,9,0.3103,4.63
6140,6111,9,0.3103,4.50
6140,2921,8,0.2759,5.45
6556,2445,10,0.7692,5.71
6556,3901,7,0.5385,8.12
6556,4282,7,0.5385,4.80
6556,4349,6,0.4615,8.55
6556,3297,6,0.4615,6.75
6556,3821,6,0.4615,4.82
6556,3823,6,0.4615,4.82
6556,3822,6,0.4615,4.72
6556,6019,6,0.4615,4.30
6556,4085c,6,0.4615,4.22
6556,2877,6,0.4615,4.17
6556,2362b,5,0.3846,14.81
973p19,3626bp01,7,1.0000,4.64
973p19,2920,6,0.8571,40.45
973p19,3901,6,0.8571,12.93
973p19,3937,6,0.8571,4.32
973p19,4531,5,0.7143,14.12
973p19,4079,5,0.7143,5.15
973p19,973p84,4,0.5714,104.50
973p19,4022,4,0.5714,24.59
973p19,6015,4,0.5714,8.53
973p19,3624,4,0.5714,8.04
973p19,2877,4,0.5714,5.16
973p19,2445,4,0.5714,4.24
2483,4315,16,1.0000,10.60
2483,2460,14,0.8750,14.38
2483,2479,13,0.8125,36.02
2483,4286,13,0.8125,4.85
2483,4081b,13,0.8125,4.75
2483,2421,12,0.7500,34.29
2483,4488,12,0.7500,13.06
2483,4600,11,0.6875,6.33
2483,3747a,10,0.6250,6.63
2483,4624,10,0.6250,5.75
2483,3298,10,0.6250,4.64
2483,3938,10,0.6250,4.48
4213,3823,81,0.6136,6.41
4213,4315,79,0.5985,6.34
4213,3821,72,0.5455,5.70
4213,3822,72,0.5455,5.58
4213,4600,59,0.4470,4.11
4213,4214,52,0.3939,8.23
4213,4211,48,0.3636,8.18
4213,4625,40,0.3030,6.16
4213,4085b,30,0.2273,4.32
4213,4084,29,0.2197,5.95
4213,4531,28,0.2121,4.19
4213,3070a,26,0.1970,5.15
4531,4275b,41,0.5541,9.89
4531,4276b,39,0.5270,6.82
4531,4315,35,0.4730,5.01
4531,4213,28,0.3784,4.19
4531,2433,27,0.3649,11.12
4531,4859,26,0.3514,4.76
4531,2452,22,0.2973,7.50
4531,2569,21,0.2838,5.00
4531,4625,19,0.2568,5.22
4531,3956,18,0.2432,4.09
4531,2923,15,0.2027,15.61
4531,4215a,15,0.2027,6.59
4625,4213,40,0.5556,6.16
4625,4315,36,0.5000,5.30
4625,4859,34,0.4722,6.40
4625,4624,34,0.4722,4.35
4625,4276b,32,0.4444,5.75
4625,3901,23,0.3194,4.82
4625,4854,22,0.3056,6.98
4625,3070a,20,0.2778,7.26
4625,4857,19,0.2639,20.32
4625,4856,19,0.2639,10.72
4625,4531,19,0.2639,5.22
4625,4862,18,0.2500,9.89
4859,4315,47,0.4352,4.61
4859,4276b,45,0.4167,5.39
4859,4855,41,0.3796,11.11
4859,3747a,41,0.3796,4.02
4859,4854,40,0.3704,8.47
4859,4625,34,0.3148,6.40
4859,2452,31,0.2870,7.24
4859,2569,30,0.2778,4.90
4859,4871,29,0.2685,4.32
4859,4531,26,0.2407,4.76
4859,4085b,26,0.2407,4.57
4859,4275b,25,0.2315,4.13
73037,4213,11,0.5000,5.54
73037,3176,11,0.5000,5.34
73037,4315,11,0.5000,5.30
73037,3747a,11,0.5000,5.30
73037,4282,11,0.5000,4.46
73037,4085c,10,0.4545,4.16
73037,4531,8,0.3636,7.19
73037,4625,7,0.3182,6.47
73037,6015,7,0.3182,4.75
73037,3680,7,0.3182,4.75
73037,3679,7,0.3182,4.65
73037,4859,7,0.3182,4.31
2460,2479,28,0.3146,13.95
2460,2421,17,0.1910,8.73
2460,3070a,15,0.1685,4.40
2460,2483,14,0.1573,14.38
2460,4215a,14,0.1573,5.11
2460,2412a,14,0.1573,4.34
2736,32062,64,0.7529,4.16
2736,4519,61,0.7176,4.07
2736,6558,58,0.6824,4.89
2736,3706,55,0.6471,4.08
2736,32013,52,0.6118,5.23
2736,32054,52,0.6118,5.06
2736,43093,51,0.6000,4.32
2736,32073,50,0.5882,5.00
2736,6536,49,0.5765,5.02
2736,32140,47,0.5529,5.43
2736,32523,47,0.5529,4.90
2736,59443,47,0.5529,4.44
3706,3713,188,0.8103,4.20
3706,3705,178,0.7672,4.11
3706,4519,166,0.7155,4.06
3706,32013,116,0.5000,4.28
3706,6536,114,0.4914,4.28
3706,32073,114,0.4914,4.18
3706,32054,113,0.4871,4.03
3706,3707,112,0.4828,4.50
3706,32523,109,0.4698,4.17
3706,32140,106,0.4569,4.49
3706,32316,105,0.4526,4.36
3706,32184,103,0.4440,4.61
3707,3713,130,0.8280,4.30
3707,3705,122,0.7771,4.16
3707,3706,112,0.7134,4.50
3707,3737,86,0.5478,6.36
3707,3701,81,0.5159,4.24
3707,6536,73,0.4650,4.05
3707,6632,71,0.4522,4.44
3707,32184,63,0.4013,4.16
3707,3702,62,0.3949,5.02
3707,3708,62,0.3949,5.02
3707,32526,62,0.3949,4.04
3707,3647,61,0.3885,6.93
2873,4315,10,1.0000,10.60
2873,6015,7,0.7000,10.45
2873,2920,6,0.6000,28.32
2873,4022,6,0.6000,25.82
2873,4531,6,0.6000,11.86
2873,3821,6,0.6000,6.27
2873,3822,6,0.6000,6.14
2873,2877,6,0.6000,5.42
2873,4592,6,0.6000,4.43
2873,4593,6,0.6000,4.43
2873,4865a,6,0.6000,4.30
2873,3297,5,0.5000,7.31
2920,4022,27,0.8710,37.48
2920,2878c01,23,0.7419,45.23
2920,4092a,20,0.6452,33.71
2920,2877,20,0.6452,5.83
2920,4175,15,0.4839,6.94
2920,2921,13,0.4194,8.29
2920,6583,9,0.2903,24.98
2920,2377,9,0.2903,12.49
2920,4531,9,0.2903,5.74
2920,3901,9,0.2903,4.38
2920,6584,8,0.2581,47.19
2920,4183,8,0.2581,23.60
4022,2920,27,0.7941,37.48
4022,4092a,23,0.6765,35.35
4022,2878c01,21,0.6176,37.65
4022,2877,19,0.5588,5.05
4022,4175,17,0.5000,7.17
4022,2921,13,0.3824,7.56
4022,3901,11,0.3235,4.88
4022,3624,11,0.3235,4.55
4022,4183,10,0.2941,26.89
4022,6583,9,0.2647,22.78
4022,3626bp04,9,0.2647,7.45
4022,3833,9,0.2647,5.30
2878c01,2920,23,0.9583,45.23
2878c01,4022,21,0.8750,37.65
2878c01,4092a,17,0.7083,37.01
2878c01,2877,16,0.6667,6.02
2878c01,4175,14,0.5833,8.37
2878c01,2921,12,0.5000,9.89
2878c01,2377,10,0.4167,17.93
2878c01,4862,7,0.2917,11.53
2878c01,6584,6,0.2500,45.72
2878c01,6583,6,0.2500,21.51
2878c01,4510,6,0.2500,5.71
2878c01,4093c,5,0.2083,30.48
2877,2921,36,0.2222,4.39
2877,6232,30,0.1852,4.84
2877,4510,29,0.1790,4.09
2921,30414,40,0.5405,4.35
2921,2877,36,0.4865,4.39
2921,60479,26,0.3514,5.59
2921,6111,26,0.3514,5.09
2921,60897,24,0.3243,4.61
2921,32064a,21,0.2838,4.19
2921,92280,20,0.2703,5.14
2921,30136,20,0.2703,5.07
2921,85861,20,0.2703,4.54
2921,47905,19,0.2568,6.06
2921,4510,19,0.2568,5.87
2921,61252,18,0.2432,4.24
2972,2877,4,1.0000,9.03
2972,4079,4,1.0000,7.21
2972,3626bp01,4,1.0000,4.64
2972,3794a,4,1.0000,4.62
4092a,4022,23,0.8214,35.35
4092a,2920,20,0.7143,33.71
4092a,4079,18,0.6429,4.63
4092a,2878c01,17,0.6071,37.01
4092a,2877,17,0.6071,5.48
4092a,4175,13,0.4643,6.66
4092a,3624,12,0.4286,6.03
4092a,4183,10,0.3571,32.66
4092a,2921,10,0.3571,7.06
4092a,3901,9,0.3214,4.85
4092a,6584,8,0.2857,52.25
4092a,4093c,8,0.2857,41.80
3957b,15573,24,0.5854,4.95
3957b,87087,23,0.5610,4.74
3957b,63864,22,0.5366,4.41
3957b,85861,21,0.5122,8.61
3957b,11211,20,0.4878,5.62
3957b,15712,19,0.4634,6.65
3957b,60897,19,0.4634,6.58
3957b,87580,19,0.4634,5.14
3957b,63868,18,0.4390,6.06
3957b,59900,18,0.4390,4.56
3957b,99780,17,0.4146,4.74
3957b,88072,16,0.3902,8.92
3065,4865b,25,0.3846,5.46
3065,60479,21,0.3231,5.14
3065,64644,17,0.2615,5.71
3065,85861,16,0.2462,4.14
3065,30136,15,0.2308,4.33
3065,4599b,14,0.2154,5.00
3065,15535,13,0.2000,4.72
3065,3747b,13,0.2000,4.72
3065,18674,13,0.2000,4.37
3065,4510,12,0.1846,4.22
3065,41539,11,0.1692,6.52
3065,87552,11,0.1692,4.95
4865b,87580,57,0.5534,6.13
4865b,87087,56,0.5437,4.60
4865b,63864,55,0.5340,4.39
4865b,15573,50,0.4854,4.11
4865b,59900,47,0.4563,4.73
4865b,6231,46,0.4466,4.54
4865b,60479,42,0.4078,6.48
4865b,60897,40,0.3883,5.52
4865b,11211,40,0.3883,4.47
4865b,63868,35,0.3398,4.69
4865b,4599b,33,0.3204,7.44
4865b,61252,33,0.3204,5.58
3709b,3701,70,0.6306,5.18
3709b,3738,67,0.6036,10.15
3709b,3702,56,0.5045,6.42
3709b,3707,55,0.4955,4.62
3709b,3894,46,0.4144,5.46
3709b,3703,45,0.4054,6.82
3709b,3737,45,0.4054,4.71
3709b,3647,43,0.3874,6.91
3709b,3895,43,0.3874,6.37
3709b,3708,39,0.3514,4.47
3709b,3648a,31,0.2793,11.35
3709b,3651,31,0.2793,8.69
3738,3709b,67,0.7701,10.15
3738,3701,60,0.6897,5.67
3738,3706,56,0.6437,4.06
3738,3702,48,0.5517,7.02
3738,3707,47,0.5402,5.03
3738,3737,43,0.4943,5.74
3738,3894,42,0.4828,6.36
3738,3895,39,0.4483,7.37
3738,3647,37,0.4253,7.59
3738,3703,37,0.4253,7.15
3738,3708,31,0.3563,4.53
3738,3651,28,0.3218,10.02
3787,3641,22,0.6111,5.02
3787,122c01,18,0.5000,10.16
3787,3821,17,0.4722,4.93
3787,3823,17,0.4722,4.93
3787,3822,17,0.4722,4.83
3787,4213,14,0.3889,4.31
3787,4214,12,0.3333,6.97
3787,3730,10,0.2778,9.03
3787,4081a,10,0.2778,5.81
3787,4084,9,0.2500,6.77
3787,3731,7,0.1944,10.54
3787,4211,7,0.1944,4.38
3821,3822,140,1.0000,10.23
3821,3823,94,0.6714,7.02
3821,4213,72,0.5143,5.70
3821,4214,56,0.4000,8.36
3821,4211,46,0.3286,7.40
3821,6015,40,0.2857,4.27
3821,2349a,30,0.2143,6.82
3821,2348b,28,0.2000,6.80
3821,4084,26,0.1857,5.03
3821,3070a,26,0.1857,4.85
3821,4212b,22,0.1571,6.97
3821,4215a,22,0.1571,5.11
3822,3821,140,0.9790,10.23
3822,3823,94,0.6573,6.87
3822,4213,72,0.5035,5.58
3822,4214,56,0.3916,8.18
3822,4211,46,0.3217,7.24
3822,6015,40,0.2797,4.18
3822,2349a,30,0.2098,6.67
3822,2348b,28,0.1958,6.66
3822,4084,26,0.1818,4.93
3822,3070a,26,0.1818,4.75
3822,4212b,22,0.1538,6.82
3822,4215a,22,0.1538,5.00
3823,3821,94,0.6714,7.02
3823,3822,94,0.6714,6.87
3823,4213,81,0.5786,6.41
3823,3788,79,0.5643,4.86
3823,3641,71,0.5071,4.17
3823,4214,64,0.4571,9.55
3823,4211,57,0.4071,9.16
3823,4315,53,0.3786,4.01
3823,6015,38,0.2714,4.05
3823,4084,37,0.2643,7.16
3823,4083,35,0.2500,4.16
3823,2348b,33,0.2357,8.02
3901,4079,68,0.7010,5.05
3901,3624,33,0.3402,4.79
3901,4530,31,0.3196,10.87
3901,4625,23,0.2371,4.82
3901,3857,20,0.2062,6.42
3901,3070a,19,0.1959,5.12
3901,3680c01,18,0.1856,4.76
3901,3626bp04,17,0.1753,4.93
3901,2437,17,0.1753,4.93
3901,973p18,16,0.1649,10.97
3901,4215a,16,0.1649,5.36
3901,3855b,15,0.1546,10.28
4079,3901,68,0.3350,5.05
4079,3624,60,0.2956,4.16
3937,3938,192,0.6621,4.75
3937,6134,110,0.3793,4.83
3938,3937,192,0.9412,4.75
3962a,3838,36,0.6667,7.45
3962a,3959,18,0.3333,7.07
3962a,4085a,17,0.3148,6.87
3962a,3956,17,0.3148,5.29
3962a,3680,17,0.3148,4.70
3962a,3679,17,0.3148,4.61
3962a,3842a,16,0.2963,9.03
3962a,4590,16,0.2963,6.11
3962a,3963,15,0.2778,9.45
3962a,3039p34,15,0.2778,9.24
3962a,4006,15,0.2778,6.35
3962a,973p90,14,0.2593,10.54
4349,4085b,18,0.2278,4.33
4349,4625,17,0.2152,4.37
4349,3959,15,0.1899,4.03
4349,3070a,13,0.1646,4.30
4349,4215a,12,0.1519,4.94
4349,4095,12,0.1519,4.73
4349,3962a,12,0.1519,4.12
4175,3624,32,0.3137,4.41
4175,4084,24,0.2353,6.37
4175,4214,22,0.2157,4.51
4175,4081a,21,0.2059,4.30
4175,4022,17,0.1667,7.17
4175,3853,16,0.1569,4.25
4175,3680c01,16,0.1569,4.03
4600,4624,101,0.6352,5.84
4600,4213,59,0.3711,4.11
4600,6015,49,0.3082,4.60
4600,4211,36,0.2264,5.10
4600,4214,36,0.2264,4.73
4600,3070a,26,0.1635,4.27
4592,4593,198,1.0000,7.39
4593,4592,198,1.0000,7.39
122c01,3641,54,0.7500,6.16
122c01,3823,31,0.4306,4.50
122c01,3624,26,0.3611,5.08
122c01,4084,22,0.3056,8.28
122c01,4211,20,0.2778,6.25
122c01,3842a,19,0.2639,8.04
122c01,3787,18,0.2500,10.16
122c01,4214,17,0.2361,4.93
122c01,973p90,15,0.2083,8.47
122c01,3853,14,0.1944,5.27
122c01,4085a,14,0.1944,4.25
122c01,3039p34,12,0.1667,5.54
3624,4079,60,0.5769,4.16
3624,3901,33,0.3173,4.79
3624,4175,32,0.3077,4.41
3624,3853,26,0.2500,6.77
3624,122c01,26,0.2500,5.08
3624,3680c01,23,0.2212,5.68
3624,4211,20,0.1923,4.33
3624,973p1f,18,0.1731,13.33
3624,973p18,18,0.1731,11.51
3624,4215a,18,0.1731,5.63
3624,4084,18,0.1731,4.69
3624,3962b,17,0.1635,4.27
3641,4624,105,0.5899,5.43
3641,3788,85,0.4775,4.11
3641,3823,71,0.3989,4.17
3641,122c01,54,0.3034,6.16
3641,4211,34,0.1910,4.30
3006,2456,32,0.5079,5.50
3006,3007,25,0.3968,6.38
3006,6111,21,0.3333,4.83
3006,2465,20,0.3175,4.69
3006,3028,20,0.3175,4.64
3006,32018,15,0.2381,6.01
3006,6112,15,0.2381,5.05
3006,6179,15,0.2381,4.52
3006,3703,15,0.2381,4.00
3006,54383,13,0.2063,5.81
3006,6232,13,0.2063,5.39
3006,2730,13,0.2063,4.57
3007,2456,41,0.4505,4.88
3007,2465,31,0.3407,5.03
3007,3297,28,0.3077,4.50
3007,6111,27,0.2967,4.30
3007,3006,25,0.2747,6.38
3007,6179,24,0.2637,5.01
3007,60479,23,0.2527,4.02
3007,6232,20,0.2198,5.74
3007,6112,20,0.2198,4.66
3007,2458,20,0.2198,4.07
3007,32018,19,0.2088,5.27
3007,4510,18,0.1978,4.52
3068a,3062a,7,0.5385,23.87
3068a,3144,6,0.4615,56.27
3068a,3081cc01,5,0.3846,25.58
3068a,3137c01,4,0.3077,32.15
3068a,3069a,4,0.3077,28.13
3068a,3063b,4,0.3077,10.98
3068a,3006,4,0.3077,7.15
3068a,3007,4,0.3077,4.95
3069a,3007,8,0.5000,8.04
3069a,3062a,7,0.4375,19.40
3069a,3070a,5,0.3125,8.16
3069a,3006,5,0.3125,7.26
3069a,3068a,4,0.2500,28.13
3069a,3626a,4,0.2500,19.25
3069a,3081cc01,4,0.2500,16.62
3069a,3040a,4,0.2500,10.16
3455,3037,19,0.5000,4.06
3455,3033,17,0.4474,4.71
3455,6111,14,0.3684,5.34
3455,3901,13,0.3421,5.16
3455,3297,13,0.3421,5.00
3455,3185,12,0.3158,11.27
3455,3960,12,0.3158,5.70
3455,3857,11,0.2895,9.01
3455,3633,11,0.2895,4.81
3455,2465,11,0.2895,4.28
3455,3028,11,0.2895,4.24
3455,3659,10,0.2632,4.64
3475a,4859,6,0.5000,6.77
3475a,3838,6,0.5000,5.58
3475a,2569,5,0.4167,7.34
3475a,4315,5,0.4167,4.42
3475a,4591,4,0.3333,19.51
3475a,3006,4,0.3333,7.74
3475a,3007,4,0.3333,5.36
3475a,2465,4,0.3333,4.93
3475b,4589,19,0.6552,4.10
3475b,3838,16,0.5517,6.16
3475b,2569,13,0.4483,7.90
3475b,4859,12,0.4138,5.61
3475b,4315,12,0.4138,4.39
3475b,3747a,12,0.4138,4.39
3475b,3956,11,0.3793,6.38
3475b,3839b,10,0.3448,5.15
3475b,4276b,10,0.3448,4.46
3475b,4590,9,0.3103,6.39
3475b,4730,8,0.2759,13.92
3475b,2452,8,0.2759,6.96
3144,3008,12,1.0000,5.19
3144,3068a,6,0.5000,56.27
3144,3036,6,0.5000,4.20
3144,3081cc01,5,0.4167,27.71
3144,3185,5,0.4167,14.87
3144,122c01,5,0.4167,8.47
3144,3027,5,0.4167,6.85
3144,3062a,4,0.3333,14.78
3144,3039p34,4,0.3333,11.08
3144,3853,4,0.3333,9.03
3144,3959,4,0.3333,7.07
3040a,3679,11,0.3056,4.47
3040a,3647,10,0.2778,4.96
3040a,3738,10,0.2778,4.67
3040a,3680,10,0.2778,4.15
3040a,3648a,9,0.2500,10.16
3040a,3651,9,0.2500,7.78
3040a,3482,9,0.2500,7.46
3040a,3038,9,0.2500,4.52
3040a,3956,9,0.2500,4.20
3040a,3062a,8,0.2222,9.85
3040a,3736,7,0.1944,16.73
3040a,3650a,7,0.1944,14.97
3062a,3063b,9,0.2727,9.73
3062a,3040a,8,0.2424,9.85
3062a,3068a,7,0.2121,23.87
3062a,3137c01,7,0.2121,22.17
3062a,3069a,7,0.2121,19.40
3062a,3625,6,0.1818,9.85
3062a,3626a,5,0.1515,11.67
3062a,3149e,5,0.1515,10.56
3062a,3081cc01,5,0.1515,10.08
3062a,3651,5,0.1515,4.72
3062a,3482,5,0.1515,4.52
314d,3149e,5,0.5000,34.83
314d,3040a,5,0.5000,20.32
314d,3963,4,0.4000,13.61
314d,3823,4,0.4000,4.18
314d,3821,4,0.4000,4.18
314d,3822,4,0.4000,4.09
7049b,3062a,4,0.6667,29.56
7049b,3040a,4,0.6667,27.09
u9131,3062a,4,1.0000,44.33
3461,3462,12,1.0000,121.92
3461,3481,10,0.8333,93.78
3461,3480,9,0.7500,99.75
3461,3823,8,0.6667,6.97
3461,3747a,7,0.5833,6.18
3461,3842b,6,0.5000,60.96
3461,4213,6,0.5000,5.54
3461,3821,6,0.5000,5.22
3461,3822,6,0.5000,5.12
3461,3853,5,0.4167,11.29
3461,4873,4,0.3333,18.76
3461,4855,4,0.3333,9.75
3462,3461,12,1.0000,121.92
3462,3481,10,0.8333,93.78
3462,3480,9,0.7500,99.75
3462,3823,8,0.6667,6.97
3462,3747a,7,0.5833,6.18
3462,3842b,6,0.5000,60.96
3462,4213,6,0.5000,5.54
3462,3821,6,0.5000,5.22
3462,3822,6,0.5000,5.12
3462,3853,5,0.4167,11.29
3462,4873,4,0.3333,18.76
3462,4855,4,0.3333,9.75
3612,795,6,0.7500,182.88
3612,3957a,6,0.7500,5.33
3612,3613,5,0.6250,101.60
3612,973p90,5,0.6250,25.40
3612,3842a,5,0.6250,19.05
3612,3838,5,0.6250,6.98
3612,4221,4,0.5000,121.92
3612,3039p34,4,0.5000,16.62
3612,3962a,4,0.5000,13.55
3612,3641,4,0.5000,4.11
3613,795,5,0.5556,135.46
3613,3612,5,0.5556,101.60
3613,6048,4,0.4444,92.89
3613,75535,4,0.4444,23.22
3613,3838,4,0.4444,4.96
3613,973,4,0.4444,4.25
795,3612,6,1.0000,182.88
795,3613,5,0.8333,135.46
795,973p90,4,0.6667,27.09
795,3842a,4,0.6667,20.32
795,3838,4,0.6667,7.45
795,3957a,4,0.6667,4.73
15,17,4,1.0000,365.75
15,3626a,4,1.0000,77.00
15,3008,4,1.0000,5.19
17,15,4,1.0000,365.75
17,3626a,4,1.0000,77.00
17,3008,4,1.0000,5.19
3626a,973,9,0.4737,4.53
3626a,3625,6,0.3158,17.11
3626a,3038,6,0.3158,5.70
3626a,3297,6,0.3158,4.62
3626a,3062a,5,0.2632,11.67
3626a,3063b,5,0.2632,9.39
3626a,3007,5,0.2632,4.23
3626a,15,4,0.2105,77.00
3626a,17,4,0.2105,77.00
3626a,3069a,4,0.2105,19.25
3626a,3081cc01,4,0.2105,14.00
3626a,3680c01,4,0.2105,5.40
3299,3297,12,0.9231,13.50
3299,3008,12,0.9231,4.79
3299,3298,11,0.8462,6.28
3299,3300,9,0.6923,44.04
3299,4079,8,0.6154,4.44
3299,3033,7,0.5385,5.67
3299,3624,6,0.4615,6.49
3299,3081cc01,5,0.3846,25.58
3299,3455,5,0.3846,14.81
3299,3853,5,0.3846,10.42
3299,4345ap03,4,0.3077,40.92
3299,4346p03,4,0.3077,37.51
3492c01,3035,5,1.0000,5.50
3492c01,3491,4,0.8000,90.03
3492c01,3037,4,0.8000,6.50
3492c01,3008,4,0.8000,4.15
3010p0d,122c01,5,0.6250,12.70
3010p0d,3788,5,0.6250,5.38
3010p0d,3641,5,0.6250,5.14
3010p0d,3030,4,0.5000,4.25
3625,3624,15,0.5556,7.82
3625,3853,13,0.4815,13.04
3625,973,12,0.4444,4.25
3625,3901,11,0.4074,6.14
3625,3033,11,0.4074,4.29
3625,3297,10,0.3704,5.42
3625,3856,9,0.3333,14.34
3625,3899,9,0.3333,5.48
3625,3680c01,8,0.2963,7.60
3625,122c01,8,0.2963,6.02
3625,3081cc01,7,0.2593,17.24
3625,973p18,7,0.2593,17.24
3058b,3297,4,0.8000,11.70
3058b,3037,4,0.8000,6.50
3471,3625,6,0.5455,29.56
3471,3741ac01,6,0.5455,18.56
3471,3037,6,0.5455,4.43
3471,3081cc01,5,0.4545,30.23
3471,3853,5,0.4545,12.31
3471,3300,4,0.3636,23.13
3471,3038,4,0.3636,6.57
3471,3901,4,0.3636,5.48
3471,3297,4,0.3636,5.32
3471,3624,4,0.3636,5.12
3063b,3038,10,0.2439,4.41
3063b,3062a,9,0.2195,9.73
3063b,30357,8,0.1951,4.02
3063b,3081cc01,7,0.1707,11.35
3063b,3040a,7,0.1707,6.94
3063b,30363,7,0.1707,4.71
3063b,6081,7,0.1707,4.63
3148,3149e,7,0.7778,54.19
3148,3680,6,0.6667,9.95
3148,3679,6,0.6667,9.75
3148,3040a,5,0.5556,22.58
3148,3062a,4,0.4444,19.70
3300,3297,12,0.5217,7.63
3300,3299,9,0.3913,44.04
3300,3901,7,0.3043,4.59
3300,3081cc01,6,0.2609,17.35
3300,3855b,6,0.2609,17.35
3300,4532,5,0.2174,9.94
3300,4533,5,0.2174,8.37
3300,4530,5,0.2174,7.40
3300,3857,5,0.2174,6.77
3300,3853,5,0.2174,5.89
3300,3497,4,0.1739,36.35
3300,3471,4,0.1739,23.13
8,3298,5,0.5556,4.13
8,3624,4,0.4444,6.25
3497,3300,4,0.5714,36.35
3081cc01,3008,18,0.8182,4.24
3081cc01,3037,12,0.5455,4.43
3081cc01,3297,10,0.4545,6.65
3081cc01,3624,10,0.4545,6.39
3081cc01,3038,8,0.3636,6.57
3081cc01,3625,7,0.3182,17.24
3081cc01,3063b,7,0.3182,11.35
3081cc01,3007,7,0.3182,5.12
3081cc01,3901,7,0.3182,4.80
3081cc01,3041,6,0.2727,19.00
3081cc01,3300,6,0.2727,17.35
3081cc01,3185,6,0.2727,9.73
3297,3007,28,0.2800,4.50
3297,6111,28,0.2800,4.06
3297,4510,18,0.1800,4.11
3297,3675,17,0.1700,8.02
31cc01,3081cc01,4,1.0000,66.50
31cc01,3008,4,1.0000,5.19
32cc01,3081cc01,4,1.0000,66.50
32cc01,3036,4,1.0000,8.41
32cc01,3008,4,1.0000,5.19
3137c01,3062a,7,0.5000,22.17
3137c01,3030,7,0.5000,4.25
3137c01,3137c02,4,0.2857,104.50
3137c01,3068a,4,0.2857,32.15
3137c01,3081cc01,4,0.2857,19.00
3629,3069bp03,8,0.4706,68.85
3629,30133,8,0.4706,52.96
3629,30141,8,0.4706,43.03
3629,30132,8,0.4706,31.29
3629,4491b,7,0.4118,54.76
3629,3455,7,0.4118,15.85
3629,973pw5,6,0.3529,86.06
3629,3626bpw1,6,0.3529,73.76
3629,973p18,6,0.3529,23.47
3629,3857,6,0.3529,10.99
3629,3901,6,0.3529,5.32
3629,30139,5,0.2941,86.06
3581,3582,15,0.4839,47.19
3581,3644,14,0.4516,47.19
3581,3033,12,0.3871,4.07
3581,3853,11,0.3548,9.61
3581,3626ap01,10,0.3226,6.65
3581,3027,10,0.3226,5.30
3581,3901,9,0.2903,4.38
3581,3679,9,0.2903,4.25
3581,3624,9,0.2903,4.08
3581,3854,8,0.2581,17.16
3581,3857,8,0.2581,8.03
3581,4085b,8,0.2581,4.90
3582,3581,15,1.0000,47.19
3582,3641,8,0.5333,4.38
3582,3901,7,0.4667,7.04
3582,4315,7,0.4667,4.95
3582,3788,7,0.4667,4.02
3582,3027,6,0.4000,6.58
3582,3624,6,0.4000,5.63
3582,973p18,5,0.3333,22.17
3582,3900,5,0.3333,12.83
3582,3857,5,0.3333,10.38
3582,3626ap01,5,0.3333,6.87
3582,4625,5,0.3333,6.77
3184,4276b,6,0.4615,5.98
3184,3747a,6,0.4615,4.89
3184,3581,5,0.3846,18.15
3184,2452,5,0.3846,9.70
3184,4315,5,0.3846,4.08
3184,3582,4,0.3077,30.01
3184,4504,4,0.3077,22.51
3184,2466,4,0.3077,17.31
3184,3942b,4,0.3077,14.52
3184,3730,4,0.3077,10.00
3184,3857,4,0.3077,9.58
3184,4854,4,0.3077,7.03
4212a,3823,9,1.0000,10.45
4212a,3788,9,1.0000,8.61
4212a,3829c01,8,0.8889,4.14
4212a,3626bp01,8,0.8889,4.13
4212a,3821,7,0.7778,8.13
4212a,3822,7,0.7778,7.96
4212a,3641,6,0.6667,5.48
4212a,2348b,4,0.4444,15.12
4212a,2349a,4,0.4444,14.14
4212a,4084,4,0.4444,12.04
4212a,4213,4,0.4444,4.93
4212a,4600,4,0.4444,4.09
3644,3581,14,1.0000,47.19
3644,3008,12,0.8571,4.45
3644,3854,8,0.5714,38.00
3644,3853,8,0.5714,15.48
3644,3033,7,0.5000,5.26
3644,3830,6,0.4286,9.36
3644,3831,6,0.4286,9.36
3644,4493c02,5,0.3571,27.50
3644,73037,5,0.3571,23.75
3644,3626ap01,5,0.3571,7.36
3644,3027,5,0.3571,5.87
3644,3679,5,0.3571,5.22
3854,3008,22,1.0000,5.19
3854,3853,18,0.8182,22.17
3854,3624,11,0.5000,7.03
3854,3297,10,0.4545,6.65
3854,3033,10,0.4545,4.78
3854,973,10,0.4545,4.35
3854,3007,9,0.4091,6.58
3854,3644,8,0.3636,38.00
3854,3581,8,0.3636,17.16
3854,3856,7,0.3182,13.69
3854,3455,7,0.3182,12.25
3854,3185,7,0.3182,11.35
3811,3035,14,0.7778,4.28
3811,3680,12,0.6667,9.95
3811,3679,12,0.6667,9.75
3811,4282,10,0.5556,4.96
3811,3036,9,0.5000,4.20
3811,4216,8,0.4444,22.42
3811,60596,7,0.3889,12.64
3811,3038,7,0.3889,7.02
3811,87580,7,0.3889,4.31
3811,60623,6,0.3333,19.51
3811,98283,6,0.3333,12.50
3811,3626c,6,0.3333,11.61
3853,3856,34,0.6296,27.09
3853,3624,26,0.4815,6.77
3853,3823,22,0.4074,4.26
3853,4213,21,0.3889,4.31
3853,3854,18,0.3333,22.17
3853,4175,16,0.2963,4.25
3853,3680c01,15,0.2778,7.13
3853,4214,14,0.2593,5.42
3853,122c01,14,0.2593,5.27
3853,3625,13,0.2407,13.04
3853,3039p34,13,0.2407,8.00
3853,3581,11,0.2037,9.61
004659a,3835,5,1.0000,48.77
004659a,3823,5,1.0000,10.45
004659a,3834,4,0.8000,45.02
004659a,3788,4,0.8000,6.88
3834,3835,15,0.5769,28.13
3834,3823,14,0.5385,5.63
3834,3838,13,0.5000,5.58
3834,973p21,12,0.4615,48.23
3834,4599a,12,0.4615,5.87
3834,4213,10,0.3846,4.26
3834,4083,9,0.3462,5.75
3834,6015,9,0.3462,5.17
3834,2584,8,0.3077,15.52
3834,2585,8,0.3077,12.50
3834,4210a,7,0.2692,17.90
3834,3680c01,7,0.2692,6.91
3835,3834,15,0.5000,28.13
3835,3837,11,0.3667,7.15
3835,4599a,11,0.3667,4.66
3835,30136,7,0.2333,4.38
3835,973p21,6,0.2000,20.90
3835,4210a,6,0.2000,13.30
3835,2584,6,0.2000,10.09
3835,2585,6,0.2000,8.13
3835,4345b,6,0.2000,5.97
3835,3836,6,0.2000,5.13
3835,3680c01,6,0.2000,5.13
3835,004659a,5,0.1667,48.77
2431p02,2436a,7,0.8750,5.45
2431p02,3002,7,0.8750,4.16
2431p02,3709b,6,0.7500,9.89
2431p02,4213,6,0.7500,8.31
2431p02,3641,6,0.7500,6.16
2431p02,4865a,6,0.7500,5.38
2431p02,4081b,6,0.7500,4.39
2431p02,2348b,5,0.6250,21.26
2431p02,2349a,5,0.6250,19.88
2431p02,3070a,5,0.6250,16.33
2431p02,4211,5,0.6250,14.07
2431p02,2460,5,0.6250,10.27
2584,2585,29,1.0000,40.64
2584,2436a,19,0.6552,4.08
2584,2432,17,0.5862,4.25
2584,4599a,16,0.5517,7.02
2584,4085c,16,0.5517,5.04
2584,6015,14,0.4828,7.21
2584,4213,14,0.4828,5.35
2584,3821,14,0.4828,5.04
2584,3822,14,0.4828,4.94
2584,4600,14,0.4828,4.44
2584,3823,13,0.4483,4.68
2584,4315,11,0.3793,4.02
2513,3829c01,11,1.0000,4.66
2513,3788,10,0.9091,7.82
2513,4624,9,0.8182,7.53
2513,3641,9,0.8182,6.72
2513,4315,8,0.7273,7.71
2513,4212b,7,0.6364,28.21
2513,2437,7,0.6364,17.90
2513,3823,7,0.6364,6.65
2513,3821,7,0.6364,6.65
2513,3822,7,0.6364,6.51
2513,4865a,7,0.6364,4.56
2513,3626bp04,6,0.5455,15.35
2585,2584,29,0.8056,40.64
2585,2432,23,0.6389,4.63
2585,4085c,19,0.5278,4.83
2585,4599a,18,0.5000,6.36
2585,6015,17,0.4722,7.05
2585,3821,16,0.4444,4.64
2585,3822,16,0.4444,4.55
2585,4213,15,0.4167,4.62
2585,3823,14,0.3889,4.06
2585,2465,12,0.3333,4.93
2585,30395,11,0.3056,12.77
2585,3070a,11,0.3056,7.98
3068bp06,4213,10,1.0000,11.08
3068bp06,3823,10,1.0000,10.45
3068bp06,3821,9,0.9000,9.41
3068bp06,3822,9,0.9000,9.21
3068bp06,4211,8,0.8000,18.01
3068bp06,4600,8,0.8000,7.36
3068bp06,3788,8,0.8000,6.88
3068bp06,4865a,8,0.8000,5.74
3068bp06,4085c,7,0.7000,6.40
3068bp06,4214,6,0.6000,12.54
3068bp06,4599a,6,0.6000,7.63
3068bp06,4624,6,0.6000,5.52
4210a,4213,17,0.7727,8.56
4210a,3823,14,0.6364,6.65
4210a,4600,12,0.5455,5.02
4210a,4211,11,0.5000,11.25
4210a,3821,11,0.5000,5.22
4210a,3822,11,0.5000,5.12
4210a,4214,10,0.4545,9.50
4210a,4083,10,0.4545,7.56
4210a,4085c,10,0.4545,4.16
4210a,4208,9,0.4091,42.75
4210a,4175,9,0.4091,5.87
4210a,4599a,9,0.4091,5.20
4504,4275b,13,0.6500,11.60
4504,4276b,13,0.6500,8.42
4504,4589,13,0.6500,4.06
4504,2452,10,0.5000,12.61
4504,3747a,9,0.4500,4.77
4504,4315,9,0.4500,4.77
4504,4625,8,0.4000,8.13
4504,4213,8,0.4000,4.43
4504,3679,7,0.3500,5.12
4504,2362a,6,0.3000,17.56
4504,4854,6,0.3000,6.86
4504,4531,6,0.3000,5.93
4212b,3788,27,0.8182,7.04
4212b,3823,25,0.7576,7.92
4212b,3641,23,0.6970,5.73
4212b,3821,22,0.6667,6.97
4212b,3822,22,0.6667,6.82
4212b,4213,20,0.6061,6.72
4212b,4315,19,0.5758,6.10
4212b,4624,18,0.5455,5.02
4212b,4600,15,0.4545,4.18
4212b,4083,13,0.3939,6.55
4212b,3901,12,0.3636,5.48
4212b,6015,11,0.3333,4.98
4599a,3070a,21,0.1826,4.77
4599a,2585,18,0.1565,6.36
4599a,4864b,18,0.1565,4.40
3039p34,3957a,30,0.6818,4.84
3039p34,4079,25,0.5682,4.09
3039p34,3641,23,0.5227,4.30
3039p34,3039p23,21,0.4773,20.54
3039p34,3956,20,0.4545,7.64
3039p34,3838,20,0.4545,5.08
3039p34,3842a,17,0.3864,11.78
3039p34,973p90,16,0.3636,14.78
3039p34,3963,16,0.3636,12.37
3039p34,3962a,15,0.3409,9.24
3039p34,4175,15,0.3409,4.89
3039p34,3680c01,14,0.3182,8.17
3962b,4085c,30,0.5357,4.90
3962b,3823,25,0.4464,4.67
3962b,4213,21,0.3750,4.16
3962b,6015,19,0.3393,5.07
3962b,4488,17,0.3036,5.29
3962b,3624,17,0.3036,4.27
3962b,3070a,15,0.2679,7.00
3962b,4211,15,0.2679,6.03
3962b,4214,14,0.2500,5.22
3962b,4083,14,0.2500,4.16
3962b,4625,13,0.2321,4.72
3962b,2479,10,0.1786,7.92
3068bp05,3829c01,7,1.0000,4.66
3068bp05,4213,6,0.8571,9.50
3068bp05,3823,6,0.8571,8.96
3068bp05,3068bp06,5,0.7143,104.50
3068bp05,4211,5,0.7143,16.08
3068bp05,4214,5,0.7143,14.93
3068bp05,4600,5,0.7143,6.57
3068bp05,4085c,5,0.7143,6.53
3068bp05,3069bp09,4,0.5714,76.00
3068bp05,6015,4,0.5714,8.53
3068bp05,3821,4,0.5714,5.97
3068bp05,3822,4,0.5714,5.85
3314,3317,13,1.0000,97.53
3314,784,8,0.6154,100.03
3314,4084,6,0.4615,12.50
3314,3833,6,0.4615,9.25
3314,3837,5,0.3846,7.50
3314,2347,4,0.3077,112.54
3314,3062a,4,0.3077,13.64
3314,3482,4,0.3077,9.19
3314,6015,4,0.3077,4.59
3314,4175,4,0.3077,4.41
3317,3314,13,0.8667,97.53
3317,784,8,0.5333,86.70
3317,4084,6,0.4000,10.84
3317,3833,6,0.4000,8.02
3317,3837,5,0.3333,6.50
3317,2347,4,0.2667,97.53
3317,3062a,4,0.2667,11.82
3317,3482,4,0.2667,7.96
784,3314,8,0.8889,100.03
784,3317,8,0.8889,86.70
784,3641,5,0.5556,4.57
784,4084,4,0.4444,12.04
784,3833,4,0.4444,8.91
4211,3823,57,0.8769,9.16
4211,4213,48,0.7385,8.18
4211,3821,46,0.7077,7.40
4211,3822,46,0.7077,7.24
4211,4214,38,0.5846,12.22
4211,4600,36,0.5538,5.10
4211,3641,34,0.5231,4.30
4211,3788,32,0.4923,4.24
4211,6015,25,0.3846,5.74
4211,122c01,20,0.3077,6.25
4211,3624,20,0.3077,4.33
4211,4084,19,0.2923,7.92
4624,3641,105,0.6604,5.43
4624,4600,101,0.6352,5.84
4624,4625,34,0.2138,4.35
4624,2349a,29,0.1824,5.80
4624,2441,28,0.1761,8.88
4624,2348b,26,0.1635,5.56
4624,4084,26,0.1635,4.43
4624,3730,25,0.1572,5.11
4624,2433,24,0.1509,4.60
4624,2437,24,0.1509,4.25
973p21,3834,12,0.8571,48.23
973p21,3823,10,0.7143,7.46
973p21,4213,9,0.6429,7.13
973p21,3788,7,0.5000,4.30
973p21,3641,7,0.5000,4.11
973p21,3835,6,0.4286,20.90
973p21,4084,6,0.4286,11.61
973p21,4211,6,0.4286,9.65
973p21,4210a,5,0.3571,23.75
973p21,3962a,5,0.3571,9.68
973p21,4085a,5,0.3571,7.80
973p21,3626ap01,5,0.3571,7.36
4084,3829c01,47,0.8704,4.06
4084,3823,37,0.6852,7.16
4084,4214,29,0.5370,11.22
4084,4213,29,0.5370,5.95
4084,3821,26,0.4815,5.03
4084,3822,26,0.4815,4.93
4084,4624,26,0.4815,4.43
4084,4175,24,0.4444,6.37
4084,122c01,22,0.4074,8.28
4084,4211,19,0.3519,7.92
4084,3833,18,0.3333,6.68
4084,3624,18,0.3333,4.69
3833,3837,21,0.2877,5.61
3833,3815b,19,0.2603,4.76
3833,4084,18,0.2466,6.68
3833,4083,18,0.2466,4.10
3833,973p8g,11,0.1507,15.75
3833,4215a,11,0.1507,4.90
3837,3836,37,0.4933,12.66
3837,3833,21,0.2800,5.61
3841,3837,10,0.5263,10.27
3841,30141,6,0.3158,28.87
3841,4083,6,0.3158,5.25
3841,4599a,6,0.3158,4.02
3841,3835,5,0.2632,12.83
3841,3581,5,0.2632,12.42
3841,4085a,5,0.2632,5.75
3841,4733,5,0.2632,4.05
3841,6083,4,0.2105,30.80
3841,2524,4,0.2105,20.53
3841,30132,4,0.2105,14.00
3841,6020,4,0.2105,10.62
3836,3837,37,0.6491,12.66
3836,60596,14,0.2456,7.99
3836,92280,12,0.2105,4.00
3836,4346,10,0.1754,5.46
3836,4345b,10,0.1754,5.24
3836,87552,10,0.1754,5.13
3836,60623,9,0.1579,9.24
3836,60592,9,0.1579,6.24
3836,98283,9,0.1579,5.92
3836,3626c,9,0.1579,5.50
3836,2349a,9,0.1579,5.02
4275b,4276b,64,0.7805,10.10
4275b,4531,41,0.5000,9.89
4275b,4315,32,0.3902,4.14
4275b,2419,26,0.3171,4.78
4275b,4859,25,0.3049,4.13
4275b,2569,21,0.2561,4.51
4275b,2452,18,0.2195,5.54
4275b,4625,18,0.2195,4.46
4275b,4085b,18,0.2195,4.17
4275b,4730,17,0.2073,10.46
4275b,2466,16,0.1951,10.98
4275b,4595,16,0.1951,5.01
3470,3633,5,0.8333,13.85
3470,3008,5,0.8333,4.32
3470,3853,4,0.6667,18.06
3470,122c01,4,0.6667,13.55
3470,3624,4,0.6667,9.38
3470,3030,4,0.6667,5.67
3470,3641,4,0.6667,5.48
3680c01,3624,23,0.4035,5.68
3680c01,3033,22,0.3860,4.06
3680c01,3823,22,0.3860,4.03
3680c01,3901,18,0.3158,4.76
3680c01,3070a,17,0.2982,7.79
3680c01,4175,16,0.2807,4.03
3680c01,3853,15,0.2632,7.13
3680c01,3039p34,14,0.2456,8.17
3680c01,4214,13,0.2281,4.77
3680c01,4084,12,0.2105,5.70
3680c01,122c01,12,0.2105,4.28
3680c01,3039p23,11,0.1930,8.30
3857,3008,38,0.8085,4.19
3857,4282,22,0.4681,4.18
3857,3901,20,0.4255,6.42
3857,3033,20,0.4255,4.48
3857,6111,18,0.3830,5.55
3857,4599a,16,0.3404,4.33
3857,4530,15,0.3191,10.86
3857,3633,15,0.3191,5.31
3857,3027,15,0.3191,5.25
3857,2465,15,0.3191,4.72
3857,3680,13,0.2766,4.13
3857,3028,13,0.2766,4.05
3010p04,3956,9,0.8182,13.76
3010p04,3938,9,0.8182,5.87
3010p04,3957a,9,0.8182,5.81
3010p04,3937,9,0.8182,4.13
3010p04,3838,8,0.7273,8.12
3010p04,3939,7,0.6364,38.79
3010p04,3963,7,0.6364,21.65
3010p04,973p90,6,0.5455,22.17
3010p04,3842a,6,0.5455,16.62
3010p04,4085a,6,0.5455,11.91
3010p04,3298,6,0.5455,4.05
3010p04,3943b,5,0.4545,20.15
3185,3033,18,0.4390,4.62
3185,3901,13,0.3171,4.78
3185,4599a,13,0.3171,4.03
3185,3455,12,0.2927,11.27
3185,3633,12,0.2927,4.87
3185,3857,11,0.2683,8.35
3185,3899,11,0.2683,4.41
3185,3027,10,0.2439,4.01
3185,3900,8,0.1951,7.51
3185,3854,7,0.1707,11.35
3185,3853,7,0.1707,4.63
3185,3680c01,7,0.1707,4.38
3027,4510,18,0.2022,4.62
3027,3857,15,0.1685,5.25
3633,3857,15,0.1705,5.31
3665b,87580,11,0.3793,4.20
3665b,3659,10,0.3448,6.08
3665b,61252,10,0.3448,6.01
3665b,60479,10,0.3448,5.48
3665b,4865b,10,0.3448,4.90
3665b,3830,9,0.3103,6.78
3665b,3831,9,0.3103,6.78
3665b,99781,8,0.2759,4.69
3665b,99207,8,0.2759,4.39
3665b,2436b,7,0.2414,6.20
3665b,14719,7,0.2414,4.77
3665b,98283,6,0.2069,7.76
3659,59900,35,0.4217,4.38
3659,87580,30,0.3614,4.01
3659,60479,28,0.3373,5.36
3659,4865b,27,0.3253,4.62
3659,85861,24,0.2892,4.86
3659,60897,24,0.2892,4.11
3659,3830,23,0.2771,6.05
3659,3831,23,0.2771,6.05
3659,93273,23,0.2771,4.05
3659,4490,22,0.2651,9.46
3659,64644,22,0.2651,5.79
3659,60596,21,0.2530,8.23
3830,3831,67,1.0000,21.84
3830,3659,23,0.3433,6.05
3830,3959,17,0.2537,5.38
3830,3956,17,0.2537,4.27
3830,30136,16,0.2388,4.48
3830,2339,15,0.2239,9.36
3830,60596,15,0.2239,7.28
3830,60594,14,0.2090,8.26
3830,4490,14,0.2090,7.46
3830,4599b,14,0.2090,4.85
3830,4085a,13,0.1940,4.24
3830,60592,12,0.1791,7.08
3831,3830,67,1.0000,21.84
3831,3659,23,0.3433,6.05
3831,3959,17,0.2537,5.38
3831,3956,17,0.2537,4.27
3831,30136,16,0.2388,4.48
3831,2339,15,0.2239,9.36
3831,60596,15,0.2239,7.28
3831,60594,14,0.2090,8.26
3831,4490,14,0.2090,7.46
3831,4599b,14,0.2090,4.85
3831,4085a,13,0.1940,4.24
3831,60592,12,0.1791,7.08
3480,3481,11,1.0000,112.54
3480,3461,9,0.8182,99.75
3480,3462,9,0.8182,99.75
3480,3823,7,0.6364,6.65
3480,3842b,5,0.4545,55.42
3480,4213,5,0.4545,5.04
3480,3747a,5,0.4545,4.82
3480,4873,4,0.3636,20.46
3480,4855,4,0.3636,10.64
3480,4085b,4,0.3636,6.91
3480,4349,4,0.3636,6.73
3480,3624,4,0.3636,5.12
3481,3480,11,0.8462,112.54
3481,3461,10,0.7692,93.78
3481,3462,10,0.7692,93.78
3481,3823,8,0.6154,6.43
3481,3842b,6,0.4615,56.27
3481,4213,6,0.4615,5.12
3481,3747a,6,0.4615,4.89
3481,3821,5,0.3846,4.02
3481,4873,4,0.3077,17.31
3481,3039p34,4,0.3077,10.23
3481,4855,4,0.3077,9.00
3481,3853,4,0.3077,8.34
3747a,4315,53,0.3841,4.07
3747a,4859,41,0.2971,4.02
3747a,2452,24,0.1739,4.39
3747a,3933,23,0.1667,4.60
3747a,3934,23,0.1667,4.60
3842a,3838,36,0.7500,8.38
3842a,973p90,35,0.7292,29.63
3842a,3957a,32,0.6667,4.73
3842a,3641,24,0.5000,4.11
3842a,3956,20,0.4167,7.01
3842a,3963,19,0.3958,13.47
3842a,122c01,19,0.3958,8.04
3842a,3959,18,0.3750,7.95
3842a,3039p34,17,0.3542,11.78
3842a,3962a,16,0.3333,9.03
3842a,4085a,14,0.2917,6.37
3842a,3839a,13,0.2708,9.91
3956,3838,45,0.5172,5.78
3956,3839b,28,0.3218,4.80
3956,3959,26,0.2989,6.34
3956,3960,25,0.2874,5.19
3956,3963,23,0.2644,8.99
3956,3933,21,0.2414,6.66
3956,3934,21,0.2414,6.66
3956,4229,20,0.2299,9.89
3956,3039p34,20,0.2299,7.64
3956,3842a,20,0.2299,7.01
3956,3943b,19,0.2184,9.68
3956,973p90,19,0.2184,8.88
3959,3838,39,0.5652,6.31
3959,3956,26,0.3768,6.34
3959,3839b,19,0.2754,4.11
3959,3963,18,0.2609,8.88
3959,3842a,18,0.2609,7.95
3959,3962a,18,0.2609,7.07
3959,3960,18,0.2609,4.71
3959,973p90,17,0.2464,10.01
3959,4085a,17,0.2464,5.38
3959,3830,17,0.2464,5.38
3959,3831,17,0.2464,5.38
3959,3933,16,0.2319,6.40
4081a,4175,21,0.3000,4.30
4081a,4085a,18,0.2571,5.61
4081a,4214,16,0.2286,4.78
4081a,4084,15,0.2143,5.81
4081a,3842a,12,0.1714,5.22
4081a,44674,12,0.1714,4.40
4081a,973p90,11,0.1571,6.39
4081a,3039p34,11,0.1571,5.23
4081a,51719,11,0.1571,4.18
4085a,3957a,39,0.5821,4.13
4085a,4081a,18,0.2687,5.61
4085a,3962a,17,0.2537,6.87
4085a,3959,17,0.2537,5.38
4085a,3626ap01,17,0.2537,5.23
4085a,3963,16,0.2388,8.12
4085a,3039p34,14,0.2090,6.95
4085a,3842a,14,0.2090,6.37
4085a,122c01,14,0.2090,4.25
4085a,3830,13,0.1940,4.24
4085a,3831,13,0.1940,4.24
4085a,973p90,12,0.1791,7.28
4284,4213,6,1.0000,11.08
4284,4315,6,1.0000,10.60
4284,3624,5,0.8333,11.72
4284,3962a,4,0.6667,18.06
4284,4081a,4,0.6667,13.93
4284,4175,4,0.6667,9.56
4284,4079,4,0.6667,4.80
3149e,3680,11,0.5238,7.82
3149e,3679,11,0.5238,7.66
3149e,3838,9,0.4286,4.79
3149e,3148,7,0.3333,54.19
3149e,122c01,7,0.3333,6.77
3149e,3962a,6,0.2857,7.74
3149e,4083,6,0.2857,4.75
3149e,314d,5,0.2381,34.83
3149e,3403,5,0.2381,18.33
3149e,3404,5,0.2381,17.42
3149e,3942b,5,0.2381,11.24
3149e,3062a,5,0.2381,10.56
3403,3404,19,1.0000,73.15
3403,3957a,11,0.5789,4.11
3403,3956,8,0.4211,7.08
3403,3747a,8,0.4211,4.46
3403,2452,7,0.3684,9.29
3403,4276b,7,0.3684,4.77
3403,3838,7,0.3684,4.11
3403,3963,6,0.3158,10.74
3403,4085a,6,0.3158,6.90
3403,4275b,6,0.3158,5.63
3403,2569,6,0.3158,5.57
3403,2419,6,0.3158,4.76
3404,3403,19,0.9500,73.15
3404,3957a,12,0.6000,4.26
3404,3956,8,0.4000,6.73
3404,3747a,8,0.4000,4.24
3404,2452,7,0.3500,8.83
3404,4085a,7,0.3500,7.64
3404,3680,7,0.3500,5.22
3404,3679,7,0.3500,5.12
3404,4276b,7,0.3500,4.53
3404,3963,6,0.3000,10.21
3404,4275b,6,0.3000,5.35
3404,2569,6,0.3000,5.29
3626ap01,4085a,17,0.2394,5.23
3626ap01,4497,13,0.1831,9.57
3626ap01,3842a,13,0.1831,5.58
3626ap01,3896,12,0.1690,20.61
3626ap01,3848,12,0.1690,15.45
3626ap01,3844,12,0.1690,13.74
3626ap01,4491a,12,0.1690,13.01
3626ap01,3847,11,0.1549,11.93
3626ap01,4493c02,11,0.1549,11.93
3626ap01,4495a,11,0.1549,7.08
3679,3680,93,0.9300,13.88
3679,3962a,17,0.1700,4.61
3680,3679,93,0.9490,13.88
3680,3962a,17,0.1735,4.70
4083,3823,35,0.3977,4.16
4083,6015,25,0.2841,4.24
4083,4006,21,0.2386,5.46
4083,3833,18,0.2045,4.10
4083,4211,16,0.1818,4.09
4083,3962b,14,0.1591,4.16
3186,3187,8,0.8889,162.56
3186,3008,8,0.8889,4.61
3186,3037,6,0.6667,5.42
3186,3036,5,0.5556,4.67
3186,3081cc01,4,0.4444,29.56
3186,3040a,4,0.4444,18.06
3186,3455,4,0.4444,17.11
3186,3185,4,0.4444,15.86
3186,3033,4,0.4444,4.68
3187,3186,8,1.0000,162.56
3187,3008,8,1.0000,5.19
3187,3037,6,0.7500,6.10
3187,3036,5,0.6250,5.26
3187,3081cc01,4,0.5000,33.25
3187,3040a,4,0.5000,20.32
3187,3455,4,0.5000,19.25
3187,3185,4,0.5000,17.84
3187,3033,4,0.5000,5.26
3187,3030,4,0.5000,4.25
3037,3045,31,0.1722,4.13
3037,4445,28,0.1556,5.06
3045,3037,31,0.5082,4.13
3045,3038,17,0.2787,5.03
3045,4287a,13,0.2131,4.16
3045,30383,11,0.1803,4.26
3045,6005,10,0.1639,5.33
3045,30165,10,0.1639,4.80
3045,30363,10,0.1639,4.53
3045,47457,10,0.1639,4.21
3038,4445,22,0.2716,8.83
3038,3045,17,0.2099,5.03
3038,30363,14,0.1728,4.77
3038,3041,13,0.1605,11.18
3676,3027,9,0.2500,4.11
3676,3830,8,0.2222,4.85
3676,3831,8,0.2222,4.85
3676,4287a,8,0.2222,4.33
3676,4490,7,0.1944,6.94
3676,4215a,7,0.1944,6.32
3676,3857,7,0.1944,6.05
3676,4855,7,0.1944,5.69
3676,3045,7,0.1944,4.66
3676,4863,6,0.1667,12.83
3676,4856,6,0.1667,6.77
3676,2453a,6,0.1667,6.59
4022c01,4180c02,12,1.0000,86.06
4022c01,3626bp01,12,1.0000,4.64
4022c01,4083,9,0.7500,12.47
4022c01,3624,9,0.7500,10.55
4022c01,3027,8,0.6667,10.96
4022c01,4175,8,0.6667,9.56
4022c01,3665a,8,0.6667,4.35
4022c01,3298,7,0.5833,4.33
4022c01,4079,7,0.5833,4.20
4022c01,501bc01,6,0.5000,104.50
4022c01,4166a,6,0.5000,91.44
4022c01,973p26,6,0.5000,27.09
4180c02,3626bp01,15,0.8824,4.10
4180c02,4022c01,12,0.7059,86.06
4180c02,3624,12,0.7059,9.93
4180c02,4175,11,0.6471,9.28
4180c02,3665a,11,0.6471,4.23
4180c02,4083,10,0.5882,9.78
4180c02,3027,10,0.5882,9.67
4180c02,4079,10,0.5882,4.24
4180c02,973p26,9,0.5294,28.69
4180c02,3633,8,0.4706,7.82
4180c02,4509,7,0.4118,60.24
4180c02,3029,7,0.4118,4.24
973p60,4175,5,1.0000,14.34
973p60,3626bp01,5,1.0000,4.64
973p60,4210a,4,0.8000,53.20
973p60,4083,4,0.8000,13.30
973p60,3665a,4,0.8000,5.23
4208,4213,11,0.7857,8.71
4208,4210a,9,0.6429,42.75
4208,4175,9,0.6429,9.22
4208,3823,8,0.5714,5.97
4208,4214,7,0.5000,10.45
4208,4084,6,0.4286,11.61
4208,3821,6,0.4286,4.48
4208,3822,6,0.4286,4.38
4208,3962a,5,0.3571,9.68
4208,4211,5,0.3571,8.04
4208,4083,5,0.3571,5.94
4208,3624,5,0.3571,5.02
752,4315,23,0.5111,5.42
752,4276b,21,0.4667,6.04
752,3838,21,0.4667,5.21
752,4624,21,0.4667,4.29
752,3747a,20,0.4444,4.71
752,4600,20,0.4444,4.09
752,4859,17,0.3778,5.12
752,4213,17,0.3778,4.19
752,4590,14,0.3111,6.41
752,4175,14,0.3111,4.46
752,4595,13,0.2889,7.41
752,2452,13,0.2889,7.29
3839a,3838,15,0.3750,4.19
3839a,973p90,13,0.3250,13.21
3839a,3039p34,13,0.3250,10.81
3839a,3842a,13,0.3250,9.91
3839a,3959,12,0.3000,6.36
3839a,3039p23,11,0.2750,11.83
3839a,3956,11,0.2750,4.62
3839a,3963,10,0.2500,8.51
3839a,4006,9,0.2250,5.14
3839a,122c01,9,0.2250,4.57
3839a,3962a,7,0.1750,4.74
3839a,3479,6,0.1500,6.45
3026,3901,7,0.8750,13.20
3026,4079,6,0.7500,5.41
3026,973p18,5,0.6250,41.56
3026,3898,4,0.5000,56.27
3026,3624,4,0.5000,7.03
3026,4599a,4,0.5000,6.36
3026,973,4,0.5000,4.78
4347c01,3008,7,1.0000,5.19
4347c01,3901,6,0.8571,12.93
4347c01,3641,6,0.8571,7.04
4347c01,4079,5,0.7143,5.15
4347c01,973p1b,4,0.5714,44.00
4347c01,3680c01,4,0.5714,14.67
4347c01,3033,4,0.5714,6.01
4347c01,3823,4,0.5714,5.97
4347c01,3794b,4,0.5714,4.75
4347c01,3957a,4,0.5714,4.06
4629c01,3829c01,6,1.0000,4.66
4629c01,3008,5,0.8333,4.32
4629c01,55295,4,0.6667,44.33
4629c01,55296,4,0.6667,44.33
4629c01,55297,4,0.6667,44.33
4629c01,55298,4,0.6667,44.33
4629c01,55299,4,0.6667,44.33
4629c01,55300,4,0.6667,44.33
4629c01,4531,4,0.6667,13.18
4629c01,6015,4,0.6667,9.95
4629c01,3821,4,0.6667,6.97
4629c01,3822,4,0.6667,6.82
3852a,3035,8,0.7273,4.00
3852a,752,4,0.3636,11.82
3852a,3626ap01,4,0.3636,7.49
3852a,4083,4,0.3636,6.05
3852a,3027,4,0.3636,5.98
3852a,4175,4,0.3636,5.22
3852a,6143,4,0.3636,4.79
3852a,4599a,4,0.3636,4.63
3040p33,4079,9,0.6923,4.99
3040p33,3938,9,0.6923,4.96
3040p33,4859,7,0.5385,7.29
3040p33,4315,7,0.5385,5.71
3040p33,3788,7,0.5385,4.63
3040p33,3641,7,0.5385,4.43
3040p33,973p1f,6,0.4615,35.54
3040p33,4175,6,0.4615,6.62
3040p33,3624,6,0.4615,6.49
3040p33,4624,6,0.4615,4.25
3040p33,4530,5,0.3846,13.09
3040p33,2348b,5,0.3846,13.09
4345a,3938,16,0.8000,5.74
4345a,4859,13,0.6500,8.81
4345a,3747a,13,0.6500,6.89
4345a,3838,12,0.6000,6.70
4345a,4315,12,0.6000,6.36
4345a,4276b,11,0.5500,7.12
4345a,2466,10,0.5000,28.13
4345a,4346,10,0.5000,15.56
4345a,2452,10,0.5000,12.61
4345a,4085b,10,0.5000,9.50
4345a,4213,10,0.5000,5.54
4345a,3069bp68,9,0.4500,26.33
3135c02,4214,4,1.0000,20.90
3135c02,4083,4,1.0000,16.62
3135c02,3823,4,1.0000,10.45
3135c02,3829c01,4,1.0000,4.66
973p1b,3626bp01,18,0.9474,4.40
973p1b,4624,13,0.6842,6.30
973p1b,3641,12,0.6316,5.19
973p1b,4600,11,0.5789,5.33
973p1b,4079,11,0.5789,4.17
973p1b,3823,9,0.4737,4.95
973p1b,4084,8,0.4211,11.41
973p1b,4531,8,0.4211,8.32
973p1b,3901,8,0.4211,6.35
973p1b,4214,7,0.3684,7.70
973p1b,3833,7,0.3684,7.38
973p1b,4175,7,0.3684,5.28
4530,3901,31,0.7209,10.87
4530,4079,30,0.6977,5.03
4530,3641,23,0.5349,4.40
4530,4315,21,0.4884,5.18
4530,4624,20,0.4651,4.28
4530,3821,17,0.3953,4.13
4530,3822,17,0.3953,4.04
4530,4213,16,0.3721,4.12
4530,973p71,15,0.3488,31.90
4530,3857,15,0.3488,10.86
4530,3624,15,0.3488,4.91
4530,973p1e,14,0.3256,31.76
4214,3823,64,0.9143,9.55
4214,3829c01,62,0.8857,4.13
4214,3821,56,0.8000,8.36
4214,3822,56,0.8000,8.18
4214,4213,52,0.7429,8.23
4214,4211,38,0.5429,12.22
4214,4600,36,0.5143,4.73
4214,4084,29,0.4143,11.22
4214,6015,23,0.3286,4.91
4214,4175,22,0.3143,4.51
4214,2349a,20,0.2857,9.09
4214,2348b,19,0.2714,9.23
3829c01,4214,62,0.1975,4.13
4006,4083,21,0.3281,5.46
4006,3956,18,0.2812,4.73
4006,3962a,15,0.2344,6.35
4006,3959,13,0.2031,4.31
4006,3963,12,0.1875,6.38
4006,3039p34,12,0.1875,6.23
4085b,4213,30,0.3896,4.32
4085b,4315,30,0.3896,4.13
4085b,4276b,28,0.3636,4.71
4085b,4859,26,0.3377,4.57
4085b,4590,18,0.2338,4.82
4085b,4349,18,0.2338,4.33
4085b,4275b,18,0.2338,4.17
4085b,3959,16,0.2078,4.41
4085b,4625,16,0.2078,4.22
4085b,2452,15,0.1948,4.91
4085b,3070a,14,0.1818,4.75
4085b,4854,14,0.1818,4.16
4590,3838,44,0.6197,6.92
4590,4276b,26,0.3662,4.74
4590,2419,25,0.3521,5.31
4590,4859,24,0.3380,4.58
4590,4735,22,0.3099,5.60
4590,4598,21,0.2958,11.39
4590,4623,20,0.2817,4.12
4590,2452,19,0.2676,6.75
4590,4085b,18,0.2535,4.82
4590,2569,18,0.2535,4.47
4590,3962a,16,0.2254,6.11
4590,3959,16,0.2254,4.78
4346,4345b,38,0.8085,24.14
4346,3901,14,0.2979,4.49
4346,4865b,14,0.2979,4.23
4346,4530,11,0.2340,7.96
4346,4625,11,0.2340,4.76
4346,4345a,10,0.2128,15.56
4346,3741ac01,10,0.2128,7.24
4346,60596,10,0.2128,6.92
4346,3857,10,0.2128,6.62
4346,3836,10,0.2128,5.46
4346,60623,9,0.1915,11.21
4346,4216,9,0.1915,9.66
3488,3624,4,1.0000,14.07
3456,3899,9,0.2500,4.11
3456,2489,7,0.1944,9.18
3456,3857,7,0.1944,6.05
3456,87552,7,0.1944,5.69
3456,3045,7,0.1944,4.66
3456,4510,7,0.1944,4.44
3456,30044,6,0.1667,9.75
3456,4216,6,0.1667,8.41
3456,3039p34,6,0.1667,5.54
3456,4445,6,0.1667,5.42
3456,6081,6,0.1667,4.52
3456,2343,6,0.1667,4.35
3741ac01,3033,19,0.4419,4.65
3741ac01,3901,15,0.3488,5.26
3741ac01,3857,12,0.2791,8.69
3741ac01,3633,12,0.2791,4.64
3741ac01,4095,11,0.2558,7.96
3741ac01,u9100,10,0.2326,8.30
3741ac01,u9101,10,0.2326,8.30
3741ac01,u9103,10,0.2326,8.30
3741ac01,4346,10,0.2326,7.24
3741ac01,u9102,9,0.2093,9.57
3741ac01,4445,9,0.2093,6.80
3741ac01,4345b,9,0.2093,6.25
3900,3624,14,0.3684,5.18
3900,3633,12,0.3158,5.25
3900,3901,12,0.3158,4.76
3900,3899,10,0.2632,4.33
3900,3680c01,9,0.2368,6.08
3900,973p1f,8,0.2105,16.21
3900,973p18,8,0.2105,14.00
3900,3185,8,0.2105,7.51
3900,4530,8,0.2105,7.16
3900,3853,8,0.2105,5.70
3900,3962b,8,0.2105,5.50
3900,4085b,8,0.2105,4.00
10039,50951,8,0.8000,16.26
10039,6157,6,0.6000,6.41
10039,93591,4,0.4000,146.30
10039,11002,4,0.4000,146.30
10039,93274,4,0.4000,16.26
74967,6157,6,0.8571,9.15
74967,44674,4,0.5714,14.67
74967,3788,4,0.5714,4.92
74967,3794b,4,0.5714,4.75
2436a,50951,52,0.2213,4.50
2436a,51719,47,0.2000,5.32
2436a,44674,38,0.1617,4.15
50951,6157,58,0.8056,8.60
50951,51719,54,0.7500,19.95
50951,2436a,52,0.7222,4.50
50951,3788,41,0.5694,4.90
50951,44674,37,0.5139,13.19
50951,50947,36,0.5000,16.26
50951,50943,26,0.3611,11.24
50951,50949,23,0.3194,15.08
50951,30602,21,0.2917,5.54
50951,50948,16,0.2222,18.06
50951,88930,14,0.1944,4.01
50951,47458,11,0.1528,9.72
3245a,44728,22,0.6471,4.32
3245a,2445,20,0.5882,4.37
3245a,30414,19,0.5588,4.49
3245a,48336,19,0.5588,4.07
3245a,6231,17,0.5000,5.08
3245a,3794b,17,0.5000,4.16
3245a,2456,15,0.4412,4.78
3245a,2465,13,0.3824,5.65
3245a,32000,13,0.3824,4.02
3245a,30413,12,0.3529,8.46
3245a,4599a,12,0.3529,4.49
3245a,6179,11,0.3235,6.15
93606,87079,32,0.9143,5.39
93606,63864,29,0.8286,6.81
93606,15068,27,0.7714,7.47
93606,11477,27,0.7714,6.38
93606,85984,27,0.7714,4.97
93606,6636,27,0.7714,4.20
93606,99780,26,0.7429,8.49
93606,98138,26,0.7429,5.78
93606,99207,25,0.7143,11.36
93606,99206,25,0.7143,8.86
93606,87087,24,0.6857,5.80
93606,44728,24,0.6857,4.58
85984,11477,117,0.5154,4.26
85984,15573,112,0.4934,4.17
85984,15068,104,0.4581,4.44
85984,92593,94,0.4141,4.56
85984,99206,91,0.4009,4.97
85984,11211,90,0.3965,4.57
85984,99780,90,0.3965,4.53
85984,11476,80,0.3524,4.56
85984,22885,76,0.3348,4.45
85984,63868,75,0.3304,4.56
85984,99207,72,0.3172,5.04
85984,15712,70,0.3084,4.42
93273,87079,68,0.6800,4.01
93273,85984,67,0.6700,4.32
93273,11477,63,0.6300,5.21
93273,87087,58,0.5800,4.90
93273,15573,57,0.5700,4.82
93273,98138,57,0.5700,4.44
93273,99780,54,0.5400,6.17
93273,15068,54,0.5400,5.23
93273,63864,49,0.4900,4.03
93273,11211,46,0.4600,5.30
93273,99207,42,0.4200,6.68
93273,15712,40,0.4000,5.74
51739,60479,26,0.3662,5.82
51739,11211,26,0.3662,4.22
51739,99206,24,0.3380,4.19
51739,99207,21,0.2958,4.70
51739,30357,18,0.2535,5.22
51739,30553,17,0.2394,5.56
51739,11212,17,0.2394,4.67
51739,92280,17,0.2394,4.55
51739,99781,17,0.2394,4.07
51739,24307,16,0.2254,8.24
51739,6179,16,0.2254,4.28
51739,24299,15,0.2113,8.35
93274,98138,27,0.7500,5.84
93274,6636,27,0.7500,4.08
93274,85984,26,0.7222,4.65
93274,87079,25,0.6944,4.10
93274,99780,24,0.6667,7.62
93274,63864,23,0.6389,5.25
93274,48336,23,0.6389,4.65
93274,11477,22,0.6111,5.05
93274,44728,22,0.6111,4.08
93274,99207,20,0.5556,8.83
93274,60478,20,0.5556,5.68
93274,15068,20,0.5556,5.38
93591,10039,4,1.0000,146.30
93591,50951,4,1.0000,20.32
50947,6157,40,0.8889,9.49
50947,50951,36,0.8000,16.26
50947,2436a,35,0.7778,4.84
50947,51719,34,0.7556,20.10
50947,50950,27,0.6000,4.90
50947,3788,23,0.5111,4.40
50947,44674,21,0.4667,11.98
50947,50943,20,0.4444,13.83
50947,30602,17,0.3778,7.18
50947,50949,14,0.3111,14.68
50947,30027a,11,0.2444,9.67
50947,50948,10,0.2222,18.06
51719,50951,54,0.9818,19.95
51719,6157,52,0.9455,10.10
51719,2436a,47,0.8545,5.32
51719,3788,39,0.7091,6.10
51719,44674,35,0.6364,16.33
51719,50947,34,0.6182,20.10
51719,50950,33,0.6000,4.90
51719,50943,26,0.4727,14.71
51719,50949,23,0.4182,19.74
51719,30602,19,0.3455,6.56
51719,50948,14,0.2545,20.69
51719,88930,13,0.2364,4.87
47753,50950,8,0.5714,4.67
47753,2555,8,0.5714,4.27
47753,3045,7,0.5000,11.99
47753,6541,6,0.4286,4.07
47753,47457,5,0.3571,9.17
47753,6134,5,0.3571,4.54
47753,30364,4,0.2857,26.12
47753,41767,4,0.2857,20.90
47753,41768,4,0.2857,20.90
47753,30365,4,0.2857,16.72
47753,47398,4,0.2857,14.93
47753,47397,4,0.2857,14.41
50950,51719,33,0.1844,4.90
50950,50943,28,0.1564,4.87
50950,50947,27,0.1508,4.90
11002,10039,4,1.0000,146.30
11291,85984,9,0.8182,5.27
11291,99206,8,0.7273,9.02
11291,15068,8,0.7273,7.05
11291,11477,8,0.7273,6.01
11291,98138,8,0.7273,5.66
11291,99780,7,0.6364,7.27
11291,63864,7,0.6364,5.23
11291,24201,6,0.5455,17.73
11291,32123b,6,0.5455,6.14
11291,62462,6,0.5455,4.87
11291,24299,5,0.4545,17.97
11291,15672,5,0.4545,17.50
11477,87079,125,0.7062,4.17
11477,15068,123,0.6949,6.73
11477,85984,117,0.6610,4.26
11477,15573,105,0.5932,5.02
11477,98138,96,0.5424,4.22
11477,99780,92,0.5198,5.94
11477,63864,89,0.5028,4.13
11477,11211,88,0.4972,5.73
11477,87087,86,0.4859,4.11
11477,99206,82,0.4633,5.74
11477,11476,76,0.4294,5.56
11477,22885,74,0.4181,5.56
99781,85984,66,0.7674,4.95
99781,87079,65,0.7558,4.46
99781,15573,61,0.7093,6.00
99781,11477,61,0.7093,5.86
99781,99780,60,0.6977,7.97
99781,15068,57,0.6628,6.42
99781,11211,55,0.6395,7.37
99781,98138,55,0.6395,4.98
99781,99206,53,0.6163,7.64
99781,87087,53,0.6163,5.21
99781,63864,52,0.6047,4.97
99781,99207,48,0.5581,8.88
90194,6541,9,0.6000,5.70
90194,3794b,9,0.6000,4.99
90194,44728,9,0.6000,4.01
90194,32064a,8,0.5333,7.88
90194,3701,8,0.5333,4.38
90194,59443,8,0.5333,4.29
90194,30503,7,0.4667,17.51
90194,3894,7,0.4667,6.15
90194,3702,7,0.4667,5.94
90194,32000,7,0.4667,4.91
90194,15068,7,0.4667,4.52
90194,32316,7,0.4667,4.49
49673,47905,4,0.4444,10.49
49673,3659,4,0.4444,7.83
49673,99781,4,0.4444,7.56
49673,6143,4,0.4444,5.86
49673,11476,4,0.4444,5.75
49673,15068,4,0.4444,4.31
60212,2436b,5,0.4167,10.69
60212,50951,5,0.4167,8.47
60212,4865b,4,0.3333,4.73
63325,6143,12,0.8000,10.54
63325,15068,8,0.5333,5.17
63325,48729b,6,0.4000,9.75
63325,3703,6,0.4000,6.73
63325,3708,6,0.4000,5.09
63325,99780,6,0.4000,4.57
63325,92593,6,0.4000,4.40
63325,59900,6,0.4000,4.15
63325,60478,6,0.4000,4.09
63325,18649,5,0.3333,18.76
63325,60475b,5,0.3333,11.61
63325,2436b,5,0.3333,8.56
2436b,63864,29,0.5088,4.18
2436b,92593,26,0.4561,5.02
2436b,60478,24,0.4211,4.31
2436b,99780,23,0.4035,4.61
2436b,92280,20,0.3509,6.67
2436b,99207,20,0.3509,5.58
2436b,63868,20,0.3509,4.84
2436b,99206,20,0.3509,4.35
2436b,60897,19,0.3333,4.73
2436b,2921,17,0.2982,5.90
2436b,60479,17,0.2982,4.74
2436b,93273,17,0.2982,4.36
63864,87079,128,0.7191,4.24
63864,87087,100,0.5618,4.75
63864,98138,97,0.5449,4.24
63864,15573,91,0.5112,4.32
63864,11477,89,0.5000,4.13
63864,11211,80,0.4494,5.18
63864,87580,79,0.4438,4.92
63864,99780,77,0.4326,4.94
63864,15068,76,0.4270,4.14
63864,60478,73,0.4101,4.20
63864,99206,71,0.3989,4.95
63864,60897,64,0.3596,5.11
98138,15573,103,0.5479,4.63
98138,63864,97,0.5160,4.24
98138,11477,96,0.5106,4.22
98138,15068,86,0.4574,4.43
98138,99780,80,0.4255,4.86
98138,11211,68,0.3617,4.17
98138,18651,66,0.3511,5.84
98138,11214,66,0.3511,5.09
98138,18654,65,0.3457,5.62
98138,15712,65,0.3457,4.96
98138,99207,64,0.3404,5.41
98138,99206,64,0.3404,4.22
12825,60478,10,0.6667,6.82
12825,3794b,9,0.6000,4.99
12825,6091,9,0.6000,4.48
12825,48336,9,0.6000,4.37
12825,47905,8,0.5333,12.58
12825,59900,8,0.5333,5.53
12825,63864,8,0.5333,4.38
12825,63868,7,0.4667,6.44
12825,6231,7,0.4667,4.74
12825,87544,6,0.4000,22.51
12825,30165,6,0.4000,11.70
12825,87552,6,0.4000,11.70
15068,11477,123,0.8146,6.73
15068,87079,120,0.7947,4.69
15068,85984,104,0.6887,4.44
15068,15573,95,0.6291,5.32
15068,98138,86,0.5695,4.43
15068,99780,82,0.5430,6.21
15068,87087,80,0.5298,4.48
15068,11211,77,0.5099,5.87
15068,11476,76,0.5033,6.52
15068,63864,76,0.5033,4.14
15068,99206,74,0.4901,6.08
15068,92593,73,0.4834,5.32
50948,50951,16,0.8889,18.06
50948,50950,16,0.8889,7.27
50948,6157,15,0.8333,8.90
50948,51719,14,0.7778,20.69
50948,2436a,14,0.7778,4.84
50948,50947,10,0.5556,18.06
50948,50943,10,0.5556,17.29
50948,2555,10,0.5556,4.15
50948,50949,9,0.5000,23.60
50948,44674,8,0.4444,11.41
50948,30602,6,0.3333,6.33
50948,45677,4,0.2222,5.91
43719,6541,16,0.4848,4.61
43719,30602,11,0.3333,6.33
43719,2730,10,0.3030,6.72
43719,60479,10,0.3030,4.82
43719,32064a,10,0.3030,4.48
43719,47457,9,0.2727,7.00
43719,51739,9,0.2727,5.62
43719,30553,8,0.2424,5.63
43719,92280,8,0.2424,4.61
43719,30136,8,0.2424,4.55
43719,43713,7,0.2121,13.49
43719,44126,7,0.2121,10.34
33078,59900,10,0.7692,7.98
33078,87087,10,0.7692,6.51
33078,2445,10,0.7692,5.71
33078,2357,10,0.7692,4.75
33078,87079,10,0.7692,4.54
33078,3035,10,0.7692,4.23
33078,4865b,9,0.6923,9.83
33078,6231,9,0.6923,7.03
33078,63864,9,0.6923,5.69
33078,30414,9,0.6923,5.57
33078,48336,9,0.6923,5.04
33078,60596,8,0.6154,20.01
41879a,6636,11,0.8462,4.60
41879a,2343,9,0.6923,18.09
41879a,44728,9,0.6923,4.62
41879a,2357,9,0.6923,4.27
41879a,60596,8,0.6154,20.01
41879a,6091,8,0.6154,4.59
41879a,48336,8,0.6154,4.48
41879a,3659,7,0.5385,9.49
41879a,60897,7,0.5385,7.65
41879a,59900,7,0.5385,5.59
41879a,6541,7,0.5385,5.12
41879a,30414,7,0.5385,4.33
11211,87079,97,0.7638,4.51
11211,85984,90,0.7087,4.57
11211,15573,89,0.7008,5.93
11211,11477,88,0.6929,5.73
11211,63864,80,0.6299,5.18
11211,15068,77,0.6063,5.87
11211,87087,75,0.5906,4.99
11211,99206,71,0.5591,6.93
11211,99780,70,0.5512,6.30
11211,98138,68,0.5354,4.17
11211,87580,63,0.4961,5.50
11211,15712,60,0.4724,6.78
64647,87079,16,0.8000,4.72
64647,87580,15,0.7500,8.31
64647,4865b,14,0.7000,9.94
64647,87087,14,0.7000,5.92
64647,64644,13,0.6500,14.19
64647,15573,13,0.6500,5.50
64647,2357,13,0.6500,4.01
64647,30136,12,0.6000,11.25
64647,15712,12,0.6000,8.61
64647,59900,12,0.6000,6.23
64647,60478,12,0.6000,6.14
64647,63864,12,0.6000,4.93
95228,87079,10,0.8333,4.92
95228,6636,10,0.8333,4.53
95228,4865b,9,0.7500,10.65
95228,99780,9,0.7500,8.57
95228,15068,9,0.7500,7.27
95228,87087,9,0.7500,6.34
95228,85984,9,0.7500,4.83
95228,32028,9,0.7500,4.61
95228,98283,8,0.6667,25.01
95228,30136,8,0.6667,12.50
95228,85861,8,0.6667,11.21
95228,60479,8,0.6667,10.60
2343,3659,21,0.3750,6.61
2343,60596,14,0.2500,8.13
2343,98283,13,0.2321,8.71
2343,30136,13,0.2321,4.35
2343,4528,12,0.2143,10.11
2343,30044,11,0.1964,11.49
2343,2339,10,0.1786,7.46
2343,2423,10,0.1786,7.26
2343,60592,10,0.1786,7.06
2343,4460b,10,0.1786,6.53
2343,4490,10,0.1786,6.37
2343,4445,10,0.1786,5.81
2489,3659,12,0.3871,6.82
2489,2465,11,0.3548,5.24
2489,4287a,10,0.3226,6.29
2489,2450,10,0.3226,4.54
2489,2343,9,0.2903,7.58
2489,3830,8,0.2581,5.64
2489,3831,8,0.2581,5.64
2489,85861,8,0.2581,4.34
2489,70501b,7,0.2258,33.04
2489,70501c,7,0.2258,30.03
2489,2530,7,0.2258,22.02
2489,3456,7,0.2258,9.18
4528,4599a,13,0.4194,5.33
4528,4533,12,0.3871,14.90
4528,2343,12,0.3871,10.11
4528,4865b,12,0.3871,5.50
4528,3899,11,0.3548,5.83
4528,4530,10,0.3226,10.98
4528,60479,10,0.3226,5.13
4528,3901,10,0.3226,4.87
4528,4529,9,0.2903,32.67
4528,60596,9,0.2903,9.44
4528,4445,9,0.2903,9.44
4528,3857,9,0.2903,9.04
2397,50950,7,0.5000,4.09
2397,4488,5,0.3571,6.22
2397,30383,4,0.2857,6.74
2397,30136,4,0.2857,5.36
2397,3027,4,0.2857,4.70
2397,6015,4,0.2857,4.27
2397,2465,4,0.2857,4.22
2397,3028,4,0.2857,4.18
2397,4623,4,0.2857,4.18
2397,4865b,4,0.2857,4.06
2397,60897,4,0.2857,4.06
3069bp0c,59900,10,0.7692,7.98
3069bp0c,2423,8,0.6154,25.01
3069bp0c,87580,8,0.6154,6.82
3069bp0c,87087,8,0.6154,5.20
3069bp0c,30374,8,0.6154,5.14
3069bp0c,98138,8,0.6154,4.79
3069bp0c,6091,8,0.6154,4.59
3069bp0c,33291,7,0.5385,17.13
3069bp0c,4733,7,0.5385,8.29
3069bp0c,33183,6,0.4615,35.54
3069bp0c,60623,6,0.4615,27.01
3069bp0c,3626c,6,0.4615,16.08
30374,85861,50,0.2857,4.80
30374,15712,50,0.2857,4.10
30374,60479,47,0.2686,4.27
30374,99207,45,0.2571,4.09
30374,87994,44,0.2514,4.84
30374,18674,42,0.2400,5.24
30374,92280,41,0.2343,4.45
30374,26603,39,0.2229,4.23
30374,14719,37,0.2114,4.18
30374,15535,35,0.2000,4.72
30374,20482,32,0.1829,5.46
30374,32018,31,0.1771,4.47
92280,85984,60,0.7792,5.02
92280,87079,58,0.7532,4.44
92280,60478,55,0.7143,7.31
92280,48336,52,0.6753,4.92
92280,98138,48,0.6234,4.85
92280,44728,48,0.6234,4.16
92280,11477,47,0.6104,5.05
92280,99780,45,0.5844,6.68
92280,87087,45,0.5844,4.94
92280,63864,45,0.5844,4.80
92280,15068,44,0.5714,5.54
92280,15573,43,0.5584,4.72
33172c02,92248,5,0.8333,40.64
33172c02,92244,4,0.6667,32.51
33172c02,92245,4,0.6667,30.48
33172c02,33291,4,0.6667,21.20
33172c02,87580,4,0.6667,7.39
33172c02,2877,4,0.6667,6.02
59900,87087,68,0.4823,4.08
59900,15573,67,0.4752,4.02
59900,87580,61,0.4326,4.79
59900,60478,56,0.3972,4.06
59900,15712,53,0.3759,5.39
59900,11211,52,0.3688,4.25
59900,85861,49,0.3475,5.84
59900,4865b,47,0.3333,4.73
59900,63868,45,0.3191,4.40
59900,60897,44,0.3121,4.43
59900,60479,42,0.2979,4.74
59900,61252,41,0.2908,5.06
87580,87079,98,0.7424,4.38
87580,15573,81,0.6136,5.19
87580,87087,81,0.6136,5.19
87580,63864,79,0.5985,4.92
87580,11211,63,0.4773,5.50
87580,59900,61,0.4621,4.79
87580,60478,60,0.4545,4.65
87580,4865b,57,0.4318,6.13
87580,99780,52,0.3939,4.50
87580,85861,51,0.3864,6.50
87580,60897,51,0.3864,5.49
87580,92593,50,0.3788,4.17
60478,63864,73,0.5105,4.20
60478,87087,71,0.4965,4.20
60478,15573,69,0.4825,4.08
60478,63868,63,0.4406,6.08
60478,87580,60,0.4196,4.65
60478,99780,59,0.4126,4.72
60478,60479,58,0.4056,6.45
60478,59900,56,0.3916,4.06
60478,92280,55,0.3846,7.31
60478,99207,54,0.3776,6.01
60478,99206,53,0.3706,4.60
60478,11211,53,0.3706,4.27
2429,2430,113,1.0000,12.95
2429,99207,38,0.3363,5.35
2429,63868,37,0.3274,4.52
2429,60479,36,0.3186,5.07
2429,6134,36,0.3186,4.05
2429,2450,33,0.2920,4.11
2429,92280,31,0.2743,5.21
2429,85861,29,0.2566,4.32
2429,11212,25,0.2212,4.32
2429,14719,24,0.2124,4.20
2429,47905,22,0.1947,4.59
2429,88072,22,0.1947,4.45
2430,2429,113,1.0000,12.95
2430,99207,38,0.3363,5.35
2430,63868,37,0.3274,4.52
2430,60479,36,0.3186,5.07
2430,6134,36,0.3186,4.05
2430,2450,33,0.2920,4.11
2430,92280,31,0.2743,5.21
2430,85861,29,0.2566,4.32
2430,11212,25,0.2212,4.32
2430,14719,24,0.2124,4.20
2430,47905,22,0.1947,4.59
2430,88072,22,0.1947,4.45
30153,48336,13,0.5652,4.11
30153,15068,12,0.5217,5.05
30153,87087,12,0.5217,4.41
30153,64644,11,0.4783,10.44
30153,99207,11,0.4783,7.61
30153,4865b,11,0.4783,6.79
30153,87580,11,0.4783,5.30
30153,59900,11,0.4783,4.96
30153,2423,10,0.4348,17.67
30153,60897,10,0.4348,6.18
30153,60478,10,0.4348,4.45
30153,6541,10,0.4348,4.13
30552,48336,17,0.5862,4.27
30552,59443,16,0.5517,4.44
30552,50950,15,0.5172,4.23
30552,30374,14,0.4828,4.04
30552,6179,12,0.4138,7.86
30552,60479,12,0.4138,6.58
30552,3176,12,0.4138,4.42
30552,30553,11,0.3793,8.81
30552,32064a,10,0.3448,5.10
30552,2429,10,0.3448,4.46
30552,2430,10,0.3448,4.46
30552,11458,8,0.2759,8.24
41747,41748,36,1.0000,39.54
41747,44728,25,0.6944,4.64
41747,30414,23,0.6389,5.14
41747,48336,23,0.6389,4.65
41747,50950,22,0.6111,4.99
41747,6541,21,0.5833,5.54
41747,3701,21,0.5833,4.79
41747,6091,20,0.5556,4.15
41747,6134,19,0.5278,6.71
41747,32000,19,0.5278,5.55
41747,60478,18,0.5000,5.12
41747,61678,16,0.4444,6.63
41748,41747,36,0.9730,39.54
41748,44728,26,0.7027,4.69
41748,30414,24,0.6486,5.21
41748,48336,24,0.6486,4.72
41748,50950,22,0.5946,4.86
41748,6541,21,0.5676,5.39
41748,3701,21,0.5676,4.66
41748,6091,21,0.5676,4.24
41748,6134,19,0.5135,6.53
41748,32000,19,0.5135,5.40
41748,60478,19,0.5135,5.25
41748,61678,17,0.4595,6.86
60476,6091,10,0.9091,6.79
60476,48336,9,0.8182,5.96
60476,4740,9,0.8182,4.71
60476,60478,7,0.6364,6.51
60476,30414,7,0.6364,5.12
60476,44728,7,0.6364,4.25
60476,92280,6,0.5455,10.36
60476,99781,6,0.5455,9.28
60476,99207,6,0.5455,8.67
60476,93273,6,0.5455,7.98
60476,2429,6,0.5455,7.06
60476,2430,6,0.5455,7.06
6134,3937,110,0.9565,4.83
6134,2445,62,0.5391,4.00
6134,6541,57,0.4957,4.71
6134,60478,45,0.3913,4.00
6134,63868,41,0.3565,4.92
6134,60479,37,0.3217,5.12
6134,32064a,37,0.3217,4.75
6134,2429,36,0.3130,4.05
6134,2430,36,0.3130,4.05
6134,99207,35,0.3043,4.84
6134,2450,34,0.2957,4.16
6134,6111,33,0.2870,4.16
88072,44728,40,0.6250,4.18
88072,85984,40,0.6250,4.03
88072,98138,38,0.5938,4.62
88072,87087,37,0.5781,4.89
88072,63864,37,0.5781,4.75
88072,11477,36,0.5625,4.65
88072,48336,36,0.5625,4.09
88072,60478,34,0.5312,5.44
88072,15573,33,0.5156,4.36
88072,63868,32,0.5000,6.90
88072,30414,32,0.5000,4.02
88072,99207,31,0.4844,7.70
48171,47455,5,1.0000,182.88
48171,2540,5,1.0000,5.10
48171,3700,5,1.0000,4.41
48171,4287a,4,0.8000,15.61
48171,93273,4,0.8000,11.70
48171,6541,4,0.8000,7.60
48171,62462,4,0.8000,7.14
48171,3036,4,0.8000,6.73
48171,6091,4,0.8000,5.97
48171,4592,4,0.8000,5.91
48171,4593,4,0.8000,5.91
48171,48336,4,0.8000,5.82
41764,41765,21,1.0000,69.67
41764,32062,17,0.8095,4.47
41764,6541,16,0.7619,7.24
41764,30414,15,0.7143,5.74
41764,3701,14,0.6667,5.48
41764,6558,14,0.6667,4.78
41764,6134,13,0.6190,7.88
41764,32000,12,0.5714,6.01
41764,2445,12,0.5714,4.24
41764,30553,11,0.5238,12.16
41764,42022,10,0.4762,19.90
41764,41747,10,0.4762,19.35
41765,41764,21,1.0000,69.67
41765,32062,17,0.8095,4.47
41765,6541,16,0.7619,7.24
41765,30414,15,0.7143,5.74
41765,3701,14,0.6667,5.48
41765,6558,14,0.6667,4.78
41765,6134,13,0.6190,7.88
41765,32000,12,0.5714,6.01
41765,2445,12,0.5714,4.24
41765,30553,11,0.5238,12.16
41765,42022,10,0.4762,19.90
41765,41747,10,0.4762,19.35
54383,54384,49,0.9423,27.03
54383,63864,26,0.5000,4.11
54383,6541,24,0.4615,4.38
54383,6134,23,0.4423,5.63
54383,60479,22,0.4231,6.73
54383,63868,22,0.4231,5.84
54383,2456,21,0.4038,4.38
54383,60478,21,0.4038,4.13
54383,2450,19,0.3654,5.14
54383,3702,19,0.3654,4.65
54383,11211,19,0.3654,4.21
54383,99781,18,0.3462,5.89
54384,54383,49,0.9608,27.03
54384,3701,25,0.4902,4.03
54384,6541,24,0.4706,4.47
54384,6134,22,0.4314,5.49
54384,60479,21,0.4118,6.55
54384,63868,20,0.3922,5.41
54384,2456,20,0.3922,4.25
54384,2450,19,0.3725,5.24
54384,3702,19,0.3725,4.74
54384,6179,17,0.3333,6.33
54384,99781,17,0.3333,5.67
54384,99207,17,0.3333,5.30
30395,32270,24,0.6857,7.60
30395,3706,24,0.6857,4.32
30395,59443,22,0.6286,5.05
30395,32523,21,0.6000,5.32
30395,43093,21,0.6000,4.32
30395,32054,20,0.5714,4.72
30395,32278,19,0.5429,7.64
30395,44294,19,0.5429,5.59
30395,32316,19,0.5429,5.22
30395,32184,18,0.5143,5.34
30395,62462,18,0.5143,4.59
30395,6536,18,0.5143,4.48
61510,87083,13,0.9286,10.61
61510,4519,13,0.9286,5.27
61510,4274,13,0.9286,4.18
61510,3713,12,0.8571,4.45
61510,32316,11,0.7857,7.56
61510,62462,11,0.7857,7.01
61510,32523,11,0.7857,6.97
61510,32013,11,0.7857,6.72
61510,32054,11,0.7857,6.49
61510,43093,11,0.7857,5.66
61510,32062,11,0.7857,4.34
61510,3705,11,0.7857,4.21
3650b,3648a,7,0.8750,35.56
3650b,3651,7,0.8750,27.24
3650b,4265a,7,0.8750,27.24
3650b,3738,7,0.8750,14.71
3650b,3895,7,0.8750,14.38
3650b,3709b,7,0.8750,11.53
3650b,3894,7,0.8750,11.53
3650b,3737,7,0.8750,10.16
3650b,3707,7,0.8750,8.15
3650b,3701,7,0.8750,7.19
3650b,3706,7,0.8750,5.52
3650b,3673,7,0.8750,5.20
41751,3700,5,1.0000,4.41
41751,41747,4,0.8000,32.51
41751,41748,4,0.8000,31.63
41751,88072,4,0.8000,18.29
41751,6553,4,0.8000,13.30
41751,6134,4,0.8000,10.18
41751,6541,4,0.8000,7.60
41751,50950,4,0.8000,6.54
41751,48336,4,0.8000,5.82
41751,3673,4,0.8000,4.76
41751,6636,4,0.8000,4.35
41751,3937,4,0.8000,4.04
47455,3700,8,1.0000,4.41
47455,48336,7,0.8750,6.37
47455,48169,6,0.7500,182.88
47455,62462,6,0.7500,6.69
47455,6091,6,0.7500,5.60
47455,43093,6,0.7500,5.41
47455,44728,6,0.7500,5.01
47455,4740,6,0.7500,4.32
47455,48171,5,0.6250,182.88
47455,93273,5,0.6250,9.14
47455,87580,5,0.6250,6.93
47455,6541,5,0.6250,5.94
48169,47455,6,1.0000,182.88
48169,48336,6,1.0000,7.28
48169,3700,6,1.0000,4.41
48169,93273,4,0.6667,9.75
48169,87580,4,0.6667,7.39
48169,6541,4,0.6667,6.33
48169,62462,4,0.6667,5.95
48169,63864,4,0.6667,5.48
48169,30414,4,0.6667,5.36
48169,6091,4,0.6667,4.98
48169,43093,4,0.6667,4.80
48169,44728,4,0.6667,4.45
61678,60478,46,0.4694,4.80
61678,15068,41,0.4184,4.05
61678,60479,35,0.3571,5.68
61678,99206,35,0.3571,4.43
61678,63868,30,0.3061,4.23
61678,99207,27,0.2755,4.38
61678,32064a,27,0.2755,4.07
61678,99781,24,0.2449,4.17
61678,92280,23,0.2347,4.46
61678,87994,22,0.2245,4.32
61678,4287a,21,0.2143,4.18
61678,88072,20,0.2041,4.67
64648,6091,9,0.6923,5.17
64648,4865b,8,0.6154,8.74
64648,59900,8,0.6154,6.39
64648,48336,8,0.6154,4.48
64648,60596,7,0.5385,17.51
64648,4599b,7,0.5385,12.50
64648,11477,7,0.5385,4.45
64648,98138,7,0.5385,4.19
64648,3830,6,0.4615,10.08
64648,3831,6,0.4615,10.08
64648,60479,6,0.4615,7.34
64648,60897,6,0.4615,6.56
43093,32062,165,0.8128,4.49
43093,4519,154,0.7586,4.30
43093,6558,149,0.7340,5.26
43093,32523,137,0.6749,5.98
43093,32054,136,0.6700,5.54
43093,59443,132,0.6502,5.23
43093,32073,128,0.6305,5.36
43093,6536,124,0.6108,5.32
43093,32316,123,0.6059,5.83
43093,32013,122,0.6010,5.14
43093,44294,119,0.5862,6.04
43093,32524,118,0.5813,5.99
6589,3713,102,0.8870,4.60
6589,4519,100,0.8696,4.93
6589,32062,99,0.8609,4.75
6589,43093,95,0.8261,5.95
6589,3705,94,0.8174,4.38
6589,32054,91,0.7913,6.54
6589,6558,91,0.7913,5.67
6589,32073,89,0.7739,6.58
6589,59443,89,0.7739,6.22
6589,32523,88,0.7652,6.78
6589,32270,87,0.7565,8.38
6589,3706,87,0.7565,4.77
87083,4519,112,0.8750,4.96
87083,32062,112,0.8750,4.83
87083,3713,112,0.8750,4.54
87083,43093,110,0.8594,6.19
87083,59443,107,0.8359,6.72
87083,6558,105,0.8203,5.88
87083,32523,104,0.8125,7.20
87083,3705,103,0.8047,4.31
87083,32526,102,0.7969,8.15
87083,32054,102,0.7969,6.59
87083,32316,101,0.7891,7.59
87083,62462,100,0.7812,6.97
53989,48336,10,0.7692,5.60
53989,6091,8,0.6154,4.59
53989,44728,8,0.6154,4.11
53989,6541,7,0.5385,5.12
53989,63868,6,0.4615,6.37
53989,60478,6,0.4615,4.72
53989,6019,6,0.4615,4.30
53989,2877,6,0.4615,4.17
53989,60470a,5,0.3846,8.93
53989,30602,5,0.3846,7.31
53989,6134,5,0.3846,4.89
53989,3176,5,0.3846,4.11
87747,48336,5,0.8333,6.07
87747,6541,4,0.6667,6.33
87747,6019,4,0.6667,6.21
87747,6091,4,0.6667,4.98
87747,85984,4,0.6667,4.30
48336,63868,61,0.3035,4.19
48336,60479,54,0.2687,4.27
48336,92280,52,0.2587,4.92
48336,60470a,46,0.2289,5.31
48336,4599b,38,0.1891,4.39
48336,60596,36,0.1791,5.82
48336,60470b,36,0.1791,5.70
48336,30383,36,0.1791,4.23
48336,88072,36,0.1791,4.09
48336,87552,35,0.1741,5.10
48336,47457,35,0.1741,4.47
48336,3747b,35,0.1741,4.11
49668,59900,18,0.4000,4.15
49668,87580,17,0.3778,4.19
49668,61252,13,0.2889,5.03
49668,85861,13,0.2889,4.86
49668,4865b,13,0.2889,4.10
49668,99781,12,0.2667,4.54
49668,18674,11,0.2444,5.34
49668,64644,10,0.2222,4.85
49668,4490,8,0.1778,6.34
49668,29120,8,0.1778,5.65
49668,29119,8,0.1778,5.31
49668,15208,7,0.1556,14.22
53451,29119,7,0.3043,9.09
53451,30136,7,0.3043,5.71
53451,99781,7,0.3043,5.18
53451,61678,7,0.3043,4.54
53451,92438,6,0.2609,10.04
53451,29120,6,0.2609,8.30
53451,35480,6,0.2609,7.79
53451,3659,6,0.2609,4.60
53451,61252,6,0.2609,4.54
53451,85861,6,0.2609,4.39
53451,4733,6,0.2609,4.02
53451,3678b,5,0.2174,11.36
6541,6134,57,0.3701,4.71
6541,60479,51,0.3312,5.27
6541,32064a,45,0.2922,4.32
6541,2450,44,0.2857,4.02
6541,99781,42,0.2727,4.64
6541,99207,42,0.2727,4.34
6541,87994,35,0.2273,4.38
6541,11212,34,0.2208,4.31
6541,2730,33,0.2143,4.75
6541,6179,33,0.2143,4.07
6541,18674,32,0.2078,4.54
6541,32124,30,0.1948,5.38
2587,2357,4,0.8000,4.94
30134,3035,15,0.8333,4.58
30134,6636,15,0.8333,4.53
30134,3008,15,0.8333,4.32
30134,2357,14,0.7778,4.80
30134,4282,12,0.6667,5.95
30134,32028,12,0.6667,4.10
30134,3680,11,0.6111,9.12
30134,3033,11,0.6111,6.43
30134,3029,11,0.6111,6.30
30134,3036,11,0.6111,5.14
30134,30414,11,0.6111,4.91
30134,4079,11,0.6111,4.40
4460b,2357,30,0.7500,4.63
4460b,87079,28,0.7000,4.13
4460b,59900,26,0.6500,6.74
4460b,87580,25,0.6250,6.93
4460b,87087,25,0.6250,5.29
4460b,15573,24,0.6000,5.07
4460b,44728,24,0.6000,4.01
4460b,11477,23,0.5750,4.75
4460b,63864,23,0.5750,4.73
4460b,15068,21,0.5250,5.09
4460b,6541,21,0.5250,4.99
4460b,30374,21,0.5250,4.39
4491b,2357,8,0.7273,4.49
4491b,4493c01,7,0.6364,54.76
4491b,3629,7,0.6364,54.76
4491b,3069bp03,6,0.5455,79.80
4491b,30133,6,0.5455,61.38
4491b,30141,6,0.5455,49.87
4491b,6126a,6,0.5455,36.27
4491b,30132,6,0.5455,36.27
4491b,2555,6,0.5455,4.07
4491b,30139,5,0.4545,133.00
4491b,70501c,5,0.4545,60.45
4491b,4213,5,0.4545,5.04
87620,87079,21,0.8400,4.96
87620,63864,18,0.7200,5.92
87620,2357,18,0.7200,4.44
87620,87580,17,0.6800,7.54
87620,60478,17,0.6800,6.96
87620,85984,17,0.6800,4.38
87620,87087,16,0.6400,5.41
87620,3665a,16,0.6400,4.18
87620,15573,15,0.6000,5.07
87620,85861,14,0.5600,9.42
87620,60479,14,0.5600,8.91
87620,99780,14,0.5600,6.40
98283,59900,33,0.8462,8.78
98283,15573,31,0.7949,6.72
98283,87079,31,0.7949,4.69
98283,85984,30,0.7692,4.96
98283,6636,30,0.7692,4.18
98283,87580,29,0.7436,8.24
98283,2357,29,0.7436,4.59
98283,63864,28,0.7179,5.90
98283,4865b,27,0.6923,9.83
98283,87087,27,0.6923,5.85
98283,11477,27,0.6923,5.72
98283,32028,27,0.6923,4.26
4032b,2419,13,0.2766,4.17
4032b,3815b,11,0.2340,4.28
4032b,60474,10,0.2128,4.65
4032b,30413,9,0.1915,4.59
4032b,30377,8,0.1702,6.07
4032b,30236,8,0.1702,4.88
72454,47457,6,0.7500,19.25
72454,44728,6,0.7500,5.01
72454,85984,6,0.7500,4.83
72454,87079,6,0.7500,4.42
72454,2730,5,0.6250,13.85
72454,99207,5,0.6250,9.94
72454,3709b,5,0.6250,8.24
72454,62462,5,0.6250,5.58
72454,15573,5,0.6250,5.29
72454,3037,5,0.6250,5.08
72454,98138,5,0.6250,4.86
72454,48336,5,0.6250,4.55
30192,2432,4,0.8000,5.79
30192,4286,4,0.8000,4.78
30192,4081b,4,0.8000,4.68
30192,2540,4,0.8000,4.08
44300,6636,11,0.7857,4.27
44300,3701,10,0.7143,5.87
44300,30414,10,0.7143,5.74
44300,44728,10,0.7143,4.77
44300,2445,9,0.6429,4.77
44300,47457,8,0.5714,14.67
44300,6541,8,0.5714,5.43
44300,4282,8,0.5714,5.10
44300,63864,8,0.5714,4.70
44300,59443,8,0.5714,4.59
44300,2432,8,0.5714,4.14
44300,43093,8,0.5714,4.12
2730,2780,60,0.9091,4.01
2730,3701,50,0.7576,6.23
2730,6558,45,0.6818,4.89
2730,3702,40,0.6061,7.71
2730,3894,39,0.5909,7.79
2730,6541,33,0.5000,4.75
2730,3895,31,0.4697,7.72
2730,3703,29,0.4394,7.39
2730,3709b,29,0.4394,5.79
2730,3737,29,0.4394,5.10
2730,32000,29,0.4394,4.62
2730,3707,29,0.4394,4.09
2780,6558,198,0.5964,4.28
2780,32184,128,0.3855,4.00
2780,42003,112,0.3373,4.01
2780,32525,101,0.3042,4.05
2780,11214,92,0.2771,4.01
2780,32009,88,0.2651,4.04
2780,41239,87,0.2620,4.04
2780,48989,79,0.2380,4.10
2780,59426,77,0.2319,4.04
2780,41678,75,0.2259,4.24
2780,87082,75,0.2259,4.03
2780,15100,72,0.2169,4.35
32000,6628,39,0.2806,4.02
32000,60479,36,0.2590,4.12
32000,55013,35,0.2518,4.33
32000,60485,34,0.2446,4.53
32000,6553,34,0.2446,4.07
32000,92280,33,0.2374,4.51
32000,6179,32,0.2302,4.37
32000,43857,30,0.2158,4.15
32000,2730,29,0.2086,4.62
32000,32018,28,0.2014,5.08
32000,2819,27,0.1942,4.18
32000,42610,27,0.1942,4.06
32001,3701,23,0.6053,4.97
32001,3709b,21,0.5526,7.28
32001,32000,21,0.5526,5.82
32001,6541,19,0.5000,4.75
32001,3894,18,0.4737,6.24
32001,3702,16,0.4211,5.36
32001,2730,15,0.3947,8.75
32001,3738,15,0.3947,6.64
32001,32064a,15,0.3947,5.83
32001,60479,14,0.3684,5.86
32001,6134,14,0.3684,4.69
32001,30363,13,0.3421,9.44
32530,43093,29,0.5577,4.02
32530,6541,28,0.5385,5.12
32530,3701,27,0.5192,4.27
32530,32523,26,0.5000,4.43
32530,32054,26,0.5000,4.13
32530,30414,26,0.5000,4.02
32530,32064a,23,0.4423,6.54
32530,60478,22,0.4231,4.33
32530,6134,21,0.4038,5.14
32530,3702,21,0.4038,5.14
32530,32000,21,0.4038,4.25
32530,3894,20,0.3846,5.07
3747b,48336,35,0.5645,4.11
3747b,30414,31,0.5000,4.02
3747b,60479,22,0.3548,5.64
3747b,32064a,22,0.3548,5.24
3747b,63868,19,0.3065,4.23
3747b,60470a,18,0.2903,6.74
3747b,2730,17,0.2742,6.08
3747b,6179,16,0.2581,4.90
3747b,42610,15,0.2419,5.06
3747b,54384,14,0.2258,6.48
3747b,54383,14,0.2258,6.35
3747b,6180,14,0.2258,6.12
60474,87087,33,0.4925,4.17
60474,59900,32,0.4776,4.96
60474,87580,30,0.4478,4.96
60474,63868,29,0.4328,5.97
60474,60478,29,0.4328,4.43
60474,4865b,27,0.4030,5.72
60474,99206,27,0.4030,5.00
60474,18674,25,0.3731,8.15
60474,61252,24,0.3582,6.24
60474,99781,24,0.3582,6.09
60474,60479,24,0.3582,5.70
60474,99780,24,0.3582,4.09
87552,87079,44,0.8800,5.19
87552,87087,35,0.7000,5.92
87552,48336,35,0.7000,5.10
87552,85984,35,0.7000,4.51
87552,87580,33,0.6600,7.32
87552,6091,32,0.6400,4.78
87552,44728,31,0.6200,4.14
87552,63864,30,0.6000,4.93
87552,30414,30,0.6000,4.82
87552,4865b,28,0.5600,7.95
87552,2445,27,0.5400,4.01
87552,92593,26,0.5200,5.72
64644,87087,42,0.6269,5.30
64644,59900,40,0.5970,6.19
64644,15573,40,0.5970,5.05
64644,63864,39,0.5821,4.78
64644,87580,38,0.5672,6.29
64644,60478,33,0.4925,5.04
64644,11211,31,0.4627,5.33
64644,61252,30,0.4478,7.80
64644,4865b,30,0.4478,6.36
64644,15068,29,0.4328,4.19
64644,15712,28,0.4179,5.99
64644,63868,28,0.4179,5.77
32016,4519,69,0.9324,5.29
32016,32062,68,0.9189,5.07
32016,32073,63,0.8514,7.24
32016,3713,62,0.8378,4.35
32016,32054,58,0.7838,6.48
32016,32316,57,0.7703,7.41
32016,43093,56,0.7568,5.45
32016,3705,56,0.7568,4.06
32016,32140,55,0.7432,7.30
32016,32013,55,0.7432,6.36
32016,6558,55,0.7432,5.33
32016,32526,54,0.7297,7.47
32123b,4519,111,0.8538,4.84
32123b,32062,106,0.8154,4.50
32123b,43093,95,0.7308,5.27
32123b,59443,93,0.7154,5.75
32123b,6558,89,0.6846,4.91
32123b,32073,87,0.6692,5.69
32123b,32054,85,0.6538,5.40
32123b,32523,83,0.6385,5.66
32123b,32013,83,0.6385,5.46
32123b,6536,82,0.6308,5.49
32123b,32526,77,0.5923,6.06
32123b,32316,77,0.5923,5.70
4519,32062,195,0.7558,4.17
4519,3705,195,0.7558,4.05
4519,3706,166,0.6434,4.06
4519,6558,165,0.6395,4.59
4519,6536,155,0.6008,5.23
4519,32073,155,0.6008,5.11
4519,43093,154,0.5969,4.30
4519,32013,150,0.5814,4.97
4519,32054,149,0.5775,4.77
4519,32523,141,0.5465,4.85
4519,59443,141,0.5465,4.39
4519,32316,139,0.5388,5.19
61184,63864,19,0.5758,4.73
61184,59443,19,0.5758,4.63
61184,62462,17,0.5152,4.60
61184,32123b,16,0.4848,5.46
61184,32034,16,0.4848,5.07
61184,32073,16,0.4848,4.12
61184,32054,16,0.4848,4.01
61184,6589,14,0.4242,5.40
61184,32524,14,0.4242,4.37
61184,44294,14,0.4242,4.37
61184,6541,14,0.4242,4.03
61184,18651,13,0.3939,6.55
4490,3659,22,0.5366,9.46
4490,59900,19,0.4634,4.81
4490,4282,19,0.4634,4.13
4490,87580,17,0.4146,4.60
4490,3830,14,0.3415,7.46
4490,3831,14,0.3415,7.46
4490,64644,12,0.2927,6.39
4490,4733,12,0.2927,4.51
4490,4498,11,0.2683,20.66
4490,4499,11,0.2683,20.66
4490,2339,11,0.2683,11.21
4490,30357,11,0.2683,5.53
4495b,59900,8,0.7273,7.55
4495b,87580,7,0.6364,7.05
4495b,44728,7,0.6364,4.25
4495b,85984,7,0.6364,4.10
4495b,92244,6,0.5455,26.60
4495b,92248,6,0.5455,26.60
4495b,92245,6,0.5455,24.94
4495b,4460b,6,0.5455,19.95
4495b,4599b,6,0.5455,12.67
4495b,98283,5,0.4545,17.05
4495b,33291,5,0.4545,14.46
4495b,2343,5,0.4545,11.88
4282,2465,49,0.2988,4.42
4282,60479,44,0.2683,4.27
4282,6112,31,0.1890,4.01
4282,4510,30,0.1829,4.18
4282,87552,26,0.1585,4.64
4282,92438,25,0.1524,5.87
4282,60596,25,0.1524,4.96
61252,85984,54,0.6429,4.14
61252,15573,51,0.6071,5.13
61252,63864,49,0.5833,4.79
61252,87087,48,0.5714,4.83
61252,60478,46,0.5476,5.60
61252,87580,45,0.5357,5.94
61252,11211,43,0.5119,5.90
61252,99780,41,0.4881,5.58
61252,59900,41,0.4881,5.06
61252,11477,41,0.4881,4.03
61252,15712,39,0.4643,6.66
61252,15068,39,0.4643,4.50
4498,4499,19,1.0000,77.00
4498,4497,17,0.8947,46.75
4498,3847,12,0.6316,48.63
4498,4491a,12,0.6316,48.63
4498,4495a,11,0.5789,26.47
4498,4490,11,0.5789,20.66
4498,3957a,11,0.5789,4.11
4498,3896,10,0.5263,64.17
4498,3830,10,0.5263,11.49
4498,3831,10,0.5263,11.49
4498,3626ap01,10,0.5263,10.85
4498,4444,9,0.4737,53.31
4499,4498,19,1.0000,77.00
4499,4497,17,0.8947,46.75
4499,3847,12,0.6316,48.63
4499,4491a,12,0.6316,48.63
4499,4495a,11,0.5789,26.47
4499,4490,11,0.5789,20.66
4499,3957a,11,0.5789,4.11
4499,3896,10,0.5263,64.17
4499,3830,10,0.5263,11.49
4499,3831,10,0.5263,11.49
4499,3626ap01,10,0.5263,10.85
4499,4444,9,0.4737,53.31
99780,87079,96,0.7500,4.42
99780,11477,92,0.7188,5.94
99780,85984,90,0.7031,4.53
99780,15068,82,0.6406,6.21
99780,15573,81,0.6328,5.35
99780,98138,80,0.6250,4.86
99780,63864,77,0.6016,4.94
99780,87087,72,0.5625,4.76
99780,11211,70,0.5469,6.30
99780,99206,69,0.5391,6.68
99780,99207,61,0.4766,7.58
99780,99781,60,0.4688,7.97
87079,63864,128,0.5161,4.24
87079,11477,125,0.5040,4.17
87079,15573,122,0.4919,4.16
87079,15068,120,0.4839,4.69
87079,92593,109,0.4395,4.83
87079,11476,100,0.4032,5.22
87079,22885,99,0.3992,5.31
87079,87580,98,0.3952,4.38
87079,11211,97,0.3911,4.51
87079,99780,96,0.3871,4.42
87079,99206,93,0.3750,4.65
87079,25269,78,0.3145,5.00
14769,15573,40,0.8163,6.90
14769,98138,39,0.7959,6.19
14769,87079,38,0.7755,4.57
14769,11477,34,0.6939,5.74
14769,63864,34,0.6939,5.70
14769,87087,33,0.6735,5.70
14769,15068,31,0.6327,6.13
14769,85984,31,0.6327,4.08
14769,87580,27,0.5510,6.11
14769,11211,26,0.5306,6.11
14769,99780,26,0.5306,6.06
14769,60478,26,0.5306,5.43
15573,87079,122,0.7052,4.16
15573,85984,112,0.6474,4.17
15573,11477,105,0.6069,5.02
15573,98138,103,0.5954,4.63
15573,15068,95,0.5491,5.32
15573,63864,91,0.5260,4.32
15573,11211,89,0.5145,5.93
15573,87087,88,0.5087,4.30
15573,15712,85,0.4913,7.05
15573,99780,81,0.4682,5.35
15573,87580,81,0.4682,5.19
15573,99206,76,0.4393,5.45
30136,59900,38,0.4872,5.05
30136,87087,38,0.4872,4.12
30136,85861,33,0.4231,7.11
30136,87580,33,0.4231,4.69
30136,60478,33,0.4231,4.33
30136,99780,31,0.3974,4.54
30136,6134,30,0.3846,4.89
30136,60897,29,0.3718,5.28
30136,15712,28,0.3590,5.15
30136,11211,28,0.3590,4.14
30136,60479,27,0.3462,5.50
30136,63868,27,0.3462,4.78
3046,2357,20,0.6897,4.26
3046,3037,17,0.5862,4.76
3046,59900,14,0.4828,5.01
3046,4282,14,0.4828,4.31
3046,87580,13,0.4483,4.97
3046,60478,12,0.4138,4.23
3046,60479,11,0.3793,6.03
3046,6134,11,0.3793,4.83
3046,99780,11,0.3793,4.34
3046,2456,11,0.3793,4.11
3046,60596,10,0.3448,11.21
3046,3038,10,0.3448,6.23
30526,6636,20,0.9091,4.94
30526,44728,18,0.8182,5.47
30526,32062,18,0.8182,4.52
30526,32064a,17,0.7727,11.42
30526,3701,17,0.7727,6.35
30526,30414,17,0.7727,6.21
30526,2445,15,0.6818,5.06
30526,60479,14,0.6364,10.12
30526,6541,14,0.6364,6.05
30526,63864,14,0.6364,5.23
30526,85984,14,0.6364,4.10
30526,3702,13,0.5909,7.52
43888,64644,13,0.5909,12.90
43888,87580,13,0.5909,6.55
43888,59900,13,0.5909,6.13
43888,87087,13,0.5909,5.00
43888,2445,13,0.5909,4.39
43888,30136,12,0.5455,10.23
43888,4865b,12,0.5455,7.75
43888,60478,12,0.5455,5.58
43888,30374,12,0.5455,4.56
43888,15712,11,0.5000,7.17
43888,4282,11,0.5000,4.46
43888,15573,11,0.5000,4.23
59426,32062,77,0.9167,5.06
59426,2780,77,0.9167,4.04
59426,43093,76,0.9048,6.52
59426,3713,75,0.8929,4.63
59426,6558,72,0.8571,6.15
59426,4519,72,0.8571,4.86
59426,32523,70,0.8333,7.39
59426,59443,69,0.8214,6.60
59426,3705,69,0.8214,4.40
59426,32054,68,0.8095,6.69
59426,32316,67,0.7976,7.68
59426,44294,64,0.7619,7.85
60477,6636,34,0.8500,4.62
60477,85984,32,0.8000,5.16
60477,87079,29,0.7250,4.28
60477,63864,28,0.7000,5.75
60477,30414,27,0.6750,5.43
60477,98138,27,0.6750,5.25
60477,60478,26,0.6500,6.65
60477,11477,26,0.6500,5.37
60477,99207,25,0.6250,9.94
60477,6541,25,0.6250,5.94
60477,15573,25,0.6250,5.29
60477,87087,25,0.6250,5.29
60479,6636,80,0.8696,4.73
60479,87079,64,0.6957,4.10
60479,32028,62,0.6739,4.14
60479,63864,61,0.6630,5.45
60479,44728,60,0.6522,4.36
60479,60478,58,0.6304,6.45
60479,2445,58,0.6304,4.68
60479,30414,57,0.6196,4.98
60479,87087,54,0.5870,4.96
60479,48336,54,0.5870,4.27
60479,6541,51,0.5543,5.27
60479,6091,51,0.5543,4.14
63868,85984,75,0.7075,4.56
63868,87079,74,0.6981,4.12
63868,60478,63,0.5943,6.08
63868,63864,63,0.5943,4.88
63868,48336,61,0.5755,4.19
63868,15573,58,0.5472,4.63
63868,98138,58,0.5472,4.26
63868,87087,56,0.5283,4.47
63868,11477,55,0.5189,4.29
63868,15068,52,0.4906,4.75
63868,99780,50,0.4717,5.39
63868,87580,48,0.4528,5.02
64951,87087,8,0.8889,7.52
64951,59900,7,0.7778,8.07
64951,48336,7,0.7778,5.66
64951,88072,6,0.6667,15.24
64951,63868,6,0.6667,9.20
64951,30374,6,0.6667,5.57
64951,50950,6,0.6667,5.45
64951,98138,6,0.6667,5.19
64951,44728,6,0.6667,4.45
64951,4599b,5,0.5556,12.90
64951,92280,5,0.5556,10.56
64951,30136,5,0.5556,10.42
87087,63864,100,0.5780,4.75
87087,15573,88,0.5087,4.30
87087,11477,86,0.4971,4.11
87087,87580,81,0.4682,5.19
87087,15068,80,0.4624,4.48
87087,11211,75,0.4335,4.99
87087,99780,72,0.4162,4.76
87087,60478,71,0.4104,4.20
87087,99206,70,0.4046,5.02
87087,59900,68,0.3931,4.08
87087,60897,63,0.3642,5.17
87087,15712,61,0.3526,5.06
92947,6636,20,0.7692,4.18
92947,87079,18,0.6923,4.08
92947,15573,17,0.6538,5.53
92947,63864,17,0.6538,5.37
92947,98138,17,0.6538,5.09
92947,85984,17,0.6538,4.21
92947,85861,16,0.6154,10.35
92947,11477,16,0.6154,5.09
92947,99780,15,0.5769,6.59
92947,87580,15,0.5769,6.39
92947,59443,15,0.5769,4.64
92947,18674,14,0.5385,11.76
6126b,63868,6,0.7500,10.35
6126b,59900,6,0.7500,7.78
6126b,85984,6,0.7500,4.83
6126b,3941,6,0.7500,4.16
6126b,4865b,5,0.6250,8.88
6126b,60897,5,0.6250,8.88
6126b,87580,5,0.6250,6.93
6126b,2877,5,0.6250,5.64
6126b,87087,5,0.6250,5.29
6126b,30374,5,0.6250,5.22
6126b,63864,5,0.6250,5.14
6126b,98138,5,0.6250,4.86
74698,30395,5,0.8333,34.83
74698,60479,4,0.6667,10.60
74698,4865b,4,0.6667,9.47
74698,32278,4,0.6667,9.38
74698,63868,4,0.6667,9.20
74698,32000,4,0.6667,7.02
74698,60478,4,0.6667,6.82
74698,15573,4,0.6667,5.64
74698,59443,4,0.6667,5.36
74698,98138,4,0.6667,5.19
74698,44728,4,0.6667,4.45
74698,85984,4,0.6667,4.30
32012,32062,15,1.0000,5.52
32012,3713,15,1.0000,5.19
32012,2780,14,0.9333,4.11
32012,6536,13,0.8667,7.55
32012,4519,13,0.8667,4.91
32012,3705,13,0.8667,4.64
32012,32278,12,0.8000,11.25
32012,32039,12,0.8000,8.93
32012,32034,12,0.8000,8.36
32012,32526,12,0.8000,8.18
32012,6632,12,0.8000,7.86
32012,32523,12,0.8000,7.09
32333,32523,23,1.0000,8.87
32333,32062,23,1.0000,5.52
32333,32140,22,0.9565,9.39
32333,32316,22,0.9565,9.21
32333,32013,22,0.9565,8.18
32333,32073,22,0.9565,8.14
32333,4519,22,0.9565,5.42
32333,4274,22,0.9565,4.31
32333,2851,21,0.9130,24.29
32333,2852,21,0.9130,23.43
32333,40490,21,0.9130,10.04
32333,32184,21,0.9130,9.47
3028,60479,26,0.2600,4.13
3028,6179,23,0.2300,4.37
3028,30136,22,0.2200,4.13
3028,3006,20,0.2000,4.64
3028,2449,16,0.1600,5.71
3028,60596,15,0.1500,4.88
43898,63864,28,0.4912,4.04
43898,87580,24,0.4211,4.67
43898,60479,20,0.3509,5.58
43898,6134,19,0.3333,4.24
43898,99206,19,0.3333,4.13
43898,18674,16,0.2807,6.13
43898,30136,16,0.2807,5.26
43898,99207,16,0.2807,4.46
43898,15712,16,0.2807,4.03
43898,6179,15,0.2632,5.00
43898,99781,15,0.2632,4.48
43898,47905,14,0.2456,5.80
47905,32028,44,0.7097,4.36
47905,30414,33,0.5323,4.28
47905,60479,32,0.5161,8.21
47905,59900,31,0.5000,5.19
47905,87087,31,0.5000,4.23
47905,60478,30,0.4839,4.95
47905,6541,27,0.4355,4.14
47905,60897,24,0.3871,5.50
47905,11211,23,0.3710,4.27
47905,2429,22,0.3548,4.59
47905,2430,22,0.3548,4.59
47905,85861,21,0.3387,5.70
32278,32062,97,0.9327,5.15
32278,4519,95,0.9135,5.18
32278,3713,95,0.9135,4.74
32278,32523,94,0.9038,8.01
32278,4274,93,0.8942,4.03
32278,32054,91,0.8750,7.23
32278,32316,90,0.8654,8.33
32278,32140,89,0.8558,8.40
32278,43093,89,0.8558,6.17
32278,32073,87,0.8365,7.12
32278,32526,86,0.8269,8.46
32278,32184,85,0.8173,8.48
60485,59443,73,0.9241,7.43
60485,4519,73,0.9241,5.24
60485,32062,73,0.9241,5.10
60485,3713,73,0.9241,4.79
60485,4274,73,0.9241,4.16
60485,32523,71,0.8987,7.97
60485,43093,69,0.8734,6.29
60485,3705,69,0.8734,4.68
60485,32054,68,0.8608,7.11
60485,32073,67,0.8481,7.21
60485,62462,66,0.8354,7.45
60485,6558,66,0.8354,5.99
32062,4519,195,0.7358,4.17
32062,43093,165,0.6226,4.49
32062,6558,165,0.6226,4.47
32062,32073,157,0.5925,5.04
32062,32054,157,0.5925,4.90
32062,6536,156,0.5887,5.13
32062,59443,154,0.5811,4.67
32062,32013,151,0.5698,4.88
32062,32523,147,0.5547,4.92
32062,32316,141,0.5321,5.12
32062,32140,139,0.5245,5.15
32062,32034,134,0.5057,5.28
32523,3713,148,0.8970,4.65
32523,32062,147,0.8909,4.92
32523,4519,141,0.8545,4.85
32523,43093,137,0.8303,5.98
32523,32054,133,0.8061,6.66
32523,6558,133,0.8061,5.78
32523,3705,131,0.7939,4.25
32523,32140,128,0.7758,7.62
32523,32526,123,0.7455,7.63
32523,32316,123,0.7455,7.17
32523,32073,123,0.7455,6.34
32523,6536,122,0.7394,6.44
59443,32062,154,0.8462,4.67
59443,4519,141,0.7747,4.39
59443,43093,132,0.7253,5.23
59443,32073,124,0.6813,5.80
59443,32054,123,0.6758,5.59
59443,32523,120,0.6593,5.85
59443,6558,119,0.6538,4.69
59443,62462,113,0.6209,5.54
59443,32316,112,0.6154,5.92
59443,32524,110,0.6044,6.23
59443,32526,109,0.5989,6.13
59443,32013,108,0.5934,5.08
3713,3705,214,0.7589,4.07
3713,3706,188,0.6667,4.20
3713,6558,161,0.5709,4.09
3713,32523,148,0.5248,4.65
3713,32073,147,0.5213,4.43
3713,6536,144,0.5106,4.45
3713,32054,142,0.5035,4.16
3713,32140,137,0.4858,4.77
3713,32013,136,0.4823,4.13
3713,32316,135,0.4787,4.61
3713,32526,131,0.4645,4.75
3713,6632,130,0.4610,4.53
3894,3701,82,0.7387,6.07
3894,3749,79,0.7117,4.00
3894,3706,74,0.6667,4.20
3894,3702,69,0.6216,7.91
3894,3895,61,0.5495,9.03
3894,3707,55,0.4955,4.62
3894,3703,50,0.4505,7.57
3894,3737,48,0.4324,5.02
3894,3709b,46,0.4144,5.46
3894,3708,46,0.4144,5.27
3894,3647,43,0.3874,6.91
3894,3738,42,0.3784,6.36
92593,87079,109,0.8195,4.83
92593,85984,94,0.7068,4.56
92593,11476,76,0.5714,7.40
92593,22885,75,0.5639,7.50
92593,11477,74,0.5564,4.60
92593,15068,73,0.5489,5.32
92593,99206,63,0.4737,5.87
92593,99780,60,0.4511,5.16
92593,11211,59,0.4436,5.11
92593,87580,50,0.3759,4.17
92593,25269,49,0.3684,5.86
92593,63868,42,0.3158,4.36
15535,98138,50,0.8065,6.28
15535,11477,46,0.7419,6.13
15535,87079,44,0.7097,4.19
15535,63864,42,0.6774,5.57
15535,15573,41,0.6613,5.59
15535,99780,40,0.6452,7.37
15535,59443,39,0.6290,5.06
15535,85984,39,0.6290,4.05
15535,43093,38,0.6129,4.42
15535,15068,35,0.5645,5.47
15535,87087,35,0.5645,4.77
15535,30374,35,0.5645,4.72
15706,11477,8,1.0000,8.27
15706,63868,7,0.8750,12.08
15706,87580,7,0.8750,9.70
15706,85984,7,0.8750,5.64
15706,85861,6,0.7500,12.61
15706,15068,6,0.7500,7.27
15706,15573,6,0.7500,6.34
15706,3701,6,0.7500,6.16
15706,98138,6,0.7500,5.84
15706,48336,6,0.7500,5.46
15706,44728,6,0.7500,5.01
15706,87079,6,0.7500,4.42
15712,15573,85,0.8333,7.05
15712,87079,72,0.7059,4.16
15712,85984,70,0.6863,4.42
15712,15068,66,0.6471,6.27
15712,11477,66,0.6471,5.35
15712,98138,65,0.6373,4.96
15712,87087,61,0.5980,5.06
15712,11211,60,0.5882,6.78
15712,85861,58,0.5686,9.56
15712,99780,56,0.5490,6.28
15712,63864,55,0.5392,4.43
15712,59900,53,0.5196,5.39
18649,85984,22,0.8462,5.45
18649,15573,21,0.8077,6.83
18649,11477,21,0.8077,6.68
18649,63868,20,0.7692,10.62
18649,98138,20,0.7692,5.99
18649,85861,19,0.7308,12.29
18649,15712,19,0.7308,10.48
18649,99780,19,0.7308,8.35
18649,63864,19,0.7308,6.01
18649,87079,19,0.7308,4.31
18649,15068,18,0.6923,6.71
18649,87087,17,0.6538,5.53
21445,99780,5,1.0000,11.43
21445,15573,5,1.0000,8.46
21445,98138,5,1.0000,7.78
21445,99781,4,0.8000,13.61
21445,99207,4,0.8000,12.72
21445,15712,4,0.8000,11.47
21445,87580,4,0.8000,8.87
21445,15068,4,0.8000,7.75
21445,11477,4,0.8000,6.61
21445,6091,4,0.8000,5.97
21445,85984,4,0.8000,5.16
21445,32028,4,0.8000,4.92
44567b,87580,5,1.0000,11.08
44567b,15573,5,1.0000,8.46
44567b,11477,5,1.0000,8.27
44567b,22961,4,0.8000,19.84
44567b,30553,4,0.8000,18.58
44567b,99207,4,0.8000,12.72
44567b,15712,4,0.8000,11.47
44567b,15068,4,0.8000,7.75
44567b,98138,4,0.8000,6.23
44567b,85984,4,0.8000,5.16
44567b,87079,4,0.8000,4.72
44567b,3941,4,0.8000,4.43
48729b,98138,46,0.7667,5.97
48729b,11477,38,0.6333,5.23
48729b,63864,36,0.6000,4.93
48729b,62462,34,0.5667,5.06
48729b,15573,34,0.5667,4.79
48729b,43093,34,0.5667,4.08
48729b,87994,33,0.5500,10.59
48729b,18654,31,0.5167,8.40
48729b,32123b,31,0.5167,5.81
48729b,30374,31,0.5167,4.32
48729b,59443,31,0.5167,4.15
48729b,15712,30,0.5000,7.17
98397,98138,8,0.7273,5.66
98397,87580,7,0.6364,7.05
98397,59900,7,0.6364,6.60
98397,15573,7,0.6364,5.38
98397,11477,7,0.6364,5.26
98397,88072,6,0.5455,12.47
98397,4865b,6,0.5455,7.75
98397,63868,6,0.5455,7.53
98397,11476,6,0.5455,7.06
98397,60478,6,0.5455,5.58
98397,6231,6,0.5455,5.54
98397,87087,6,0.5455,4.61
99207,85984,72,0.7826,5.04
99207,11477,69,0.7500,6.20
99207,87079,69,0.7500,4.42
99207,15068,64,0.6957,6.74
99207,98138,64,0.6957,5.41
99207,99780,61,0.6630,7.58
99207,15573,61,0.6630,5.61
99207,63864,61,0.6630,5.45
99207,87087,60,0.6522,5.52
99207,44728,57,0.6196,4.14
99207,99206,55,0.5978,7.41
99207,11211,55,0.5978,6.89
18651,43093,82,0.9318,6.72
18651,4519,79,0.8977,5.09
18651,4274,79,0.8977,4.04
18651,32062,78,0.8864,4.89
18651,59443,75,0.8523,6.85
18651,3713,75,0.8523,4.42
18651,32054,73,0.8295,6.86
18651,32523,71,0.8068,7.15
18651,11214,69,0.7841,11.36
18651,6536,69,0.7841,6.83
18651,32073,69,0.7841,6.67
18651,6558,69,0.7841,5.62
32064a,3701,55,0.5556,4.57
32064a,30414,53,0.5354,4.30
32064a,6541,45,0.4545,4.32
32064a,60479,37,0.3737,5.94
32064a,6134,37,0.3737,4.75
32064a,99780,36,0.3636,4.16
32064a,6587,35,0.3535,4.54
32064a,11211,35,0.3535,4.07
32064a,3702,34,0.3434,4.37
32064a,99207,33,0.3333,5.30
32064a,63868,33,0.3333,4.60
32064a,99206,32,0.3232,4.01
4287a,3665a,51,0.6800,4.44
4287a,3894,27,0.3600,4.74
4287a,63868,25,0.3333,4.60
4287a,3702,25,0.3333,4.24
4287a,60479,24,0.3200,5.09
4287a,2730,22,0.2933,6.50
4287a,99207,22,0.2933,4.66
4287a,3703,21,0.2800,4.71
4287a,61678,21,0.2800,4.18
4287a,88072,16,0.2133,4.88
4287a,92280,16,0.2133,4.05
4287a,32018,15,0.2000,5.04
16770,15573,4,1.0000,8.46
16770,85984,4,1.0000,6.44
6553,32062,70,0.7955,4.39
6553,4519,68,0.7727,4.38
6553,3705,68,0.7727,4.14
6553,6536,58,0.6591,5.74
6553,32054,57,0.6477,5.35
6553,6558,57,0.6477,4.65
6553,32073,54,0.6136,5.22
6553,6632,53,0.6023,5.91
6553,43093,53,0.6023,4.34
6553,32039,52,0.5909,6.60
6553,32013,51,0.5795,4.96
6553,59443,48,0.5455,4.38
6632,4519,134,0.8993,5.10
6632,32062,134,0.8993,4.96
6632,3713,130,0.8725,4.53
6632,3705,121,0.8121,4.35
6632,6536,117,0.7852,6.84
6632,6558,114,0.7651,5.49
6632,32073,113,0.7584,6.45
6632,43093,107,0.7181,5.18
6632,32140,106,0.7114,6.99
6632,32523,103,0.6913,6.13
6632,32054,103,0.6913,5.71
6632,32316,102,0.6846,6.59
3675,2357,21,0.6774,4.18
3675,3297,17,0.5484,8.02
3675,4282,15,0.4839,4.32
3675,2456,13,0.4194,4.54
3675,3029,13,0.4194,4.32
3675,6231,13,0.4194,4.26
3675,6111,12,0.3871,5.61
3675,3033,12,0.3871,4.07
3675,3007,11,0.3548,5.70
3675,4161,10,0.3226,17.48
3675,3633,9,0.2903,4.83
3675,2465,9,0.2903,4.29
3701,3702,87,0.4888,6.22
3701,3894,82,0.4607,6.07
3701,3707,81,0.4551,4.24
3701,3709b,70,0.3933,5.18
3701,3895,68,0.3820,6.28
3701,3703,67,0.3764,6.33
3701,3737,65,0.3652,4.24
3701,3708,61,0.3427,4.36
3701,3738,60,0.3371,5.67
3701,32064a,55,0.3090,4.57
3701,3647,53,0.2978,5.31
3701,2730,50,0.2809,6.23
62360,44728,8,0.6154,4.11
62360,61678,7,0.5385,8.04
62360,32123a,7,0.5385,6.30
62360,3701,7,0.5385,4.43
62360,52031,6,0.4615,17.77
62360,62361,5,0.3846,24.46
62360,44126,5,0.3846,18.76
62360,32064a,5,0.3846,5.68
62360,51739,4,0.3077,6.34
62360,4287a,4,0.3077,6.00
62360,61252,4,0.3077,5.36
62360,99207,4,0.3077,4.89
4595,3838,28,0.4912,5.49
4595,4276b,18,0.3158,4.09
4595,4735,16,0.2807,5.07
4595,4275b,16,0.2807,5.01
4595,4590,15,0.2632,5.42
4595,2569,15,0.2632,4.64
4595,4598,13,0.2281,8.78
4595,752,13,0.2281,7.41
4595,4531,13,0.2281,4.51
4595,4730,12,0.2105,10.62
4595,4229,12,0.2105,9.06
4595,2340,11,0.1930,7.84
10169,32607,4,1.0000,56.27
10169,24866,4,1.0000,35.68
10169,18674,4,1.0000,21.84
10169,64644,4,1.0000,21.84
10169,25269,4,1.0000,15.90
10169,93273,4,1.0000,14.63
10169,60897,4,1.0000,14.20
10169,22885,4,1.0000,13.30
10169,11476,4,1.0000,12.95
10169,99780,4,1.0000,11.43
10169,87580,4,1.0000,11.08
10169,59900,4,1.0000,10.38
32607,87079,23,0.8846,5.22
32607,24866,21,0.8077,28.82
32607,59900,21,0.8077,8.38
32607,15573,21,0.8077,6.83
32607,85861,20,0.7692,12.94
32607,15068,20,0.7692,7.45
32607,15712,19,0.7308,10.48
32607,11476,19,0.7308,9.46
32607,87580,19,0.7308,8.10
32607,60478,19,0.7308,7.48
32607,18674,18,0.6923,15.12
32607,22885,18,0.6923,9.21
11062,98283,5,1.0000,37.51
11062,60475b,5,1.0000,34.83
11062,11090,5,1.0000,34.02
11062,60596,5,1.0000,32.51
11062,18674,5,1.0000,21.84
11062,64644,5,1.0000,21.84
11062,87994,5,1.0000,19.25
11062,61252,5,1.0000,17.42
11062,85861,5,1.0000,16.82
11062,3899,5,1.0000,16.44
11062,60479,5,1.0000,15.90
11062,99207,5,1.0000,15.90
15395,11211,15,0.8824,10.16
15395,15573,15,0.8824,7.46
15395,98138,15,0.8824,6.87
15395,15712,14,0.8235,11.81
15395,99780,14,0.8235,9.41
15395,15068,14,0.8235,7.98
15395,30374,14,0.8235,6.88
15395,11477,14,0.8235,6.81
15395,87079,14,0.8235,4.86
15395,6636,14,0.8235,4.48
15395,99781,13,0.7647,13.01
15395,85861,13,0.7647,12.86
27263,15573,22,0.8462,7.16
27263,63864,22,0.8462,6.95
27263,87079,22,0.8462,4.99
27263,6636,22,0.8462,4.60
27263,15712,21,0.8077,11.58
27263,85861,20,0.7692,12.94
27263,99780,20,0.7692,8.79
27263,32828,19,0.7308,26.73
27263,87994,19,0.7308,14.07
27263,26603,19,0.7308,13.88
27263,15068,19,0.7308,7.08
27263,11477,19,0.7308,6.04
35787,25269,20,0.9091,14.46
35787,87079,19,0.8636,5.09
35787,33909,18,0.8182,23.47
35787,11211,18,0.8182,9.43
35787,99780,18,0.8182,9.35
35787,15573,18,0.8182,6.92
35787,2357,18,0.8182,5.05
35787,15712,17,0.7727,11.08
35787,6636,17,0.7727,4.20
35787,20482,16,0.7273,21.71
35787,99207,16,0.7273,11.57
35787,87580,16,0.7273,8.06
49307,33909,18,0.9000,25.82
49307,15712,18,0.9000,12.91
49307,11211,18,0.9000,10.37
49307,15573,18,0.9000,7.61
49307,87079,18,0.9000,5.31
49307,25269,17,0.8500,13.52
49307,87087,17,0.8500,7.19
49307,11477,17,0.8500,7.03
49307,63864,17,0.8500,6.99
49307,85984,17,0.8500,5.48
49307,26603,16,0.8000,15.20
49307,22885,16,0.8000,10.64
60593,85984,17,0.8500,5.48
60593,6636,17,0.8500,4.62
60593,60592,16,0.8000,31.63
60593,87087,16,0.8000,6.77
60593,6091,16,0.8000,5.97
60593,48336,16,0.8000,5.82
60593,2357,16,0.8000,4.94
60593,32028,16,0.8000,4.92
60593,87079,16,0.8000,4.72
60593,3008,16,0.8000,4.15
60593,60602,15,0.7500,64.54
60593,60601,15,0.7500,35.40
60602,6636,16,0.9412,5.12
60602,60593,15,0.8824,64.54
60602,48336,15,0.8824,6.42
60602,60601,14,0.8235,38.87
60602,60592,14,0.8235,32.56
60602,6091,14,0.8235,6.15
60602,44728,14,0.8235,5.50
60602,2357,14,0.8235,5.08
60602,32028,14,0.8235,5.06
60602,87079,14,0.8235,4.86
60602,60596,13,0.7647,24.86
60602,60478,13,0.7647,7.82
60616b,60596,12,1.0000,32.51
60616b,60474,11,0.9167,20.02
60616b,4865b,11,0.9167,13.02
60616b,87580,11,0.9167,10.16
60616b,87087,11,0.9167,7.75
60616b,2357,11,0.9167,5.66
60616b,87079,11,0.9167,5.41
60616b,59900,10,0.8333,8.65
60616b,6636,10,0.8333,4.53
60616b,3008,10,0.8333,4.32
60616b,98283,9,0.7500,28.13
60616b,87552,9,0.7500,21.95
60623,60596,25,1.0000,32.51
60623,48336,21,0.8400,6.11
60623,2357,21,0.8400,5.19
60623,3008,20,0.8000,4.15
60623,60592,19,0.7600,30.05
60623,59900,19,0.7600,7.89
60623,6091,19,0.7600,5.67
60623,4740,19,0.7600,4.38
60623,60594,18,0.7200,28.47
60623,32028,18,0.7200,4.43
60623,87087,17,0.6800,5.75
60623,87079,17,0.6800,4.01
11090,15573,31,0.7209,6.10
11090,87079,31,0.7209,4.25
11090,85984,30,0.6977,4.50
11090,98138,29,0.6744,5.25
11090,11477,28,0.6512,5.38
11090,63864,28,0.6512,5.35
11090,99206,27,0.6279,7.78
11090,87994,26,0.6047,11.64
11090,85861,26,0.6047,10.17
11090,11211,26,0.6047,6.97
11090,99780,26,0.6047,6.91
11090,99207,25,0.5814,9.25
11215,11477,29,0.9355,7.73
11215,98138,29,0.9355,7.28
11215,99780,28,0.9032,10.32
11215,15068,28,0.9032,8.75
11215,85984,27,0.8710,5.61
11215,99207,26,0.8387,13.34
11215,6636,25,0.8065,4.39
11215,99206,24,0.7742,9.60
11215,15573,24,0.7742,6.55
11215,63864,24,0.7742,6.36
11215,87079,24,0.7742,4.57
11215,48336,23,0.7419,5.40
11476,87079,100,0.8850,5.22
11476,22885,87,0.7699,10.24
11476,85984,80,0.7080,4.56
11476,92593,76,0.6726,7.40
11476,15068,76,0.6726,6.52
11476,11477,76,0.6726,5.56
11476,3958,67,0.5929,4.19
11476,15573,66,0.5841,4.94
11476,11211,59,0.5221,6.01
11476,25269,56,0.4956,7.88
11476,99780,55,0.4867,5.56
11476,99206,54,0.4779,5.92
11610,60478,11,0.8462,8.66
11610,11477,11,0.8462,6.99
11610,85984,11,0.8462,5.45
11610,87079,11,0.8462,4.99
11610,99207,10,0.7692,12.23
11610,11211,10,0.7692,8.86
11610,59900,10,0.7692,7.98
11610,15068,10,0.7692,7.45
11610,15573,10,0.7692,6.51
11610,98138,10,0.7692,5.99
11610,6091,10,0.7692,5.74
11610,6636,10,0.7692,4.18
14716,15573,21,0.9545,8.07
14716,85984,20,0.9091,5.86
14716,87079,19,0.8636,5.09
14716,87087,18,0.8182,6.92
14716,2357,18,0.8182,5.05
14716,6636,18,0.8182,4.45
14716,85861,17,0.7727,12.99
14716,11211,16,0.7273,8.38
14716,87580,16,0.7273,8.06
14716,60478,16,0.7273,7.44
14716,15068,16,0.7273,7.05
14716,30374,16,0.7273,6.08
14718,85984,13,0.9286,5.98
14718,6636,13,0.9286,5.05
14718,15573,12,0.8571,7.25
14718,87079,12,0.8571,5.06
14718,3002,12,0.8571,4.07
14718,60479,11,0.7857,12.49
14718,4865b,11,0.7857,11.16
14718,15068,11,0.7857,7.61
14718,44728,11,0.7857,5.25
14718,99207,10,0.7143,11.36
14718,15712,10,0.7143,10.25
14718,63868,10,0.7143,9.86
14719,87079,61,0.8243,4.86
14719,85984,57,0.7703,4.96
14719,15573,56,0.7568,6.40
14719,63864,52,0.7027,5.78
14719,11477,49,0.6622,5.47
14719,87580,48,0.6486,7.19
14719,87087,48,0.6486,5.49
14719,85861,45,0.6081,10.23
14719,11211,45,0.6081,7.01
14719,25269,44,0.5946,9.46
14719,99780,43,0.5811,6.64
14719,98138,43,0.5811,4.52
15254,85861,13,0.8667,14.57
15254,2357,13,0.8667,5.35
15254,87079,13,0.8667,5.11
15254,15712,12,0.8000,11.47
15254,87580,12,0.8000,8.87
15254,15068,12,0.8000,7.75
15254,15573,12,0.8000,6.77
15254,87087,12,0.8000,6.77
15254,11477,12,0.8000,6.61
15254,18674,11,0.7333,16.01
15254,60478,11,0.7333,7.50
15254,4740,11,0.7333,4.22
16577,85861,8,1.0000,16.82
16577,60897,8,1.0000,14.20
16577,2780,8,1.0000,4.41
16577,14719,7,0.8750,17.30
16577,87994,7,0.8750,16.84
16577,92280,7,0.8750,16.62
16577,87580,7,0.8750,9.70
16577,15573,7,0.8750,7.40
16577,87087,7,0.8750,7.40
16577,30374,7,0.8750,7.32
16577,11477,7,0.8750,7.23
16577,98138,7,0.8750,6.81
18653,99207,13,0.9286,14.77
18653,15068,13,0.9286,9.00
18653,11477,13,0.9286,7.68
18653,85984,13,0.9286,5.98
18653,15712,12,0.8571,12.29
18653,11211,12,0.8571,9.87
18653,63864,12,0.8571,7.04
18653,87079,12,0.8571,5.06
18653,36840,11,0.7857,27.37
18653,24201,11,0.7857,25.54
18653,20482,11,0.7857,23.46
18653,35480,11,0.7857,23.46
18674,15573,54,0.8060,6.82
18674,87079,54,0.8060,4.75
18674,85984,51,0.7612,4.91
18674,98138,49,0.7313,5.69
18674,85861,46,0.6866,11.55
18674,87580,45,0.6716,7.44
18674,15712,44,0.6567,9.42
18674,63864,44,0.6567,5.40
18674,11477,43,0.6418,5.30
18674,99780,42,0.6269,7.16
18674,15068,42,0.6269,6.07
18674,30374,42,0.6269,5.24
18920,18674,6,1.0000,21.84
18920,15712,6,1.0000,14.34
18920,4865b,6,1.0000,14.20
18920,15573,6,1.0000,8.46
18920,87087,6,1.0000,8.46
18920,98283,5,0.8333,31.26
18920,60475b,5,0.8333,29.03
18920,11090,5,0.8333,28.35
18920,60596,5,0.8333,27.09
18920,64644,5,0.8333,18.20
18920,14719,5,0.8333,16.48
18920,61252,5,0.8333,14.51
18980,87079,14,0.9333,5.51
18980,25269,12,0.8000,12.72
18980,85984,12,0.8000,5.16
18980,99206,11,0.7333,9.09
18980,15573,11,0.7333,6.20
18980,11477,11,0.7333,6.06
18980,63864,11,0.7333,6.03
18980,32124,10,0.6667,18.40
18980,15068,10,0.6667,6.46
18980,30414,10,0.6667,5.36
18980,98138,10,0.6667,5.19
18980,33909,9,0.6000,17.21
19121,15068,7,1.0000,9.69
19121,87087,7,1.0000,8.46
19121,2357,7,1.0000,6.17
19121,64644,6,0.8571,18.72
19121,99207,6,0.8571,13.63
19121,15712,6,0.8571,12.29
19121,63868,6,0.8571,11.83
19121,11211,6,0.8571,9.87
19121,60478,6,0.8571,8.77
19121,3036,6,0.8571,7.21
19121,11477,6,0.8571,7.08
19121,63864,6,0.8571,7.04
20482,15573,40,0.8163,6.90
20482,85984,39,0.7959,5.13
20482,87079,37,0.7551,4.45
20482,85861,36,0.7347,12.35
20482,15712,35,0.7143,10.25
20482,59900,35,0.7143,7.41
20482,63864,35,0.7143,5.87
20482,11477,34,0.6939,5.74
20482,18674,33,0.6735,14.71
20482,11211,33,0.6735,7.76
20482,15068,32,0.6531,6.33
20482,30374,32,0.6531,5.46
22385,85984,12,0.8571,5.52
22385,87079,12,0.8571,5.06
22385,11477,11,0.7857,6.49
22385,15068,10,0.7143,6.92
22385,15573,10,0.7143,6.04
22385,98138,10,0.7143,5.56
22385,85861,9,0.6429,10.81
22385,15712,9,0.6429,9.22
22385,11476,9,0.6429,8.32
22385,59900,9,0.6429,6.67
22385,63864,9,0.6429,5.28
22385,22885,8,0.5714,7.60
22388,87994,7,1.0000,19.25
22388,85861,7,1.0000,16.82
22388,87580,7,1.0000,11.08
22388,15573,7,1.0000,8.46
22388,15712,6,0.8571,12.29
22388,59900,6,0.8571,8.89
22388,85984,6,0.8571,5.52
22388,87079,6,0.8571,5.06
22388,3245c,5,0.7143,31.67
22388,98283,5,0.7143,26.79
22388,18674,5,0.7143,15.60
22388,64644,5,0.7143,15.60
23969,87079,12,0.9231,5.45
23969,11211,11,0.8462,9.75
23969,26603,10,0.7692,14.62
23969,87580,10,0.7692,8.53
23969,15573,10,0.7692,6.51
23969,87087,10,0.7692,6.51
23969,6636,10,0.7692,4.18
23969,35480,9,0.6923,20.67
23969,33909,9,0.6923,19.86
23969,61252,9,0.6923,12.06
23969,85861,9,0.6923,11.64
23969,25269,9,0.6923,11.01
2417,2423,14,0.6364,25.86
2417,98138,12,0.5455,4.24
2417,2456,10,0.4545,4.93
2417,88072,8,0.3636,8.31
2417,3659,8,0.3636,6.41
2417,32064a,8,0.3636,5.37
2417,87580,8,0.3636,4.03
2417,2343,7,0.3182,8.31
2417,92280,7,0.3182,6.05
2417,3899,7,0.3182,5.23
2417,99207,7,0.3182,5.06
2417,2465,7,0.3182,4.70
2423,59900,16,0.4444,4.61
2423,2417,14,0.3889,25.86
2423,33291,13,0.3611,11.48
2423,87580,13,0.3611,4.00
2423,88072,12,0.3333,7.62
2423,33183,11,0.3056,23.53
2423,3626c,11,0.3056,10.64
2423,30136,11,0.3056,5.73
2423,3659,11,0.3056,5.39
2423,61252,11,0.3056,5.32
2423,93273,11,0.3056,4.47
2423,60897,11,0.3056,4.34
24246,87079,34,0.9444,5.57
24246,25269,29,0.8056,12.81
24246,15573,29,0.8056,6.81
24246,11477,27,0.7500,6.20
24246,85984,27,0.7500,4.83
24246,15068,26,0.7222,7.00
24246,11476,25,0.6944,8.99
24246,11211,25,0.6944,8.00
24246,98138,25,0.6944,5.40
24246,22885,24,0.6667,8.87
24246,99206,24,0.6667,8.27
24246,63864,24,0.6667,5.48
24866,87079,32,0.7805,4.60
24866,15573,29,0.7073,5.98
24866,11476,28,0.6829,8.84
24866,87580,28,0.6829,7.57
24866,15068,28,0.6829,6.62
24866,18674,27,0.6585,14.38
24866,15712,27,0.6585,9.45
24866,85861,26,0.6341,10.66
24866,22885,25,0.6098,8.11
24866,59900,25,0.6098,6.33
24866,25269,24,0.5854,9.31
24866,20482,23,0.5610,16.75
25269,87079,78,0.8478,5.00
25269,15573,70,0.7609,6.43
25269,11477,64,0.6957,5.75
25269,22885,63,0.6848,9.11
25269,85984,62,0.6739,4.34
25269,11476,56,0.6087,7.88
25269,15068,56,0.6087,5.90
25269,11211,55,0.5978,6.89
25269,99206,54,0.5870,7.28
25269,3958,53,0.5761,4.07
25269,99780,52,0.5652,6.46
25269,15712,50,0.5435,7.80
26603,87079,67,0.8701,5.13
26603,15573,58,0.7532,6.37
26603,63864,53,0.6883,5.66
26603,11477,52,0.6753,5.58
26603,98138,50,0.6494,5.05
26603,11211,47,0.6104,7.03
26603,15068,47,0.6104,5.91
26603,85861,45,0.5844,9.83
26603,25269,45,0.5844,9.29
26603,87087,45,0.5844,4.94
26603,15712,42,0.5455,7.82
26603,99780,42,0.5455,6.23
26604,15573,30,0.8108,6.86
26604,11477,30,0.8108,6.70
26604,85984,30,0.8108,5.23
26604,87079,30,0.8108,4.78
26604,87087,29,0.7838,6.63
26604,22885,27,0.7297,9.71
26604,11211,26,0.7027,8.09
26604,15068,25,0.6757,6.55
26604,25269,24,0.6486,10.31
26604,63864,24,0.6486,5.33
26604,32952,23,0.6216,16.54
26604,26603,23,0.6216,11.81
27507,15573,16,0.8889,7.52
27507,63864,16,0.8889,7.31
27507,87079,16,0.8889,5.24
27507,25269,15,0.8333,13.25
27507,99780,15,0.8333,9.52
27507,11477,15,0.8333,6.89
27507,33909,14,0.7778,22.31
27507,18674,14,0.7778,16.98
27507,85861,14,0.7778,13.08
27507,87580,14,0.7778,8.62
27507,98138,14,0.7778,6.05
27507,85984,14,0.7778,5.01
27925,15573,33,0.9706,8.21
27925,87079,30,0.8824,5.21
27925,25269,27,0.7941,12.63
27925,85984,25,0.7353,4.74
27925,85861,24,0.7059,11.87
27925,15712,24,0.7059,10.12
27925,87580,24,0.7059,7.82
27925,15068,23,0.6765,6.55
27925,11477,23,0.6765,5.59
27925,33909,22,0.6471,18.56
27925,18674,22,0.6471,14.13
27925,60478,22,0.6471,6.62
28192,87079,17,0.9444,5.57
28192,98138,16,0.8889,6.92
28192,85984,16,0.8889,5.73
28192,15573,15,0.8333,7.05
28192,63864,15,0.8333,6.85
28192,6636,15,0.8333,4.53
28192,26603,14,0.7778,14.78
28192,11477,14,0.7778,6.43
28192,18677,13,0.7222,20.32
28192,85861,13,0.7222,12.14
28192,99780,13,0.7222,8.25
28192,15068,13,0.7222,7.00
30367c,98138,27,0.6585,5.12
30367c,59900,24,0.5854,6.07
30367c,15573,22,0.5366,4.54
30367c,59443,21,0.5122,4.12
30367c,87994,17,0.4146,7.98
30367c,60897,16,0.3902,5.54
30367c,15712,15,0.3659,5.25
30367c,4865b,15,0.3659,5.20
30367c,11211,15,0.3659,4.21
30367c,87580,15,0.3659,4.05
30367c,99781,14,0.3415,5.81
30367c,85861,14,0.3415,5.74
3043,3038,12,0.4615,8.34
3043,4282,12,0.4615,4.12
3043,4445,11,0.4231,13.75
3043,3041,10,0.3846,26.79
3043,2450,9,0.3462,4.87
3043,3703,7,0.2692,4.53
3043,3007,7,0.2692,4.33
3043,60479,7,0.2692,4.28
3043,3048b,6,0.2308,9.65
3043,33909,6,0.2308,6.62
3043,3853,6,0.2308,6.25
3043,3006,6,0.2308,5.36
30503,85984,26,0.6667,4.30
30503,2445,23,0.5897,4.38
30503,2450,22,0.5641,7.94
30503,3701,22,0.5641,4.64
30503,15573,21,0.5385,4.55
30503,63864,21,0.5385,4.43
30503,60479,18,0.4615,7.34
30503,32000,18,0.4615,4.86
30503,99207,17,0.4359,6.93
30503,60478,17,0.4359,4.46
30503,15068,17,0.4359,4.22
30503,6541,17,0.4359,4.14
30586,32028,16,0.8000,4.92
30586,6636,15,0.7500,4.08
30586,44728,14,0.7000,4.68
30586,6231,13,0.6500,6.60
30586,30414,13,0.6500,5.23
30586,2877,12,0.6000,5.42
30586,6091,12,0.6000,4.48
30586,2445,12,0.6000,4.46
30586,48336,12,0.6000,4.37
30586,6111,11,0.5500,7.97
30586,4282,11,0.5500,4.91
30586,30374,11,0.5500,4.60
32124,63864,41,0.7736,6.36
32124,87079,40,0.7547,4.45
32124,85984,38,0.7170,4.62
32124,98138,36,0.6792,5.29
32124,99780,34,0.6415,7.33
32124,15573,33,0.6226,5.27
32124,11477,32,0.6038,4.99
32124,30414,32,0.6038,4.85
32124,99207,31,0.5849,9.30
32124,87087,31,0.5849,4.95
32124,15068,30,0.5660,5.48
32124,6541,30,0.5660,5.38
3245c,87079,28,0.8485,5.01
3245c,15573,27,0.8182,6.92
3245c,2357,27,0.8182,5.05
3245c,11477,26,0.7879,6.51
3245c,85984,26,0.7879,5.08
3245c,87087,25,0.7576,6.41
3245c,6636,25,0.7576,4.12
3245c,11211,24,0.7273,8.38
3245c,87580,23,0.6970,7.72
3245c,15068,23,0.6970,6.75
3245c,32028,23,0.6970,4.28
3245c,99206,22,0.6667,8.27
32828,85861,33,0.8250,13.87
32828,87079,33,0.8250,4.87
32828,15573,32,0.8000,6.77
32828,63864,32,0.8000,6.58
32828,98138,32,0.8000,6.23
32828,33909,31,0.7750,22.23
32828,99780,31,0.7750,8.86
32828,11477,31,0.7750,6.41
32828,25269,30,0.7500,11.93
32828,6636,30,0.7500,4.08
32828,85984,29,0.7250,4.67
32828,15712,28,0.7000,10.04
32952,87079,50,0.9091,5.36
32952,85984,43,0.7818,5.04
32952,25269,42,0.7636,12.14
32952,15573,42,0.7636,6.46
32952,11477,42,0.7636,6.31
32952,11211,41,0.7455,8.59
32952,22885,40,0.7273,9.67
32952,63864,38,0.6909,5.68
32952,99206,37,0.6727,8.34
32952,32028,37,0.6727,4.14
32952,11476,36,0.6545,8.47
32952,15068,36,0.6545,6.34
33909,87079,46,0.9020,5.32
33909,15573,44,0.8627,7.30
33909,25269,42,0.8235,13.10
33909,85984,40,0.7843,5.05
33909,26603,39,0.7647,14.53
33909,63864,38,0.7451,6.12
33909,11211,37,0.7255,8.36
33909,15712,35,0.6863,9.84
33909,11477,35,0.6863,5.67
33909,85861,34,0.6667,11.21
33909,87580,33,0.6471,7.17
33909,87087,33,0.6471,5.47
34103,15573,41,0.9535,8.06
34103,11477,36,0.8372,6.92
34103,87079,36,0.8372,4.94
34103,98138,34,0.7907,6.15
34103,85984,34,0.7907,5.10
34103,63864,33,0.7674,6.31
34103,11211,32,0.7442,8.57
34103,6636,32,0.7442,4.05
34103,26603,31,0.7209,13.70
34103,25269,31,0.7209,11.46
34103,99780,30,0.6977,7.97
34103,87087,29,0.6744,5.70
35464,15573,9,1.0000,8.46
35464,87994,8,0.8889,17.11
35464,85861,8,0.8889,14.95
35464,11477,8,0.8889,7.35
35464,98138,8,0.8889,6.92
35464,18674,7,0.7778,16.98
35464,15712,7,0.7778,11.16
35464,60897,7,0.7778,11.05
35464,30374,7,0.7778,6.50
35464,63864,7,0.7778,6.39
35464,6636,7,0.7778,4.23
35464,32828,6,0.6667,24.38
35480,87079,40,0.8163,4.82
35480,15573,39,0.7959,6.73
35480,85861,36,0.7347,12.35
35480,15068,35,0.7143,6.92
35480,11477,35,0.7143,5.90
35480,63864,35,0.7143,5.87
35480,85984,35,0.7143,4.60
35480,26603,33,0.6735,12.80
35480,15712,33,0.6735,9.66
35480,25269,32,0.6531,10.39
35480,11211,32,0.6531,7.52
35480,98138,32,0.6531,5.08
3626c,85984,27,0.6429,4.14
3626c,15573,25,0.5952,5.03
3626c,60897,23,0.5476,7.78
3626c,15068,23,0.5476,5.31
3626c,11477,23,0.5476,4.53
3626c,98138,22,0.5238,4.08
3626c,87580,21,0.5000,5.54
3626c,15712,20,0.4762,6.83
3626c,59900,20,0.4762,4.94
3626c,60478,19,0.4524,4.63
3626c,11211,18,0.4286,4.94
3626c,61252,17,0.4048,7.05
36840,15573,36,0.8571,7.25
36840,87079,36,0.8571,5.06
36840,85984,35,0.8333,5.37
36840,25269,32,0.7619,12.12
36840,15068,32,0.7619,7.38
36840,11477,32,0.7619,6.30
36840,26603,29,0.6905,13.12
36840,15712,29,0.6905,9.90
36840,33909,28,0.6667,19.12
36840,11211,28,0.6667,7.68
36840,99780,28,0.6667,7.62
36840,87087,28,0.6667,5.64
3684c,15573,18,0.8182,6.92
3684c,87087,18,0.8182,6.92
3684c,85984,18,0.8182,5.27
3684c,2357,18,0.8182,5.05
3684c,87580,16,0.7273,8.06
3684c,59900,16,0.7273,7.55
3684c,11477,15,0.6818,5.64
3684c,87079,15,0.6818,4.02
3684c,11211,14,0.6364,7.33
3684c,60478,14,0.6364,6.51
3684c,15068,14,0.6364,6.17
3684c,98283,13,0.5909,22.17
37352,15573,19,0.9500,8.03
37352,6636,18,0.9000,4.89
37352,25269,17,0.8500,13.52
37352,11477,17,0.8500,7.03
37352,98138,17,0.8500,6.61
37352,32028,17,0.8500,5.23
37352,15712,16,0.8000,11.47
37352,99780,16,0.8000,9.14
37352,60478,16,0.8000,8.18
37352,15068,16,0.8000,7.75
37352,87087,16,0.8000,6.77
37352,63864,16,0.8000,6.58
37695,59900,10,1.0000,10.38
37695,20482,9,0.9000,26.87
37695,26603,9,0.9000,17.10
37695,85861,9,0.9000,15.13
37695,15712,9,0.9000,12.91
37695,22885,9,0.9000,11.97
37695,2357,9,0.9000,5.56
37695,49307,8,0.8000,58.52
37695,32607,8,0.8000,45.02
37695,33909,8,0.8000,22.95
37695,25269,8,0.8000,12.72
37695,11211,8,0.8000,9.22
37762,85861,18,0.9474,15.93
37762,15573,18,0.9474,8.01
37762,87580,17,0.8947,9.92
37762,87079,17,0.8947,5.28
37762,20482,16,0.8421,25.14
37762,15712,16,0.8421,12.08
37762,2357,16,0.8421,5.20
37762,33909,15,0.7895,22.65
37762,11211,15,0.7895,9.09
37762,59900,15,0.7895,8.19
37762,85984,15,0.7895,5.09
37762,35480,14,0.7368,22.00
41682,15573,22,0.9565,8.09
41682,87079,22,0.9565,5.64
41682,33909,20,0.8696,24.94
41682,11477,20,0.8696,7.19
41682,6636,20,0.8696,4.73
41682,25269,19,0.8261,13.14
41682,15068,19,0.8261,8.00
41682,63864,19,0.8261,6.79
41682,30414,19,0.8261,6.64
41682,15712,18,0.7826,11.23
41682,11211,18,0.7826,9.02
41682,99780,18,0.7826,8.94
41740,87079,29,0.9667,5.70
41740,15573,27,0.9000,7.61
41740,25269,24,0.8000,12.72
41740,22885,23,0.7667,10.20
41740,87087,22,0.7333,6.20
41740,85984,22,0.7333,4.73
41740,11476,21,0.7000,9.06
41740,11477,21,0.7000,5.79
41740,63864,21,0.7000,5.75
41740,11211,20,0.6667,7.68
41740,99780,20,0.6667,7.62
41740,15068,20,0.6667,6.46
41948,37352,4,1.0000,73.15
41948,49307,4,1.0000,73.15
41948,35787,4,1.0000,66.50
41948,41682,4,1.0000,63.61
41948,27263,4,1.0000,56.27
41948,41740,4,1.0000,48.77
41948,26604,4,1.0000,39.54
41948,60592,4,1.0000,39.54
41948,98283,4,1.0000,37.51
41948,32828,4,1.0000,36.58
41948,60475b,4,1.0000,34.83
41948,11090,4,1.0000,34.02
51270,59900,6,1.0000,10.38
51270,24866,5,0.8333,29.74
51270,20482,5,0.8333,24.88
51270,35480,5,0.8333,24.88
51270,18674,5,0.8333,18.20
51270,26603,5,0.8333,15.83
51270,61252,5,0.8333,14.51
51270,85861,5,0.8333,14.01
51270,25269,5,0.8333,13.25
51270,15712,5,0.8333,11.95
51270,60897,5,0.8333,11.84
51270,22885,5,0.8333,11.08
57895,60596,21,0.8750,28.45
57895,48336,19,0.7917,5.76
57895,6636,18,0.7500,4.08
57895,6231,17,0.7083,7.20
57895,2357,17,0.7083,4.37
57895,32028,17,0.7083,4.35
57895,4740,17,0.7083,4.08
57895,30414,16,0.6667,5.36
57895,44728,16,0.6667,4.45
57895,4282,14,0.5833,5.20
57895,2445,14,0.5833,4.33
57895,60594,13,0.5417,21.42
60475b,11477,37,0.8810,7.28
60475b,85984,35,0.8333,5.37
60475b,87079,35,0.8333,4.92
60475b,15573,32,0.7619,6.44
60475b,87087,32,0.7619,6.44
60475b,98138,32,0.7619,5.93
60475b,6636,32,0.7619,4.14
60475b,15068,31,0.7381,7.15
60475b,11211,30,0.7143,8.23
60475b,63864,30,0.7143,5.87
60475b,87580,29,0.6905,7.65
60475b,59900,29,0.6905,7.16
60592,2357,31,0.8378,5.17
60592,87079,27,0.7297,4.30
60592,60596,26,0.7027,22.85
60592,59900,26,0.7027,7.29
60592,60601,25,0.6757,31.89
60592,6091,25,0.6757,5.04
60592,32028,25,0.6757,4.15
60592,87087,24,0.6486,5.49
60592,30136,23,0.6216,11.66
60592,85984,23,0.6216,4.01
60592,87580,22,0.5946,6.59
60592,60478,22,0.5946,6.08
60594,48336,27,0.7297,5.31
60594,44728,26,0.7027,4.69
60594,2357,25,0.6757,4.17
60594,6091,24,0.6486,4.84
60594,60596,23,0.6216,20.21
60594,30414,23,0.6216,5.00
60594,59900,21,0.5676,5.89
60594,60592,20,0.5405,21.37
60594,6231,20,0.5405,5.49
60594,3037,20,0.5405,4.39
60594,60478,19,0.5135,5.25
60594,60623,18,0.4865,28.47
60596,48336,36,0.8000,5.82
60596,59900,32,0.7111,7.38
60596,2357,32,0.7111,4.39
60596,6091,28,0.6222,4.64
60596,60592,26,0.5778,22.85
60596,4865b,26,0.5778,8.21
60596,87087,26,0.5778,4.89
60596,30414,26,0.5778,4.64
60596,60623,25,0.5556,32.51
60596,4599b,25,0.5556,12.90
60596,87580,25,0.5556,6.16
60596,4282,25,0.5556,4.96
60601,60592,25,0.8065,31.89
60601,6091,23,0.7419,5.54
60601,2357,22,0.7097,4.38
60601,32028,22,0.7097,4.36
60601,87079,22,0.7097,4.19
60601,60596,19,0.6129,19.93
60601,48336,19,0.6129,4.46
60601,59900,18,0.5806,6.02
60601,87087,18,0.5806,4.91
60601,60897,17,0.5484,7.79
60601,60478,17,0.5484,5.61
60601,2445,17,0.5484,4.07
60897,87079,74,0.7184,4.24
60897,15573,69,0.6699,5.67
60897,85984,65,0.6311,4.07
60897,63864,64,0.6214,5.11
60897,87087,63,0.6117,5.17
60897,98138,58,0.5631,4.38
60897,11211,56,0.5437,6.26
60897,11477,56,0.5437,4.49
60897,87580,51,0.4951,5.49
60897,99206,49,0.4757,5.90
60897,99780,49,0.4757,5.44
60897,60478,48,0.4660,4.77
6112,4282,31,0.4493,4.01
6112,6111,29,0.4203,6.09
6112,2456,27,0.3913,4.24
6112,30136,24,0.3478,6.52
6112,60479,23,0.3333,5.30
6112,2465,22,0.3188,4.71
6112,61252,20,0.2899,5.05
6112,3007,20,0.2899,4.66
6112,6232,19,0.2754,7.19
6112,4510,19,0.2754,6.29
6112,98283,17,0.2464,9.24
6112,30357,17,0.2464,5.08
6266,2357,17,0.6800,4.20
6266,59900,16,0.6400,6.64
6266,44728,15,0.6000,4.01
6266,48336,14,0.5600,4.08
6266,3659,13,0.5200,9.17
6266,87580,12,0.4800,5.32
6266,87087,12,0.4800,4.06
6266,60594,11,0.4400,17.40
6266,64644,11,0.4400,9.61
6266,30136,11,0.4400,8.25
6266,4865b,11,0.4400,6.25
6266,60478,11,0.4400,4.50
85861,15573,71,0.8161,6.90
85861,87079,68,0.7816,4.61
85861,11477,61,0.7011,5.80
85861,98138,61,0.7011,5.46
85861,63864,60,0.6897,5.67
85861,85984,59,0.6782,4.37
85861,15712,58,0.6667,9.56
85861,87087,55,0.6322,5.35
85861,11211,53,0.6092,7.02
85861,99780,51,0.5862,6.70
85861,87580,51,0.5862,6.50
85861,15068,51,0.5862,5.68
87544,87079,23,0.8846,5.22
87544,87087,20,0.7692,6.51
87544,6636,20,0.7692,4.18
87544,6091,19,0.7308,5.45
87544,48336,19,0.7308,5.32
87544,63864,18,0.6923,5.69
87544,30414,18,0.6923,5.57
87544,3665a,18,0.6923,4.52
87544,2357,17,0.6538,4.04
87544,60479,16,0.6154,9.79
87544,60478,16,0.6154,6.30
87544,63868,15,0.5769,7.96
87618,85984,18,0.9000,5.80
87618,87079,18,0.9000,5.31
87618,98138,16,0.8000,6.23
87618,32028,16,0.8000,4.92
87618,15573,15,0.7500,6.34
87618,63864,15,0.7500,6.16
87618,15712,14,0.7000,10.04
87618,87580,14,0.7000,7.76
87618,11477,14,0.7000,5.79
87618,60478,13,0.6500,6.65
87618,15068,13,0.6500,6.30
87618,62462,13,0.6500,5.80
87994,98138,59,0.7763,6.04
87994,87079,56,0.7368,4.35
87994,6636,56,0.7368,4.01
87994,15573,55,0.7237,6.12
87994,63864,52,0.6842,5.62
87994,85984,52,0.6842,4.41
87994,85861,50,0.6579,11.06
87994,15712,47,0.6184,8.87
87994,11477,45,0.5921,4.89
87994,30374,44,0.5789,4.84
87994,99780,42,0.5526,6.32
87994,87087,42,0.5526,4.67
88292,87079,23,0.8846,5.22
88292,63864,20,0.7692,6.32
88292,6636,20,0.7692,4.18
88292,85984,19,0.7308,4.71
88292,60478,18,0.6923,7.08
88292,87087,18,0.6923,5.85
88292,30414,18,0.6923,5.57
88292,2357,18,0.6923,4.27
88292,15573,17,0.6538,5.53
88292,85861,16,0.6154,10.35
88292,59900,16,0.6154,6.39
88292,11477,16,0.6154,5.09
92438,87079,31,0.8158,4.81
92438,87087,30,0.7895,6.68
92438,85984,27,0.7105,4.58
92438,4282,25,0.6579,5.87
92438,2357,25,0.6579,4.06
92438,59900,24,0.6316,6.55
92438,63864,24,0.6316,5.19
92438,98138,24,0.6316,4.91
92438,87580,22,0.5789,6.42
92438,15573,22,0.5789,4.90
92438,6091,22,0.5789,4.32
92438,2445,22,0.5789,4.30
95344,11477,15,0.7500,6.20
95344,87087,14,0.7000,5.92
95344,98138,14,0.7000,5.45
95344,95343,13,0.6500,63.40
95344,87580,13,0.6500,7.20
95344,60478,13,0.6500,6.65
95344,60475b,12,0.6000,20.90
95344,60897,12,0.6000,8.52
95344,63868,12,0.6000,8.28
95344,59900,12,0.6000,6.23
95344,15068,12,0.6000,5.81
95344,15573,12,0.6000,5.07
95820,63864,20,0.8333,6.85
95820,87580,19,0.7917,8.77
95820,87087,19,0.7917,6.69
95820,87079,19,0.7917,4.67
95820,2357,18,0.7500,4.63
95820,6636,18,0.7500,4.08
95820,60897,17,0.7083,10.06
95820,30414,17,0.7083,5.69
95820,85984,17,0.7083,4.57
95820,99780,16,0.6667,7.62
95820,98138,16,0.6667,5.19
95820,99206,15,0.6250,7.75
96910,15573,26,0.9630,8.14
96910,85984,24,0.8889,5.73
96910,87079,24,0.8889,5.24
96910,11211,23,0.8519,9.81
96910,98138,23,0.8519,6.63
96910,6636,23,0.8519,4.63
96910,99207,22,0.8148,12.96
96910,11477,22,0.8148,6.73
96910,99781,21,0.7778,13.23
96910,15068,21,0.7778,7.54
96910,44728,21,0.7778,5.20
96910,32028,21,0.7778,4.78
99206,87079,93,0.7881,4.65
99206,85984,91,0.7712,4.97
99206,11477,82,0.6949,5.74
99206,15573,76,0.6441,5.45
99206,15068,74,0.6271,6.08
99206,11211,71,0.6017,6.93
99206,63864,71,0.6017,4.95
99206,87087,70,0.5932,5.02
99206,99780,69,0.5847,6.68
99206,98138,64,0.5424,4.22
99206,92593,63,0.5339,5.87
99206,99207,55,0.4661,7.41
20310,87580,10,1.0000,11.08
20310,15573,10,1.0000,8.46
20310,85984,10,1.0000,6.44
20310,2357,10,1.0000,6.17
20310,63868,9,0.9000,12.42
20310,63864,9,0.9000,7.40
20310,87079,9,0.9000,5.31
20310,6636,9,0.9000,4.89
20310,96910,8,0.8000,43.35
20310,60592,8,0.8000,31.63
20310,98283,8,0.8000,30.01
20310,20482,8,0.8000,23.89
22885,87079,99,0.9000,5.31
22885,11476,87,0.7909,10.24
22885,85984,76,0.6909,4.45
22885,92593,75,0.6818,7.50
22885,3958,75,0.6818,4.82
22885,11477,74,0.6727,5.56
22885,15068,71,0.6455,6.25
22885,15573,65,0.5909,5.00
22885,25269,63,0.5727,9.11
22885,11211,56,0.5091,5.86
22885,99206,54,0.4909,6.09
22885,99780,51,0.4636,5.30
27150,32952,4,1.0000,26.60
27150,99206,4,1.0000,12.40
27150,11211,4,1.0000,11.52
27150,87087,4,1.0000,8.46
27150,30414,4,1.0000,8.04
27150,6091,4,1.0000,7.46
27150,32028,4,1.0000,6.15
27150,87079,4,1.0000,5.90
38014,49307,4,1.0000,73.15
38014,60623,4,1.0000,58.52
38014,32607,4,1.0000,56.27
38014,60592,4,1.0000,39.54
38014,98283,4,1.0000,37.51
38014,32828,4,1.0000,36.58
38014,60475b,4,1.0000,34.83
38014,60596,4,1.0000,32.51
38014,20482,4,1.0000,29.86
38014,35480,4,1.0000,29.86
38014,33909,4,1.0000,28.69
38014,32952,4,1.0000,26.60
52107,6636,41,0.7736,4.21
52107,48336,33,0.6226,4.53
52107,6091,30,0.5660,4.23
52107,2445,29,0.5472,4.06
52107,30414,28,0.5283,4.25
52107,87087,27,0.5094,4.31
52107,63864,27,0.5094,4.19
52107,6541,25,0.4717,4.48
52107,99780,22,0.4151,4.74
52107,60478,22,0.4151,4.25
52107,60897,21,0.3962,5.63
52107,2429,21,0.3962,5.13
60849,87079,26,0.7429,4.38
60849,85984,22,0.6286,4.05
60849,11477,21,0.6000,4.96
60849,99780,19,0.5429,6.20
60849,59900,19,0.5429,5.63
60849,99781,17,0.4857,8.26
60849,11476,16,0.4571,5.92
60849,99206,16,0.4571,5.67
60849,11211,16,0.4571,5.27
60849,3176,16,0.4571,4.88
60849,15068,16,0.4571,4.43
60849,60479,15,0.4286,6.82
6183,3700,10,1.0000,4.41
6183,44728,8,0.8000,5.34
6183,6636,8,0.8000,4.35
6183,6091,7,0.7000,5.22
6183,85984,7,0.7000,4.51
6183,87079,7,0.7000,4.13
6183,4081b,7,0.7000,4.10
6183,30357,6,0.6000,12.36
6183,60479,6,0.6000,9.54
6183,6134,6,0.6000,7.63
6183,6231,6,0.6000,6.10
6183,6541,6,0.6000,5.70
88293,87079,12,0.9231,5.45
88293,87087,11,0.8462,7.16
88293,85984,10,0.7692,4.96
88293,59900,9,0.6923,7.18
88293,15573,9,0.6923,5.85
88293,63864,9,0.6923,5.69
88293,44728,9,0.6923,4.62
88293,32028,9,0.6923,4.26
88293,60479,8,0.6154,9.79
88293,60478,8,0.6154,6.30
88293,4282,8,0.6154,5.49
88293,11477,8,0.6154,5.09
98282,98138,9,0.7500,5.84
98282,87079,9,0.7500,4.42
98282,93273,8,0.6667,9.75
98282,30414,8,0.6667,5.36
98282,85984,8,0.6667,4.30
98282,87552,7,0.5833,17.07
98282,61252,7,0.5833,10.16
98282,92593,7,0.5833,6.42
98282,973,7,0.5833,5.58
98282,87087,7,0.5833,4.93
98282,63864,7,0.5833,4.79
98282,92280,6,0.5000,9.50
30377,30414,26,0.6341,5.10
30377,48336,25,0.6098,4.44
30377,30374,24,0.5854,4.89
30377,32000,18,0.4390,4.62
30377,6134,17,0.4146,5.27
30377,6231,17,0.4146,4.21
30377,60479,16,0.3902,6.21
30377,2465,15,0.3659,5.41
30377,6111,15,0.3659,5.30
30377,2921,14,0.3415,6.75
30377,2429,14,0.3415,4.42
30377,2430,14,0.3415,4.42
60603,60601,5,1.0000,47.19
60603,60592,5,1.0000,39.54
60603,60594,5,1.0000,39.54
60603,2921,5,1.0000,19.77
60603,60897,5,1.0000,14.20
60603,6091,5,1.0000,7.46
60603,32028,5,1.0000,6.15
60603,3832,5,1.0000,4.34
60603,60602,4,0.8000,68.85
60603,60593,4,0.8000,58.52
60603,60623,4,0.8000,46.82
60603,60581,4,0.8000,36.58
3068bp71,61252,6,1.0000,17.42
3068bp71,4740,6,1.0000,5.76
3068bp71,6636,6,1.0000,5.44
3068bp71,60623,5,0.8333,48.77
3068bp71,92438,5,0.8333,32.08
3068bp71,98283,5,0.8333,31.26
3068bp71,60596,5,0.8333,27.09
3068bp71,87552,5,0.8333,24.38
3068bp71,47905,5,0.8333,19.66
3068bp71,2921,5,0.8333,16.48
3068bp71,60897,5,0.8333,11.84
3068bp71,87580,5,0.8333,9.24
88930,11477,35,0.4930,4.07
88930,15068,32,0.4507,4.37
88930,99780,27,0.3803,4.35
88930,93273,23,0.3239,4.74
88930,24201,15,0.2113,6.87
88930,26603,15,0.2113,4.01
88930,44674,14,0.1972,5.06
88930,30553,14,0.1972,4.58
88930,50951,14,0.1972,4.01
88930,11458,13,0.1831,5.47
88930,51719,13,0.1831,4.87
88930,2436b,13,0.1831,4.70
22961,4519,54,0.9153,5.19
22961,2780,54,0.9153,4.03
22961,43093,53,0.8983,6.47
22961,4274,53,0.8983,4.04
22961,32062,51,0.8644,4.77
22961,3713,50,0.8475,4.40
22961,32013,49,0.8305,7.11
22961,18651,48,0.8136,13.53
22961,18654,47,0.7966,12.95
22961,11214,47,0.7966,11.54
22961,32054,47,0.7966,6.58
22961,3705,47,0.7966,4.27
23986,37762,4,1.0000,77.00
23986,32607,4,1.0000,56.27
23986,60592,4,1.0000,39.54
23986,92438,4,1.0000,38.50
23986,30136,4,1.0000,18.76
23986,85861,4,1.0000,16.82
23986,15712,4,1.0000,14.34
23986,87580,4,1.0000,11.08
23986,59900,4,1.0000,10.38
23986,60478,4,1.0000,10.23
23986,15068,4,1.0000,9.69
23986,4282,4,1.0000,8.92
90370,85984,5,1.0000,6.44
90370,87079,5,1.0000,5.90
90370,36840,4,0.8000,27.87
90370,35480,4,0.8000,23.89
90370,32952,4,0.8000,21.28
90370,87994,4,0.8000,15.40
90370,15068,4,0.8000,7.75
90370,32028,4,0.8000,4.92
90370,6636,4,0.8000,4.35
32034,32062,134,0.9571,5.28
32034,4519,127,0.9071,5.14
32034,3713,124,0.8857,4.60
32034,3705,119,0.8500,4.56
32034,32073,111,0.7929,6.74
32034,43093,110,0.7857,5.66
32034,6536,107,0.7643,6.66
32034,32184,106,0.7571,7.86
32034,6558,106,0.7571,5.43
32034,32013,105,0.7500,6.42
32034,32054,105,0.7500,6.20
32034,32523,104,0.7429,6.59
3703,3701,67,0.7701,6.33
3703,3706,59,0.6782,4.28
3703,3702,57,0.6552,8.33
3703,3894,50,0.5747,7.57
3703,3737,49,0.5632,6.54
3703,3895,47,0.5402,8.88
3703,3707,46,0.5287,4.93
3703,3709b,45,0.5172,6.82
3703,3708,43,0.4943,6.29
3703,3738,37,0.4253,7.15
3703,3647,36,0.4138,7.38
3703,3743,33,0.3793,10.09
43857,4519,71,0.9342,5.30
43857,3713,69,0.9079,4.71
43857,4274,69,0.9079,4.09
43857,32073,68,0.8947,7.61
43857,32316,67,0.8816,8.49
43857,32523,67,0.8816,7.82
43857,32054,67,0.8816,7.29
43857,32062,67,0.8816,4.87
43857,43093,65,0.8553,6.16
43857,32140,64,0.8421,8.27
43857,59443,64,0.8421,6.77
43857,32524,63,0.8289,8.54
62462,32062,128,0.7805,4.31
62462,4519,122,0.7439,4.22
62462,43093,115,0.7012,5.05
62462,59443,113,0.6890,5.54
62462,6558,108,0.6585,4.72
62462,32523,103,0.6280,5.57
62462,32054,103,0.6280,5.19
62462,32073,102,0.6220,5.29
62462,87083,100,0.6098,6.97
62462,32526,97,0.5915,6.05
62462,32013,95,0.5793,4.96
62462,32316,94,0.5732,5.52
93095,85984,16,0.7619,4.91
93095,87580,12,0.5714,6.33
93095,59900,11,0.5238,5.43
93095,92248,10,0.4762,23.22
93095,4865b,10,0.4762,6.76
93095,92245,9,0.4286,19.59
93095,33291,9,0.4286,13.63
93095,99780,9,0.4286,4.90
93095,92593,9,0.4286,4.71
93095,92244,8,0.3810,18.58
93095,63868,8,0.3810,5.26
93095,88072,7,0.3333,7.62
18853,20482,5,1.0000,29.86
18853,85861,5,1.0000,16.82
18853,59900,5,1.0000,10.38
18853,2357,5,1.0000,6.17
18853,37695,4,0.8000,117.04
18853,49307,4,0.8000,58.52
18853,32607,4,0.8000,45.02
18853,88292,4,0.8000,45.02
18853,32828,4,0.8000,29.26
18853,24866,4,0.8000,28.55
18853,33909,4,0.8000,22.95
18853,18674,4,0.8000,17.47
3685,4282,10,0.6667,5.95
3685,2357,10,0.6667,4.12
3685,32028,10,0.6667,4.10
3685,4460b,8,0.5333,19.51
3685,3037,8,0.5333,4.33
3685,30136,7,0.4667,8.75
3685,6134,7,0.4667,5.94
3685,87580,7,0.4667,5.17
3685,59900,7,0.4667,4.84
3685,60478,7,0.4667,4.77
3685,60592,6,0.4000,15.82
3685,4460a,6,0.4000,8.13
2450,6541,44,0.4231,4.02
2450,6134,34,0.3269,4.16
2450,2429,33,0.3173,4.11
2450,2430,33,0.3173,4.11
2450,2419,32,0.3077,4.64
2450,99207,29,0.2788,4.43
2450,2465,29,0.2788,4.12
2450,2730,26,0.2500,5.54
2450,3703,26,0.2500,4.20
2450,85861,26,0.2500,4.20
2450,3895,26,0.2500,4.11
2450,11212,25,0.2404,4.69
32138,4519,44,0.9362,5.31
32138,32062,44,0.9362,5.17
32138,40490,41,0.8723,9.60
32138,32034,41,0.8723,9.12
32138,32073,41,0.8723,7.42
32138,6558,41,0.8723,6.26
32138,32054,40,0.8511,7.03
32138,3713,40,0.8511,4.42
32138,32140,39,0.8298,8.15
32138,43093,39,0.8298,5.98
32138,3705,39,0.8298,4.45
32138,6536,38,0.8085,7.04
4274,40490,119,0.3662,4.03
4274,42003,110,0.3385,4.03
4274,41677,104,0.3200,4.04
4274,11214,93,0.2862,4.14
4274,32278,93,0.2862,4.03
4274,60483,90,0.2769,4.01
4274,32291,86,0.2646,4.08
4274,32009,86,0.2646,4.03
4274,41239,85,0.2615,4.03
4274,18654,80,0.2462,4.00
4274,63869,80,0.2462,4.00
4274,18651,79,0.2431,4.04
58176,62462,26,0.5532,4.93
58176,59443,24,0.5106,4.10
58176,32073,23,0.4894,4.16
58176,40490,21,0.4468,4.91
58176,32034,21,0.4468,4.67
58176,32039,19,0.4043,4.51
58176,32270,19,0.4043,4.48
58176,87082,17,0.3617,6.45
58176,42003,17,0.3617,4.30
58176,32123a,17,0.3617,4.23
58176,63869,16,0.3404,5.53
58176,32009,16,0.3404,5.19
6558,2780,198,0.9706,4.28
6558,4519,165,0.8088,4.59
6558,32062,165,0.8088,4.47
6558,3713,161,0.7892,4.09
6558,3705,153,0.7500,4.02
6558,43093,149,0.7304,5.26
6558,32054,144,0.7059,5.83
6558,32523,133,0.6520,5.78
6558,32073,133,0.6520,5.55
6558,6536,130,0.6373,5.55
6558,32140,126,0.6176,6.06
6558,32013,126,0.6176,5.28
3068bp74,98283,4,1.0000,37.51
3068bp74,60596,4,1.0000,32.51
3068bp74,64644,4,1.0000,21.84
3068bp74,87994,4,1.0000,19.25
3068bp74,61252,4,1.0000,17.42
3068bp74,3899,4,1.0000,16.44
3068bp74,4865b,4,1.0000,14.20
3068bp74,63868,4,1.0000,13.80
3068bp74,59900,4,1.0000,10.38
3068bp74,6231,4,1.0000,10.16
3068bp74,87087,4,1.0000,8.46
3068bp74,2357,4,1.0000,6.17
60607,87580,6,0.8571,9.50
60607,87087,6,0.8571,7.25
60607,63864,6,0.8571,7.04
60607,6091,6,0.8571,6.40
60607,85984,6,0.8571,5.52
60607,6636,6,0.8571,4.66
60607,60594,5,0.7143,28.24
60607,4599b,5,0.7143,16.59
60607,88072,5,0.7143,16.33
60607,4865b,5,0.7143,10.15
60607,60897,5,0.7143,10.15
60607,63868,5,0.7143,9.86
60608,60623,11,1.0000,58.52
60608,60594,11,1.0000,39.54
60608,60596,11,1.0000,32.51
60608,59900,11,1.0000,10.38
60608,3037,10,0.9091,7.39
60608,2357,10,0.9091,5.61
60608,4740,10,0.9091,5.24
60608,48336,9,0.8182,5.96
60608,4081b,9,0.8182,4.79
60608,3008,9,0.8182,4.24
60608,60592,8,0.7273,28.76
60608,30136,8,0.7273,13.64
60806,60596,5,1.0000,32.51
60806,60478,5,1.0000,10.23
60806,4740,5,1.0000,5.76
60806,6636,5,1.0000,5.44
60806,3832,5,1.0000,4.34
60806,57895,4,0.8000,48.77
60806,60623,4,0.8000,46.82
60806,60594,4,0.8000,31.63
60806,3027,4,0.8000,13.15
60806,6143,4,0.8000,10.54
60806,59900,4,0.8000,8.30
60806,3037,4,0.8000,6.50
6020,2540,23,0.7931,4.04
6020,2465,9,0.3103,4.59
6020,2429,9,0.3103,4.02
6020,2430,9,0.3103,4.02
6020,47905,8,0.2759,6.51
6020,30136,8,0.2759,5.17
6020,3659,8,0.2759,4.86
6020,3899,8,0.2759,4.53
6020,2460,8,0.2759,4.53
6020,60479,8,0.2759,4.39
6020,3679,8,0.2759,4.04
6020,60596,7,0.2414,7.85
4594,4213,8,0.5714,6.33
4594,3821,8,0.5714,5.97
4594,3822,8,0.5714,5.85
4594,4624,8,0.5714,5.26
4594,4079,8,0.5714,4.12
4594,4315,7,0.5000,5.30
4594,3823,6,0.4286,4.48
4594,4530,5,0.3571,12.15
4594,3730,5,0.3571,11.61
4594,2349a,5,0.3571,11.36
4594,3857,5,0.3571,11.12
4594,4346,5,0.3571,11.12
2445,6134,62,0.3147,4.00
2445,60479,58,0.2944,4.68
2445,2465,57,0.2893,4.28
2445,6179,44,0.2234,4.24
2445,4510,35,0.1777,4.06
2445,30363,31,0.1574,4.34
2445,32124,30,0.1523,4.20
60032,60601,4,1.0000,47.19
60032,3899,4,1.0000,16.44
60032,6134,4,1.0000,12.72
60032,30414,4,1.0000,8.04
60032,2445,4,1.0000,7.43
60032,4079,4,1.0000,7.21
60032,32028,4,1.0000,6.15
60032,3937,4,1.0000,5.04
60032,4162,4,1.0000,4.50
30414,60479,57,0.3132,4.98
30414,32064a,53,0.2912,4.30
30414,6179,45,0.2473,4.70
30414,32018,40,0.2198,5.54
30414,2921,40,0.2198,4.35
30414,92280,39,0.2143,4.07
30414,30357,38,0.2088,4.30
30414,30383,37,0.2033,4.80
30414,4510,34,0.1868,4.27
30414,47457,33,0.1813,4.65
30414,30413,33,0.1813,4.35
30414,47905,33,0.1813,4.28
2926,6015,17,0.4722,7.05
2926,3176,15,0.4167,4.45
2926,2610,10,0.2778,11.95
2926,3626bp04,9,0.2500,7.03
2926,3027,9,0.2500,4.11
2926,3899,9,0.2500,4.11
2926,2508,8,0.2222,11.61
2926,4176,8,0.2222,7.74
2926,2433,8,0.2222,6.77
2926,87552,8,0.2222,6.50
2926,3837,8,0.2222,4.33
2926,2453a,7,0.1944,7.69
40378,30136,4,1.0000,18.76
40378,4740,4,1.0000,5.76
6191,6091,25,0.6757,5.04
6191,30414,24,0.6486,5.21
6191,48336,23,0.6216,4.52
6191,6231,20,0.5405,5.49
6191,4865b,17,0.4595,6.53
6191,87580,15,0.4054,4.49
6191,6111,14,0.3784,5.48
6191,60479,13,0.3514,5.59
6191,30165,12,0.3243,9.49
6191,87552,12,0.3243,9.49
6191,4599b,12,0.3243,7.53
6191,88930,12,0.3243,6.68
3176,60479,35,0.2555,4.06
32028,60479,62,0.2605,4.14
32028,47905,44,0.1849,4.36
32028,4510,42,0.1765,4.03
32028,32952,37,0.1555,4.14
3702,3713,90,0.7826,4.06
3702,3705,88,0.7652,4.10
3702,3701,87,0.7565,6.22
3702,3706,82,0.7130,4.50
3702,3894,69,0.6000,7.91
3702,3707,62,0.5391,5.02
3702,3895,58,0.5043,8.29
3702,3703,57,0.4957,8.33
3702,3709b,56,0.4870,6.42
3702,3737,53,0.4609,5.35
3702,3647,48,0.4174,7.45
3702,3738,48,0.4174,7.02
3899,60596,23,0.2584,8.40
3899,3659,21,0.2360,4.16
3899,4599b,20,0.2247,5.22
3899,4176,18,0.2022,7.04
3899,60594,17,0.1910,7.55
3899,87552,17,0.1910,5.59
3899,60623,16,0.1798,10.52
3899,50745,16,0.1798,6.12
3899,60592,15,0.1685,6.66
3899,98283,15,0.1685,6.32
3899,60475b,15,0.1685,5.87
3899,60601,14,0.1573,7.42
61506,6231,4,1.0000,10.16
61506,44728,4,1.0000,6.68
61506,4081b,4,1.0000,5.85
44728,60479,60,0.2740,4.36
44728,99207,57,0.2603,4.14
44728,92280,48,0.2192,4.16
44728,88072,40,0.1826,4.18
44728,30383,38,0.1735,4.09
6231,4865b,46,0.3194,4.54
6231,60479,42,0.2917,4.64
6231,30413,29,0.2014,4.83
6231,4599b,29,0.2014,4.68
6231,60596,22,0.1528,4.97
6231,87552,22,0.1528,4.47
6091,60479,51,0.2602,4.14
6091,6081,39,0.1990,5.39
6091,30383,37,0.1888,4.45
6091,6005,36,0.1837,5.97
6091,87552,32,0.1633,4.78
6091,52107,30,0.1531,4.23
6636,60479,80,0.2974,4.73
6636,87994,56,0.2082,4.01
6636,32018,47,0.1747,4.41
6636,6232,42,0.1561,4.08
6636,52107,41,0.1524,4.21
11203,11211,30,0.8333,9.60
11203,87079,30,0.8333,4.92
11203,63864,29,0.8056,6.62
11203,11477,28,0.7778,6.43
11203,85984,28,0.7778,5.01
11203,6636,27,0.7500,4.08
11203,99206,26,0.7222,8.95
11203,15573,26,0.7222,6.11
11203,87087,26,0.7222,6.11
11203,2357,26,0.7222,4.46
11203,15068,25,0.6944,6.73
11203,98138,25,0.6944,5.40
13965,11477,22,0.9167,7.58
13965,15068,20,0.8333,8.07
13965,87087,19,0.7917,6.69
13965,98138,19,0.7917,6.16
13965,87079,19,0.7917,4.67
13965,15712,18,0.7500,10.76
13965,15573,18,0.7500,6.34
13965,85984,18,0.7500,4.83
13965,2357,18,0.7500,4.63
13965,60897,17,0.7083,10.06
13965,48336,16,0.6667,4.85
13965,63868,15,0.6250,8.63
14417,85984,21,0.8750,5.64
14417,11477,19,0.7917,6.54
14417,15068,18,0.7500,7.27
14417,14704,17,0.7083,37.01
14417,87087,17,0.7083,5.99
14417,99207,16,0.6667,10.60
14417,15573,16,0.6667,5.64
14417,63868,15,0.6250,8.63
14417,60478,15,0.6250,6.39
14417,98138,15,0.6250,4.86
14417,14418,14,0.5833,35.56
14417,92280,14,0.5833,11.08
14418,11477,18,0.7500,6.20
14418,15068,17,0.7083,6.86
14418,85984,16,0.6667,4.30
14418,15573,15,0.6250,5.29
14418,14417,14,0.5833,35.56
14418,60478,13,0.5417,5.54
14418,87087,13,0.5417,4.58
14418,98138,13,0.5417,4.22
14418,15712,12,0.5000,7.17
14418,99780,12,0.5000,5.71
14418,30374,12,0.5000,4.18
14418,18674,11,0.4583,10.01
23443,98138,22,0.8800,6.85
23443,85861,21,0.8400,14.13
23443,15712,21,0.8400,12.05
23443,15573,21,0.8400,7.10
23443,87079,21,0.8400,4.96
23443,6636,21,0.8400,4.57
23443,15068,20,0.8000,7.75
23443,30374,20,0.8000,6.69
23443,11477,20,0.8000,6.61
23443,63864,20,0.8000,6.58
23443,87994,19,0.7600,14.63
23443,99780,19,0.7600,8.69
24201,11477,37,0.8222,6.80
24201,87079,36,0.8000,4.72
24201,11211,34,0.7556,8.70
24201,15573,33,0.7333,6.20
24201,15068,32,0.7111,6.89
24201,63864,31,0.6889,5.66
24201,85984,31,0.6889,4.44
24201,99780,30,0.6667,7.62
24201,98138,30,0.6667,5.19
24201,85861,28,0.6222,10.46
24201,99206,28,0.6222,7.71
24201,26603,27,0.6000,11.40
26047,15573,33,0.8919,7.54
26047,11477,32,0.8649,7.15
26047,87079,31,0.8378,4.94
26047,15712,30,0.8108,11.63
26047,85861,29,0.7838,13.18
26047,15068,29,0.7838,7.59
26047,85984,29,0.7838,5.05
26047,63864,28,0.7568,6.22
26047,60478,27,0.7297,7.47
26047,11211,26,0.7027,8.09
26047,87087,26,0.7027,5.94
26047,98138,26,0.7027,5.47
2639,6636,19,0.8261,4.49
2639,6541,18,0.7826,7.43
2639,3701,18,0.7826,6.43
2639,85984,17,0.7391,4.76
2639,2445,16,0.6957,5.17
2639,2357,16,0.6957,4.29
2639,87079,16,0.6957,4.10
2639,60478,15,0.6522,6.67
2639,63864,15,0.6522,5.36
2639,99207,14,0.6087,9.68
2639,32064a,14,0.6087,9.00
2639,32000,14,0.6087,6.41
2654a,87079,37,0.7255,4.28
2654a,63864,28,0.5490,4.51
2654a,87087,26,0.5098,4.31
2654a,60478,24,0.4706,4.81
2654a,87580,23,0.4510,5.00
2654a,6541,23,0.4510,4.28
2654a,33909,22,0.4314,12.37
2654a,60479,22,0.4314,6.86
2654a,26603,21,0.4118,7.82
2654a,59900,21,0.4118,4.27
2654a,99780,20,0.3922,4.48
2654a,11212,19,0.3725,7.27
26601,87079,38,0.7755,4.57
26601,15573,34,0.6939,5.87
26601,85984,34,0.6939,4.47
26601,25269,33,0.6735,10.71
26601,11477,33,0.6735,5.57
26601,11211,30,0.6122,7.05
26601,63864,30,0.6122,5.03
26601,85861,29,0.5918,9.95
26601,33909,28,0.5714,16.39
26601,22885,27,0.5510,7.33
26601,99780,27,0.5510,6.30
26601,15068,27,0.5510,5.34
28802,15573,11,1.0000,8.46
28802,87079,11,1.0000,5.90
28802,11212,10,0.9091,17.73
28802,15712,10,0.9091,13.04
28802,63864,10,0.9091,7.47
28802,98138,10,0.9091,7.07
28802,44728,10,0.9091,6.07
28802,36840,9,0.8182,28.50
28802,2654a,9,0.8182,23.47
28802,33909,9,0.8182,23.47
28802,32952,9,0.8182,21.76
28802,99207,9,0.8182,13.01
30099,15068,11,0.8462,8.20
30099,11477,11,0.8462,6.99
30099,99207,10,0.7692,12.23
30099,98138,10,0.7692,5.99
30099,44728,10,0.7692,5.14
30099,87079,10,0.7692,4.54
30099,87087,9,0.6923,5.85
30099,14769,8,0.6154,18.37
30099,88072,8,0.6154,14.07
30099,32064a,8,0.6154,9.09
30099,99206,8,0.6154,7.63
30099,11211,8,0.6154,7.09
30104k01,30104k02,13,1.0000,112.54
30104k01,6636,10,0.7692,4.18
30104k01,32054,8,0.6154,5.09
30104k01,30414,7,0.5385,4.33
30104k01,85861,6,0.4615,7.76
30104k01,32123b,6,0.4615,5.19
30104k01,32039,6,0.4615,5.15
30104k01,32270,6,0.4615,5.12
30104k01,44294,6,0.4615,4.76
30104k01,6541,6,0.4615,4.38
30104k01,35480,5,0.3846,11.48
30104k01,88072,5,0.3846,8.79
30104k02,30104k01,13,1.0000,112.54
30104k02,6636,10,0.7692,4.18
30104k02,32054,8,0.6154,5.09
30104k02,30414,7,0.5385,4.33
30104k02,85861,6,0.4615,7.76
30104k02,32123b,6,0.4615,5.19
30104k02,32039,6,0.4615,5.15
30104k02,32270,6,0.4615,5.12
30104k02,44294,6,0.4615,4.76
30104k02,6541,6,0.4615,4.38
30104k02,35480,5,0.3846,11.48
30104k02,88072,5,0.3846,8.79
30137,30136,15,0.6818,12.79
30137,85984,14,0.6364,4.10
30137,11477,13,0.5909,4.88
30137,98138,13,0.5909,4.60
30137,15573,12,0.5455,4.61
30137,63864,12,0.5455,4.48
30137,87994,11,0.5000,9.62
30137,99780,11,0.5000,5.71
30137,87087,11,0.5000,4.23
30137,30414,11,0.5000,4.02
30137,48729b,10,0.4545,11.08
30137,88072,10,0.4545,10.39
32324,2780,24,1.0000,4.41
32324,6558,21,0.8750,6.28
32324,6636,21,0.8750,4.76
32324,3701,19,0.7917,6.51
32324,3035,19,0.7917,4.35
32324,30414,18,0.7500,6.03
32324,30374,16,0.6667,5.57
32324,44728,16,0.6667,4.45
32324,32028,16,0.6667,4.10
32324,6134,15,0.6250,7.95
32324,3036,15,0.6250,5.26
32324,2445,15,0.6250,4.64
32606,24866,13,1.0000,35.68
32606,85861,11,0.8462,14.23
32606,59900,11,0.8462,8.78
32606,32828,10,0.7692,28.13
32606,11476,10,0.7692,9.96
32606,98138,10,0.7692,5.99
32606,87079,10,0.7692,4.54
32606,32607,9,0.6923,38.96
32606,20482,9,0.6923,20.67
32606,35480,9,0.6923,20.67
32606,18674,9,0.6923,15.12
32606,25269,9,0.6923,11.01
33183,15068,12,0.6316,6.12
33183,87087,12,0.6316,5.34
33183,6091,12,0.6316,4.71
33183,2423,11,0.5789,23.53
33183,87580,11,0.5789,6.42
33183,59900,11,0.5789,6.01
33183,15573,11,0.5789,4.90
33183,30565,10,0.5263,11.67
33183,30153,9,0.4737,30.13
33183,33291,9,0.4737,15.07
33183,4865b,9,0.4737,6.73
33183,92593,9,0.4737,5.21
36841,15573,23,0.8846,7.48
36841,26603,22,0.8462,16.08
36841,87079,22,0.8462,4.99
36841,85984,21,0.8077,5.21
36841,15712,20,0.7692,11.03
36841,11477,20,0.7692,6.36
36841,36840,19,0.7308,25.46
36841,33909,19,0.7308,20.96
36841,25269,19,0.7308,11.62
36841,11211,19,0.7308,8.42
36841,15068,19,0.7308,7.08
36841,87087,19,0.7308,6.18
37775,85984,10,1.0000,6.44
37775,98283,9,0.9000,33.76
37775,35480,9,0.9000,26.87
37775,18674,9,0.9000,19.65
37775,30136,9,0.9000,16.88
37775,85861,9,0.9000,15.13
37775,87580,9,0.9000,9.98
37775,15573,9,0.9000,7.61
37775,87079,9,0.9000,5.31
37775,60592,8,0.8000,31.63
37775,24866,8,0.8000,28.55
37775,60475b,8,0.8000,27.87
39262,63965a,6,1.0000,91.44
39262,24866,6,1.0000,35.68
39262,18674,6,1.0000,21.84
39262,85861,6,1.0000,16.82
39262,15712,6,1.0000,14.34
39262,11476,6,1.0000,12.95
39262,59900,6,1.0000,10.38
39262,60478,6,1.0000,10.23
39262,15068,6,1.0000,9.69
39262,41682,5,0.8333,53.01
39262,23443,5,0.8333,48.77
39262,32607,5,0.8333,46.89
41539,6636,29,0.7632,4.15
41539,48336,25,0.6579,4.79
41539,2456,23,0.6053,6.56
41539,30374,23,0.6053,5.06
41539,87087,22,0.5789,4.90
41539,6091,22,0.5789,4.32
41539,2445,22,0.5789,4.30
41539,4282,21,0.5526,4.93
41539,30414,21,0.5526,4.44
41539,6541,20,0.5263,5.00
41539,63864,20,0.5263,4.33
41539,60478,19,0.5000,5.12
4599b,59900,38,0.6032,6.26
4599b,87087,38,0.6032,5.10
4599b,48336,38,0.6032,4.39
4599b,4865b,33,0.5238,7.44
4599b,60478,30,0.4762,4.87
4599b,6231,29,0.4603,4.68
4599b,63868,28,0.4444,6.13
4599b,87580,28,0.4444,4.93
4599b,15712,26,0.4127,5.92
4599b,60596,25,0.3968,12.90
4599b,60479,25,0.3968,6.31
4599b,60897,25,0.3968,5.64
4697b,2445,21,0.5833,4.33
4697b,6134,16,0.4444,5.65
4697b,60479,15,0.4167,6.63
4697b,99780,14,0.3889,4.44
4697b,85861,13,0.3611,6.07
4697b,99207,13,0.3611,5.74
4697b,11211,13,0.3611,4.16
4697b,87580,13,0.3611,4.00
4697b,88072,12,0.3333,7.62
4697b,15712,12,0.3333,4.78
4697b,60897,12,0.3333,4.73
4697b,2450,12,0.3333,4.69
6003,85861,12,0.7059,11.87
6003,2357,12,0.7059,4.36
6003,30136,11,0.6471,12.14
6003,15573,11,0.6471,5.47
6003,87994,10,0.5882,11.32
6003,30374,10,0.5882,4.92
6003,11477,10,0.5882,4.86
6003,6091,10,0.5882,4.39
6003,35480,9,0.5294,15.81
6003,18674,9,0.5294,11.56
6003,26603,9,0.5294,10.06
6003,15712,9,0.5294,7.59
6106,6636,18,0.9474,5.15
6106,3701,14,0.7368,6.06
6106,30414,13,0.6842,5.50
6106,87079,13,0.6842,4.04
6106,54383,12,0.6316,17.77
6106,2450,12,0.6316,8.88
6106,6134,12,0.6316,8.03
6106,48336,12,0.6316,4.60
6106,85984,12,0.6316,4.07
6106,30503,11,0.5789,21.72
6106,11477,11,0.5789,4.79
6106,63864,11,0.5789,4.76
63965a,59900,14,0.8750,9.08
63965a,87079,14,0.8750,5.16
63965a,85861,13,0.8125,13.66
63965a,6636,13,0.8125,4.42
63965a,63864,12,0.7500,6.16
63965a,30414,12,0.7500,6.03
63965a,2357,12,0.7500,4.63
63965a,32028,12,0.7500,4.61
63965a,32828,11,0.6875,25.15
63965a,20482,11,0.6875,20.53
63965a,2654a,11,0.6875,19.72
63965a,33909,11,0.6875,19.72
64799,85984,29,0.8529,5.50
64799,11211,25,0.7353,8.47
64799,15573,24,0.7059,5.97
64799,87087,24,0.7059,5.97
64799,63864,24,0.7059,5.80
64799,15712,23,0.6765,9.70
64799,98138,23,0.6765,5.26
64799,32028,23,0.6765,4.16
64799,99206,21,0.6176,7.66
64799,15068,21,0.6176,5.98
64799,2445,21,0.6176,4.59
64799,60479,20,0.5882,9.35
85975,87079,16,0.9412,5.55
85975,2357,14,0.8235,5.08
85975,18674,13,0.7647,16.70
85975,85861,13,0.7647,12.86
85975,87580,13,0.7647,8.48
85975,59900,13,0.7647,7.93
85975,87087,13,0.7647,6.47
85975,63864,13,0.7647,6.29
85975,6636,13,0.7647,4.16
85975,64644,12,0.7059,15.41
85975,15712,12,0.7059,10.12
85975,15573,12,0.7059,5.97
87081,87079,10,0.7143,4.21
87081,60474,9,0.6429,14.04
87081,85984,9,0.6429,4.14
87081,4865b,8,0.5714,8.12
87081,63868,8,0.5714,7.89
87081,59900,8,0.5714,5.93
87081,15573,8,0.5714,4.83
87081,30374,8,0.5714,4.78
87081,11477,8,0.5714,4.72
87081,2445,8,0.5714,4.24
87081,48336,8,0.5714,4.16
87081,88072,7,0.5000,11.43
87991,98138,7,1.0000,7.78
87991,11476,6,0.8571,11.10
87991,15068,6,0.8571,8.30
87991,11477,6,0.8571,7.08
87991,6091,6,0.8571,6.40
87991,4286,6,0.8571,5.12
87991,87079,6,0.8571,5.06
87991,64648,5,0.7143,80.38
87991,60475b,5,0.7143,24.88
87991,18674,5,0.7143,15.60
87991,60897,5,0.7143,10.15
87991,99780,5,0.7143,8.16
90258,32062,12,0.9231,5.10
90258,3702,9,0.6923,8.81
90258,87580,9,0.6923,7.67
90258,62462,9,0.6923,6.18
90258,87079,9,0.6923,4.08
90258,93273,8,0.6154,9.00
90258,11211,8,0.6154,7.09
90258,15573,8,0.6154,5.20
90258,63864,8,0.6154,5.06
90258,30414,8,0.6154,4.95
90258,98138,8,0.6154,4.79
90258,48336,8,0.6154,4.48
91988,63864,37,0.9487,7.80
91988,87079,37,0.9487,5.60
91988,4162,35,0.8974,4.04
91988,6636,34,0.8718,4.74
91988,98138,31,0.7949,6.19
91988,99780,30,0.7692,8.79
91988,15573,30,0.7692,6.51
91988,85984,30,0.7692,4.96
91988,99207,29,0.7436,11.82
91988,87087,29,0.7436,6.29
91988,30374,27,0.6923,5.79
91988,11477,27,0.6923,5.72
92690,48336,10,0.8333,6.07
92690,44728,10,0.8333,5.57
92690,32028,10,0.8333,5.12
92690,87079,10,0.8333,4.92
92690,60479,9,0.7500,11.93
92690,59900,9,0.7500,7.78
92690,60478,9,0.7500,7.67
92690,87087,9,0.7500,6.34
92690,98138,9,0.7500,5.84
92690,2357,9,0.7500,4.63
92690,6636,9,0.7500,4.08
92690,87994,8,0.6667,12.83
98138pc2,11090,4,1.0000,34.02
98138pc2,64644,4,1.0000,21.84
98138pc2,87580,4,1.0000,11.08
98138pc2,15573,4,1.0000,8.46
98138pc2,98138,4,1.0000,7.78
98385,60475b,5,1.0000,34.83
98385,61252,5,1.0000,17.42
98385,85861,5,1.0000,16.82
98385,60479,5,1.0000,15.90
98385,99207,5,1.0000,15.90
98385,15712,5,1.0000,14.34
98385,2429,5,1.0000,12.95
98385,2430,5,1.0000,12.95
98385,11211,5,1.0000,11.52
98385,99780,5,1.0000,11.43
98385,87580,5,1.0000,11.08
98385,59900,5,1.0000,10.38
18671,11477,14,1.0000,8.27
18671,85984,14,1.0000,6.44
18671,87079,14,1.0000,5.90
18671,99206,13,0.9286,11.51
18671,15068,13,0.9286,9.00
18671,98138,13,0.9286,7.23
18671,99207,12,0.8571,13.63
18671,99780,12,0.8571,9.80
18671,15573,12,0.8571,7.25
18671,87087,12,0.8571,7.25
18671,6636,12,0.8571,4.66
18671,92280,11,0.7857,14.93
22667,3680,8,0.7273,10.86
22667,87580,8,0.7273,8.06
22667,6091,8,0.7273,5.43
22667,2357,8,0.7273,4.49
22667,4740,8,0.7273,4.19
22667,3035,8,0.7273,4.00
22667,2423,7,0.6364,25.86
22667,3679,7,0.6364,9.31
22667,59900,7,0.6364,6.60
22667,6541,7,0.6364,6.05
22667,30374,7,0.6364,5.32
22667,98138,7,0.6364,4.95
22890,63864,8,1.0000,8.22
22890,87079,8,1.0000,5.90
22890,3700,8,1.0000,4.41
22890,32124,7,0.8750,24.15
22890,3703,7,0.8750,14.71
22890,99207,7,0.8750,13.91
22890,32123b,7,0.8750,9.85
22890,15068,7,0.8750,8.48
22890,15573,7,0.8750,7.40
22890,11477,7,0.8750,7.23
22890,98138,7,0.8750,6.81
22890,85984,7,0.8750,5.64
30383,44728,38,0.6129,4.09
30383,30414,37,0.5968,4.80
30383,6091,37,0.5968,4.45
30383,48336,36,0.5806,4.23
30383,30374,30,0.4839,4.05
30383,2456,26,0.4194,4.54
30383,30553,24,0.3871,8.99
30383,6134,24,0.3871,4.92
30383,32064a,22,0.3548,5.24
30383,6179,21,0.3387,6.44
30383,6111,20,0.3226,4.67
30383,63868,20,0.3226,4.45
30565,87079,49,0.7424,4.38
30565,15573,36,0.5455,4.61
30565,15068,35,0.5303,5.14
30565,87087,33,0.5000,4.23
30565,22885,27,0.4091,5.44
30565,15712,26,0.3939,5.65
30565,87580,25,0.3788,4.20
30565,11476,24,0.3636,4.71
30565,11211,23,0.3485,4.01
30565,63868,22,0.3333,4.60
30565,18674,21,0.3182,6.95
30565,25269,21,0.3182,5.06
3626cp01,973,8,0.8889,8.50
3626cp01,44728,7,0.7778,5.20
3626cp01,32028,7,0.7778,4.78
3626cp01,59900,6,0.6667,6.92
3626cp01,63864,6,0.6667,5.48
3626cp01,3665a,6,0.6667,4.35
3626cp01,85984,6,0.6667,4.30
3626cp01,2921,5,0.5556,10.98
3626cp01,60479,5,0.5556,8.83
3626cp01,32064a,5,0.5556,8.21
3626cp01,93273,5,0.5556,8.13
3626cp01,6134,5,0.5556,7.07
44301b,15573,8,1.0000,8.46
44301b,85984,8,1.0000,6.44
44301b,2654a,7,0.8750,25.10
44301b,33909,7,0.8750,25.10
44301b,26603,7,0.8750,16.62
44301b,87079,7,0.8750,5.16
44301b,3937,7,0.8750,4.41
44301b,36841,6,0.7500,42.20
44301b,24299,6,0.7500,29.66
44301b,24307,6,0.7500,27.43
44301b,36840,6,0.7500,26.12
44301b,35480,6,0.7500,22.39
44302a,30414,24,0.6667,5.36
44302a,2445,20,0.5556,4.13
44302a,50950,19,0.5278,4.31
44302a,2429,15,0.4167,5.39
44302a,2430,15,0.4167,5.39
44302a,6134,14,0.3889,4.95
44302a,30383,12,0.3333,7.87
44302a,50745,10,0.2778,9.45
44302a,30363,10,0.2778,7.67
44302a,2436b,10,0.2778,7.13
44302a,32018,10,0.2778,7.01
44302a,30413,10,0.2778,6.66
14419,14417,6,1.0000,60.96
14419,14418,5,0.8333,50.80
14419,99207,5,0.8333,13.25
14419,2429,5,0.8333,10.79
14419,2430,5,0.8333,10.79
14419,11477,5,0.8333,6.89
14419,85984,5,0.8333,5.37
14419,14704,4,0.6667,34.83
14419,11211,4,0.6667,7.68
14419,60478,4,0.6667,6.82
14419,87087,4,0.6667,5.64
14419,30374,4,0.6667,5.57
19119,15712,10,1.0000,14.34
19119,85861,8,0.8000,13.45
19119,59900,8,0.8000,8.30
19119,60478,8,0.8000,8.18
19119,24866,7,0.7000,24.98
19119,30565,7,0.7000,15.52
19119,18674,7,0.7000,15.29
19119,14719,7,0.7000,13.84
19119,87994,7,0.7000,13.47
19119,25269,7,0.7000,11.13
19119,4733,7,0.7000,10.78
19119,22885,7,0.7000,9.31
23186,15712,5,1.0000,14.34
23186,99780,5,1.0000,11.43
23186,15068,5,1.0000,9.69
23186,15573,5,1.0000,8.46
23186,11477,5,1.0000,8.27
23186,85984,5,1.0000,6.44
23186,23443,4,0.8000,46.82
23186,26047,4,0.8000,31.63
23186,98283,4,0.8000,30.01
23186,32828,4,0.8000,29.26
23186,35480,4,0.8000,23.89
23186,33909,4,0.8000,22.95
30166,15068,7,1.0000,9.69
30166,15573,7,1.0000,8.46
30166,11477,7,1.0000,8.27
30166,99206,6,0.8571,10.63
30166,11211,6,0.8571,9.87
30166,44728,6,0.8571,5.73
30166,85984,6,0.8571,5.52
30166,32028,6,0.8571,5.27
30166,87079,6,0.8571,5.06
30166,6636,6,0.8571,4.66
30166,41682,5,0.7143,45.43
30166,64799,5,0.7143,30.74
30340,59900,11,0.7333,7.61
30340,60596,10,0.6667,21.67
30340,4599b,10,0.6667,15.48
30340,48336,10,0.6667,4.85
30340,85984,10,0.6667,4.30
30340,2357,10,0.6667,4.12
30340,3899,9,0.6000,9.86
30340,4865b,9,0.6000,8.52
30340,60897,9,0.6000,8.52
30340,87580,9,0.6000,6.65
30340,60478,9,0.6000,6.14
30340,87087,9,0.6000,5.07
30504,6636,13,1.0000,5.44
30504,2780,12,0.9231,4.07
30504,3036,9,0.6923,5.82
30504,30374,9,0.6923,5.79
30504,48336,9,0.6923,5.04
30504,6558,9,0.6923,4.96
30504,60478,8,0.6154,6.30
30504,3701,8,0.6154,5.06
30504,43093,8,0.6154,4.44
30504,44728,8,0.6154,4.11
30504,60479,7,0.5385,8.56
30504,4865b,7,0.5385,7.65
61485,6636,12,0.8571,4.66
61485,44728,10,0.7143,4.77
61485,32028,10,0.7143,4.39
61485,60474,9,0.6429,14.04
61485,30414,9,0.6429,5.17
61485,15573,8,0.5714,4.83
61485,98138,8,0.5714,4.45
61485,48336,8,0.5714,4.16
61485,3815b,7,0.5000,9.14
61485,99207,7,0.5000,7.95
61485,32064a,7,0.5000,7.39
61485,93273,7,0.5000,7.31
6256,6231,8,0.7273,7.39
6256,92248,7,0.6364,31.03
6256,33291,7,0.6364,20.24
6256,4865b,7,0.6364,9.04
6256,59900,7,0.6364,6.60
6256,6091,7,0.6364,4.75
6256,92244,6,0.5455,26.60
6256,92245,6,0.5455,24.94
6256,50950,6,0.5455,4.46
6256,2423,5,0.4545,18.47
6256,4599b,5,0.4545,10.56
6256,88072,5,0.4545,10.39
11214,32062,96,0.9505,5.25
11214,4519,93,0.9208,5.22
11214,4274,93,0.9208,4.14
11214,43093,92,0.9109,6.56
11214,2780,92,0.9109,4.01
11214,3713,91,0.9010,4.67
11214,32523,86,0.8515,7.55
11214,59443,85,0.8416,6.77
11214,6558,85,0.8416,6.04
11214,32054,84,0.8317,6.87
11214,32140,83,0.8218,8.07
11214,32316,83,0.8218,7.91
15462,43093,68,0.9444,6.81
15462,4274,68,0.9444,4.25
15462,32062,67,0.9306,5.14
15462,2780,67,0.9306,4.10
15462,4519,65,0.9028,5.12
15462,3713,65,0.9028,4.68
15462,32054,64,0.8889,7.35
15462,59443,64,0.8889,7.15
15462,32523,63,0.8750,7.76
15462,87083,62,0.8611,9.84
15462,32316,61,0.8472,8.15
15462,6558,60,0.8333,5.98
32015,4519,67,0.9571,5.43
32015,32062,65,0.9286,5.13
32015,3705,61,0.8714,4.67
32015,32013,60,0.8571,7.33
32015,6536,59,0.8429,7.34
32015,3713,57,0.8143,4.22
32015,32073,56,0.8000,6.80
32015,32054,55,0.7857,6.49
32015,6558,55,0.7857,5.63
32015,32140,54,0.7714,7.57
32015,3706,54,0.7714,4.86
32015,43093,53,0.7571,5.46
32054,32062,157,0.8870,4.90
32054,4519,149,0.8418,4.77
32054,6558,144,0.8136,5.83
32054,3713,142,0.8023,4.16
32054,43093,136,0.7684,5.54
32054,3705,134,0.7571,4.06
32054,32523,133,0.7514,6.66
32054,32073,128,0.7232,6.15
32054,32316,124,0.7006,6.74
32054,32526,123,0.6949,7.11
32054,59443,123,0.6949,5.59
32054,6536,122,0.6893,6.00
32270,32062,120,0.9091,5.02
32270,4519,117,0.8864,5.03
32270,3713,117,0.8864,4.60
32270,3705,113,0.8561,4.59
32270,43093,110,0.8333,6.01
32270,6558,109,0.8258,5.92
32270,32184,108,0.8182,8.49
32270,32523,108,0.8182,7.25
32270,32054,105,0.7955,6.57
32270,44294,102,0.7727,7.96
32270,32526,102,0.7727,7.91
32270,32140,102,0.7727,7.59
32449,32062,77,0.9390,5.18
32449,4519,76,0.9268,5.26
32449,3713,72,0.8780,4.56
32449,6536,69,0.8415,7.33
32449,32073,69,0.8415,7.16
32449,6558,69,0.8415,6.03
32449,32140,68,0.8293,8.14
32449,32523,68,0.8293,7.35
32449,32054,68,0.8293,6.85
32449,43093,68,0.8293,5.98
32449,3705,68,0.8293,4.44
32449,32184,67,0.8171,8.48
44294,32062,128,0.9014,4.98
44294,3713,127,0.8944,4.64
44294,4519,126,0.8873,5.03
44294,43093,119,0.8380,6.04
44294,32523,116,0.8169,7.24
44294,32073,113,0.7958,6.77
44294,3705,113,0.7958,4.26
44294,6558,112,0.7887,5.66
44294,32316,111,0.7817,7.52
44294,32054,111,0.7817,6.46
44294,32140,109,0.7676,7.54
44294,6536,108,0.7606,6.62
33172,33183,7,0.7778,59.89
33172,6091,7,0.7778,5.81
33172,24866,6,0.6667,23.79
33172,30565,6,0.6667,14.78
33172,59900,6,0.6667,6.92
33172,85984,6,0.6667,4.30
33172,33051,5,0.5556,73.89
33172,3659,5,0.5556,9.79
33172,63868,5,0.5556,7.67
33172,22885,5,0.5556,7.39
33172,11476,5,0.5556,7.19
33172,60478,5,0.5556,5.68
98374,32607,6,1.0000,56.27
98374,18674,6,1.0000,21.84
98374,30136,6,1.0000,18.76
98374,85861,6,1.0000,16.82
98374,15712,6,1.0000,14.34
98374,87580,6,1.0000,11.08
98374,59900,6,1.0000,10.38
98374,15573,6,1.0000,8.46
98374,87079,6,1.0000,5.90
98374,37775,5,0.8333,121.92
98374,85975,5,0.8333,71.72
98374,64647,5,0.8333,60.96
24093,24324,4,1.0000,365.75
24093,25269,4,1.0000,15.90
24093,15573,4,1.0000,8.46
24093,30374,4,1.0000,8.36
24093,11477,4,1.0000,8.27
24093,87079,4,1.0000,5.90
24093,3941,4,1.0000,5.54
24324,24093,4,1.0000,365.75
24324,25269,4,1.0000,15.90
24324,15573,4,1.0000,8.46
24324,30374,4,1.0000,8.36
24324,11477,4,1.0000,8.27
24324,87079,4,1.0000,5.90
24324,3941,4,1.0000,5.54
33051,59900,8,0.7273,7.55
33051,2877,7,0.6364,5.75
33051,30414,7,0.6364,5.12
33051,6091,7,0.6364,4.75
33051,2445,7,0.6364,4.73
33051,3298,7,0.6364,4.73
33051,48336,7,0.6364,4.63
33051,44728,7,0.6364,4.25
33051,92245,6,0.5455,24.94
33051,2423,6,0.5455,22.17
33051,60594,6,0.5455,21.57
33051,33291,6,0.5455,17.35
4733,60897,30,0.3158,4.49
4733,85861,29,0.3053,5.13
4733,18674,28,0.2947,6.44
4733,15712,28,0.2947,4.23
4733,87994,23,0.2421,4.66
4733,30136,23,0.2421,4.54
4733,14719,22,0.2316,4.58
4733,47905,20,0.2105,4.97
4733,64644,19,0.2000,4.37
4733,20482,17,0.1789,5.34
4733,52107,16,0.1684,4.65
4733,60592,15,0.1579,6.24
87693,4498,6,0.6000,46.20
87693,4499,6,0.6000,46.20
87693,4506,5,0.5000,146.30
87693,973p46,5,0.5000,121.92
87693,3847,5,0.5000,38.50
87693,4497,5,0.5000,26.12
87693,2339,5,0.5000,20.90
87693,3830,5,0.5000,10.92
87693,3831,5,0.5000,10.92
87693,4085b,5,0.5000,9.50
87693,3659,5,0.5000,8.81
87693,973p48,4,0.4000,146.30
21229,15573,4,1.0000,8.46
21229,87087,4,1.0000,8.46
21229,85984,4,1.0000,6.44
21229,6636,4,1.0000,5.44
21229,4477,4,1.0000,4.62
21229,3832,4,1.0000,4.34
30151b,4865b,6,1.0000,14.20
30151b,59900,6,1.0000,10.38
30151b,30153,5,0.8333,53.01
30151b,2654a,5,0.8333,23.91
30151b,61252,5,0.8333,14.51
30151b,85984,5,0.8333,5.37
30151b,3941,5,0.8333,4.62
30151b,6636,5,0.8333,4.53
30151b,63965a,4,0.6667,60.96
30151b,32607,4,0.6667,37.51
30151b,60592,4,0.6667,26.36
30151b,98283,4,0.6667,25.01
30150,3659,6,0.5000,8.81
30150,6134,6,0.5000,6.36
30150,30414,6,0.5000,4.02
30150,33051,5,0.4167,55.42
30150,30134,5,0.4167,33.87
30150,2343,5,0.4167,10.89
30150,2921,5,0.4167,8.24
30150,3837,5,0.4167,8.13
30150,30136,5,0.4167,7.82
30150,2465,5,0.4167,6.16
30150,87580,5,0.4167,4.62
30150,2456,5,0.4167,4.52
2458,2465,22,0.2785,4.12
2458,6111,22,0.2785,4.03
2458,6232,21,0.2658,6.94
2458,3007,20,0.2532,4.07
2458,3703,19,0.2405,4.04
2458,6179,17,0.2152,4.09
2458,88072,16,0.2025,4.63
2458,6112,16,0.2025,4.29
2458,10247,14,0.1772,5.40
2458,32018,13,0.1646,4.15
2458,32530,12,0.1519,4.27
2458,32124,12,0.1519,4.19
6255,4740,4,1.0000,5.76
6255,4477,4,1.0000,4.62
6255,2780,4,1.0000,4.41
6255,3700,4,1.0000,4.41
30162,6112,14,0.2414,5.12
30162,6179,14,0.2414,4.59
30162,30383,13,0.2241,5.29
30162,30363,12,0.2069,5.71
30162,32001,11,0.1897,7.30
30162,30236,10,0.1724,4.95
30162,54384,10,0.1724,4.95
30162,54383,10,0.1724,4.85
30162,6180,10,0.1724,4.67
30162,6232,10,0.1724,4.50
30162,47457,10,0.1724,4.43
30162,32018,10,0.1724,4.35
4735,3838,31,0.3827,4.27
4735,4623,24,0.2963,4.33
4735,2419,23,0.2840,4.28
4735,4590,22,0.2716,5.60
4735,4588,16,0.1975,9.97
4735,4595,16,0.1975,5.07
4735,30383,16,0.1975,4.66
4735,4598,15,0.1852,7.13
4735,4229,13,0.1605,6.91
4735,752,13,0.1605,5.22
4735,3933,13,0.1605,4.43
4735,3934,13,0.1605,4.43
11212,63864,63,0.8400,6.90
11212,87079,60,0.8000,4.72
11212,15573,54,0.7200,6.09
11212,85984,51,0.6800,4.38
11212,98138,50,0.6667,5.19
11212,11477,49,0.6533,5.40
11212,87087,43,0.5733,4.85
11212,11211,41,0.5467,6.30
11212,15068,39,0.5200,5.04
11212,85861,38,0.5067,8.52
11212,26603,37,0.4933,9.37
11212,99206,37,0.4933,6.12
11833,63864,13,0.8667,7.12
11833,85984,13,0.8667,5.59
11833,87079,13,0.8667,5.11
11833,87580,12,0.8000,8.87
11833,15573,12,0.8000,6.77
11833,11211,11,0.7333,8.45
11833,6541,11,0.7333,6.97
11833,99781,10,0.6667,11.34
11833,63868,10,0.6667,9.20
11833,59900,10,0.6667,6.92
11833,60478,10,0.6667,6.82
11833,87087,10,0.6667,5.64
14704,11477,22,0.7857,6.49
14704,85984,21,0.7500,4.83
14704,15068,20,0.7143,6.92
14704,87087,19,0.6786,5.74
14704,99207,18,0.6429,10.22
14704,14417,17,0.6071,37.01
14704,15573,17,0.6071,5.13
14704,60478,16,0.5714,5.85
14704,98138,16,0.5714,4.45
14704,63868,15,0.5357,7.39
14704,99780,15,0.5357,6.12
14704,99781,14,0.5000,8.51
15207,87079,22,0.9167,5.41
15207,6636,21,0.8750,4.76
15207,63864,20,0.8333,6.85
15207,98138,20,0.8333,6.48
15207,15573,19,0.7917,6.69
15207,2445,19,0.7917,5.88
15207,85984,19,0.7917,5.10
15207,2357,19,0.7917,4.89
15207,87580,18,0.7500,8.31
15207,60479,17,0.7083,11.26
15207,87087,17,0.7083,5.99
15207,99781,16,0.6667,11.34
15456,14704,8,0.7273,38.00
15456,11477,8,0.7273,6.01
15456,99780,6,0.5455,6.23
15456,60478,6,0.5455,5.58
15456,87087,6,0.5455,4.61
15456,98138,6,0.5455,4.24
15456,14417,5,0.4545,27.71
15456,15535,5,0.4545,10.73
15456,99781,5,0.4545,7.73
15456,99207,5,0.4545,7.23
15456,6589,5,0.4545,5.78
15456,15068,5,0.4545,4.40
15470,15573,12,0.8571,7.25
15470,18674,11,0.7857,17.16
15470,85984,11,0.7857,5.06
15470,98283,10,0.7143,26.79
15470,64644,10,0.7143,15.60
15470,11211,10,0.7143,8.23
15470,87580,10,0.7143,7.92
15470,98138,10,0.7143,5.56
15470,87079,10,0.7143,4.21
15470,85861,9,0.6429,10.81
15470,4865b,9,0.6429,9.13
15470,99780,9,0.6429,7.35
18677,98138,42,0.8077,6.29
18677,32062,41,0.7885,4.35
18677,4519,39,0.7500,4.25
18677,11477,38,0.7308,6.04
18677,43093,38,0.7308,5.27
18677,87079,37,0.7115,4.20
18677,62462,36,0.6923,6.18
18677,15573,35,0.6731,5.69
18677,63864,35,0.6731,5.53
18677,85984,35,0.6731,4.34
18677,59443,34,0.6538,5.26
18677,32123b,32,0.6154,6.93
2453b,87079,16,0.8889,5.24
2453b,15573,15,0.8333,7.05
2453b,87580,14,0.7778,8.62
2453b,59900,14,0.7778,8.07
2453b,85984,14,0.7778,5.01
2453b,2357,14,0.7778,4.80
2453b,6636,14,0.7778,4.23
2453b,87087,13,0.7222,6.11
2453b,4865b,12,0.6667,9.47
2453b,63868,12,0.6667,9.20
2453b,63864,12,0.6667,5.48
2453b,48336,12,0.6667,4.85
24855,20482,8,1.0000,29.86
24855,35480,8,1.0000,29.86
24855,85861,8,1.0000,16.82
24855,59900,8,1.0000,10.38
24855,32607,7,0.8750,49.24
24855,24866,7,0.8750,31.22
24855,18674,7,0.8750,19.11
24855,26603,7,0.8750,16.62
24855,99207,7,0.8750,13.91
24855,11476,7,0.8750,11.33
24855,15068,7,0.8750,8.48
24855,85984,7,0.8750,5.64
29119,29120,46,0.9388,29.86
29119,87079,39,0.7959,4.70
29119,11477,38,0.7755,6.41
29119,85984,37,0.7551,4.87
29119,15573,34,0.6939,5.87
29119,15068,32,0.6531,6.33
29119,99206,30,0.6122,7.59
29119,25269,29,0.5918,9.41
29119,85861,27,0.5510,9.27
29119,99780,27,0.5510,6.30
29119,63864,27,0.5510,4.53
29119,11211,26,0.5306,6.11
29120,29119,46,1.0000,29.86
29120,11477,37,0.8043,6.65
29120,87079,37,0.8043,4.75
29120,85984,36,0.7826,5.04
29120,15573,32,0.6957,5.88
29120,15068,31,0.6739,6.53
29120,99206,29,0.6304,7.82
29120,25269,28,0.6087,9.68
29120,99780,27,0.5870,6.71
29120,11211,26,0.5652,6.51
29120,63864,26,0.5652,4.65
29120,26603,24,0.5217,9.91
33320,59900,14,0.7000,7.26
33320,2357,14,0.7000,4.32
33320,87079,14,0.7000,4.13
33320,63864,13,0.6500,5.34
33320,30136,12,0.6000,11.25
33320,87580,12,0.6000,6.65
33320,6091,12,0.6000,4.48
33320,85861,11,0.5500,9.25
33320,98138,11,0.5500,4.28
33320,4733,10,0.5000,7.70
33320,6541,10,0.5000,4.75
33320,4282,10,0.5000,4.46
44861,87079,12,1.0000,5.90
44861,32828,11,0.9167,33.53
44861,33909,11,0.9167,26.30
44861,85861,11,0.9167,15.41
44861,15712,11,0.9167,13.15
44861,2357,11,0.9167,5.66
44861,6636,11,0.9167,4.99
44861,4162,11,0.9167,4.13
44861,20482,10,0.8333,24.88
44861,18674,10,0.8333,18.20
44861,11211,10,0.8333,9.60
44861,99780,10,0.8333,9.52
60470b,87079,38,0.8261,4.87
60470b,48336,36,0.7826,5.70
60470b,85984,36,0.7826,5.04
60470b,15573,34,0.7391,6.25
60470b,87087,32,0.6957,5.88
60470b,11477,31,0.6739,5.57
60470b,63864,31,0.6739,5.54
60470b,15068,30,0.6522,6.32
60470b,44728,30,0.6522,4.36
60470b,60897,29,0.6304,8.95
60470b,60478,29,0.6304,6.45
60470b,98138,29,0.6304,4.91
92950,6636,25,0.8333,4.53
92950,85984,23,0.7667,4.94
92950,32028,23,0.7667,4.71
92950,87079,23,0.7667,4.52
92950,2357,22,0.7333,4.53
92950,60478,21,0.7000,7.16
92950,63864,20,0.6667,5.48
92950,60479,19,0.6333,10.07
92950,99780,19,0.6333,7.24
92950,87580,19,0.6333,7.02
92950,87087,19,0.6333,5.36
92950,30414,19,0.6333,5.09
98100,15573,16,0.9412,7.96
98100,11477,14,0.8235,6.81
98100,87079,14,0.8235,4.86
98100,15712,13,0.7647,10.97
98100,63864,13,0.7647,6.29
98100,98138,13,0.7647,5.95
98100,18674,12,0.7059,15.41
98100,85861,12,0.7059,11.87
98100,11211,12,0.7059,8.13
98100,60478,12,0.7059,7.22
98100,20482,11,0.6471,19.32
98100,32124,11,0.6471,17.86
15533,98283,9,0.9000,33.76
15533,11211,8,0.8000,9.22
15533,87580,8,0.8000,8.87
15533,59900,8,0.8000,8.30
15533,15573,8,0.8000,6.77
15533,98138,8,0.8000,6.23
15533,2357,8,0.8000,4.94
15533,87079,8,0.8000,4.72
15533,60475b,7,0.7000,24.38
15533,60596,7,0.7000,22.76
15533,61252,7,0.7000,12.19
15533,15712,7,0.7000,10.04
22889,15535,5,0.8333,19.66
22889,99781,5,0.8333,14.18
22889,4865b,5,0.8333,11.84
22889,11211,5,0.8333,9.60
22889,99780,5,0.8333,9.52
22889,6541,5,0.8333,7.92
22889,15573,5,0.8333,7.05
22889,11477,5,0.8333,6.89
22889,63864,5,0.8333,6.85
22889,87079,5,0.8333,4.92
22889,32828,4,0.6667,24.38
22889,24201,4,0.6667,21.67
59230,60478,6,1.0000,10.23
59230,87079,6,1.0000,5.90
59230,13965,5,0.8333,50.80
59230,14769,5,0.8333,24.88
59230,30357,5,0.8333,17.17
59230,87994,5,0.8333,16.04
59230,61252,5,0.8333,14.51
59230,63868,5,0.8333,11.50
59230,6541,5,0.8333,7.92
59230,11477,5,0.8333,6.89
59230,30414,5,0.8333,6.70
59230,2445,5,0.8333,6.19
6154,2456,7,0.6364,6.90
6154,85984,7,0.6364,4.10
6154,30414,6,0.5455,4.38
6154,2445,6,0.5455,4.05
6154,6155,5,0.4545,133.00
6154,6134,5,0.4545,5.78
6154,99780,5,0.4545,5.20
6154,26604,4,0.3636,14.38
6154,34103,4,0.3636,12.37
6154,32952,4,0.3636,9.67
6154,4488,4,0.3636,6.33
6154,3899,4,0.3636,5.98
88646,87079,16,0.8421,4.97
88646,85984,15,0.7895,5.09
88646,15573,14,0.7368,6.23
88646,98138,14,0.7368,5.73
88646,32062,14,0.7368,4.07
88646,85861,12,0.6316,10.62
88646,99781,11,0.5789,9.85
88646,99207,11,0.5789,9.21
88646,93273,11,0.5789,8.47
88646,15712,11,0.5789,8.30
88646,99780,11,0.5789,6.62
88646,87580,11,0.5789,6.42
91405,2357,18,0.7826,4.83
91405,59900,17,0.7391,7.67
91405,48336,17,0.7391,5.38
91405,4599b,16,0.6957,16.15
91405,87580,16,0.6957,7.71
91405,87087,16,0.6957,5.88
91405,60596,15,0.6522,21.20
91405,92438,13,0.5652,21.76
91405,4865b,13,0.5652,8.03
91405,30374,13,0.5652,4.73
91405,3899,12,0.5217,8.58
91405,63864,12,0.5217,4.29
24316,4519,57,0.9661,5.48
24316,59443,56,0.9492,7.63
24316,43093,56,0.9492,6.84
24316,32062,56,0.9492,5.24
24316,4274,55,0.9322,4.20
24316,3713,54,0.9153,4.75
24316,32523,51,0.8644,7.66
24316,3705,50,0.8475,4.54
24316,11214,49,0.8305,12.03
24316,87083,49,0.8305,9.49
24316,32270,49,0.8305,9.20
24316,32184,49,0.8305,8.62
30165,30414,27,0.5400,4.34
30165,2877,24,0.4800,4.33
30165,60478,20,0.4000,4.09
30165,63868,19,0.3800,5.24
30165,32064a,17,0.3400,5.02
30165,61252,16,0.3200,5.57
30165,4865b,16,0.3200,4.55
30165,6134,16,0.3200,4.07
30165,30383,15,0.3000,7.08
30165,6179,15,0.3000,5.70
30165,99781,14,0.2800,4.76
30165,99207,14,0.2800,4.45
30363,2445,31,0.5849,4.34
30363,30414,29,0.5472,4.40
30363,3701,27,0.5094,4.19
30363,2456,26,0.4906,5.32
30363,30374,26,0.4906,4.10
30363,6134,25,0.4717,6.00
30363,6541,24,0.4528,4.30
30363,4282,24,0.4528,4.04
30363,3702,22,0.4151,5.28
30363,2450,21,0.3962,5.57
30363,3894,21,0.3962,5.22
30363,32064a,18,0.3396,5.02
6180,30414,28,0.5185,4.17
6180,6541,27,0.5000,4.75
6180,6179,23,0.4259,8.09
6180,2456,23,0.4259,4.62
6180,3702,20,0.3704,4.71
6180,6134,19,0.3519,4.48
6180,32123a,19,0.3519,4.12
6180,2450,18,0.3333,4.69
6180,6587,17,0.3148,4.04
6180,11212,16,0.2963,5.78
6180,63868,16,0.2963,4.09
6180,32530,15,0.2778,7.82
63082,30374,12,0.7059,5.90
63082,85984,11,0.6471,4.17
63082,63864,9,0.5294,4.35
63082,30414,9,0.5294,4.26
63082,98138,9,0.5294,4.12
63082,63868,8,0.4706,6.50
63082,99780,8,0.4706,5.38
63082,60478,8,0.4706,4.81
63082,6541,8,0.4706,4.47
63082,62462,8,0.4706,4.20
63082,3030,8,0.4706,4.00
63082,32530,7,0.4118,11.58
43892,11476,6,0.8571,11.10
43892,3659,5,0.7143,12.59
43892,15573,5,0.7143,6.04
43892,98138,5,0.7143,5.56
43892,87079,5,0.7143,4.21
43892,33320,4,0.5714,41.80
43892,85861,4,0.5714,9.61
43892,99207,4,0.5714,9.09
43892,4733,4,0.5714,8.80
43892,15712,4,0.5714,8.20
43892,60897,4,0.5714,8.12
43892,99780,4,0.5714,6.53
38320,3684c,5,1.0000,66.50
38320,60592,5,1.0000,39.54
38320,98283,5,1.0000,37.51
38320,29120,5,1.0000,31.80
38320,29119,5,1.0000,29.86
38320,2654a,5,1.0000,28.69
38320,18674,5,1.0000,21.84
38320,64644,5,1.0000,21.84
38320,30136,5,1.0000,18.76
38320,3659,5,1.0000,17.63
38320,85861,5,1.0000,16.82
38320,87580,5,1.0000,11.08
4332,3626c,5,0.6250,21.77
4332,87580,4,0.5000,5.54
4332,59900,4,0.5000,5.19
4332,11477,4,0.5000,4.13
6005,6091,36,0.8000,5.97
6005,2357,30,0.6667,4.12
6005,2445,27,0.6000,4.46
6005,48336,27,0.6000,4.37
6005,44728,27,0.6000,4.01
6005,30414,26,0.5778,4.64
6005,6541,25,0.5556,5.28
6005,50950,25,0.5556,4.54
6005,60478,23,0.5111,5.23
6005,87087,23,0.5111,4.32
6005,11477,22,0.4889,4.04
6005,60479,21,0.4667,7.42
60583b,87580,7,0.8750,9.70
60583b,60475b,6,0.7500,26.12
60583b,63868,6,0.7500,10.35
60583b,15573,6,0.7500,6.34
60583b,87087,6,0.7500,6.34
60583b,2445,6,0.7500,5.57
60583b,3665a,6,0.7500,4.90
60583b,85984,6,0.7500,4.83
60583b,2357,6,0.7500,4.63
60583b,87079,6,0.7500,4.42
60583b,2453b,5,0.6250,50.80
60583b,3245c,5,0.6250,27.71
95343,95344,13,0.8667,63.40
95343,87087,9,0.6000,5.07
95343,11477,9,0.6000,4.96
95343,98138,9,0.6000,4.67
95343,60478,8,0.5333,5.46
95343,15573,8,0.5333,4.51
95343,60897,7,0.4667,6.63
95343,63868,7,0.4667,6.44
95343,87580,7,0.4667,5.17
95343,15068,7,0.4667,4.52
95343,60475b,6,0.4000,13.93
95343,33291,6,0.4000,12.72
2339,2357,28,0.8000,4.94
2339,3659,16,0.4571,8.06
2339,3830,15,0.4286,9.36
2339,3831,15,0.4286,9.36
2339,30136,12,0.3429,6.43
2339,4490,11,0.3143,11.21
2339,4460a,11,0.3143,6.39
2339,60479,11,0.3143,5.00
2339,60592,10,0.2857,11.30
2339,2343,10,0.2857,7.46
2339,3028,10,0.2857,4.18
2339,4495a,9,0.2571,11.76
30357,30414,38,0.5352,4.30
30357,87087,34,0.4789,4.05
30357,60478,29,0.4085,4.18
30357,59900,28,0.3944,4.09
30357,15712,23,0.3239,4.65
30357,60479,22,0.3099,4.93
30357,60897,21,0.2958,4.20
30357,88072,20,0.2817,6.44
30357,30565,20,0.2817,6.24
30357,32064a,20,0.2817,4.16
30357,99207,19,0.2676,4.26
30357,51739,18,0.2535,5.22
33057,60596,6,0.7500,24.38
33057,3659,6,0.7500,13.22
33057,87580,6,0.7500,8.31
33057,48336,6,0.7500,5.46
33057,2357,6,0.7500,4.63
33057,63868,5,0.6250,8.63
33057,59900,5,0.6250,6.48
33057,6541,5,0.6250,5.94
33057,87087,5,0.6250,5.29
33057,3037,5,0.6250,5.08
33057,6091,5,0.6250,4.67
33057,3665a,5,0.6250,4.08
4529,4528,9,0.6923,32.67
4529,4079,9,0.6923,4.99
4529,60596,7,0.5385,17.51
4529,2921,7,0.5385,10.65
4529,4599a,7,0.5385,6.85
4529,59900,7,0.5385,5.59
4529,30374,7,0.5385,4.50
4529,2417,6,0.4615,30.69
4529,4533,6,0.4615,17.77
4529,4346,6,0.4615,14.37
4529,3857,6,0.4615,14.37
4529,4345b,6,0.4615,13.78
33492,33909,4,1.0000,28.69
33492,15573,4,1.0000,8.46
33492,87079,4,1.0000,5.90
33492,6636,4,1.0000,5.44
33492,3002,4,1.0000,4.75
40379,2357,7,0.8750,5.40
40379,30136,6,0.7500,14.07
40379,2445,6,0.7500,5.57
40379,32606,5,0.6250,70.34
40379,24866,5,0.6250,22.30
40379,26601,5,0.6250,18.66
40379,85861,5,0.6250,10.51
40379,2456,5,0.6250,6.77
40379,59900,5,0.6250,6.48
40379,3958,5,0.6250,4.42
40379,78258,4,0.5000,121.92
40379,33320,4,0.5000,36.58
2524,2357,12,0.8000,4.94
2524,4079,9,0.6000,4.32
2524,4865a,9,0.6000,4.30
2524,2456,8,0.5333,5.78
2524,3899,7,0.4667,7.67
2524,3901,7,0.4667,7.04
2524,3033,7,0.4667,4.91
2524,2465,6,0.4000,5.91
2524,4033,5,0.3333,18.06
2524,3455,5,0.3333,12.83
2524,3027,5,0.3333,5.48
2524,3624,5,0.3333,4.69
3846p45,3896,6,0.8571,104.50
3846p45,4497,6,0.8571,44.79
3846p45,3626ap01,6,0.8571,17.66
3846p45,4444,5,0.7143,80.38
3846p45,3844,5,0.7143,58.06
3846p45,3847,5,0.7143,55.00
3846p45,4498,5,0.7143,55.00
3846p45,4499,5,0.7143,55.00
3846p45,4495a,5,0.7143,32.66
3846p45,4490,5,0.7143,25.49
3846p45,3957a,5,0.7143,5.07
3846p45,3673,5,0.7143,4.25
4738a,2343,7,0.7000,18.29
4738a,3659,7,0.7000,12.34
4738a,87580,7,0.7000,7.76
4738a,3958,6,0.6000,4.24
4738a,98283,5,0.5000,18.76
4738a,30165,5,0.5000,14.63
4738a,63868,5,0.5000,6.90
4738a,59900,5,0.5000,5.19
4738a,3036,5,0.5000,4.20
4738a,33051,4,0.4000,53.20
4738a,2453b,4,0.4000,32.51
4738a,95344,4,0.4000,29.26
2449,3029,17,0.4146,4.27
2449,3028,16,0.3902,5.71
2449,2450,15,0.3659,5.15
2449,6134,14,0.3415,4.34
2449,60479,12,0.2927,4.65
2449,2465,12,0.2927,4.33
2449,6005,11,0.2683,8.72
2449,4460a,11,0.2683,5.45
2449,3007,11,0.2683,4.31
2449,4349,10,0.2439,4.52
2449,3659,10,0.2439,4.30
2449,32530,9,0.2195,6.18
4489b,2489,4,0.8000,37.75
4489b,3659,4,0.8000,14.10
93160,33291,5,0.7143,22.72
93160,4865b,5,0.7143,10.15
93160,87580,5,0.7143,7.92
93160,59900,5,0.7143,7.41
93160,87087,5,0.7143,6.04
93160,2423,4,0.5714,23.22
93160,3626c,4,0.5714,19.90
93160,30136,4,0.5714,10.72
93160,6231,4,0.5714,5.81
93160,50950,4,0.5714,4.67
6215,30414,17,0.6296,5.06
6215,6091,15,0.5556,4.15
6215,3029,11,0.4074,4.20
6215,60478,11,0.4074,4.17
6215,6081,10,0.3704,10.03
6215,30357,10,0.3704,7.63
6215,60479,9,0.3333,5.30
6215,6134,9,0.3333,4.24
6215,6005,8,0.2963,9.63
6215,3007,8,0.2963,4.76
6215,6111,8,0.2963,4.29
6215,6232,7,0.2593,6.77
33303,33172,4,0.5714,92.89
33303,4599b,4,0.5714,13.27
33303,87580,4,0.5714,6.33
33303,3958,4,0.5714,4.04
3665a,4287a,51,0.2277,4.44
3958,22885,75,0.3623,4.82
3958,11476,67,0.3237,4.19
3958,25269,53,0.2560,4.07
3958,32952,34,0.1643,4.37
87079pz4,24866,5,1.0000,35.68
87079pz4,30565,5,1.0000,22.17
87079pz4,22885,5,1.0000,13.30
87079pz4,11476,5,1.0000,12.95
87079pz4,92593,5,1.0000,11.00
87079pz4,15068,5,1.0000,9.69
87079pz4,3958,5,1.0000,7.07
87079pz4,87079,5,1.0000,5.90
87079pz4,4477,5,1.0000,4.62
87079pz4,85984,4,0.8000,5.16
98138p0a,18674,8,0.8889,19.41
98138p0a,4865b,8,0.8889,12.63
98138p0a,99780,8,0.8889,10.16
98138p0a,15573,8,0.8889,7.52
98138p0a,48336,8,0.8889,6.47
98138p0a,87087,7,0.7778,6.58
98138p0a,6636,7,0.7778,4.23
98138p0a,15470,6,0.6667,69.67
98138p0a,64644,6,0.6667,14.56
98138p0a,61252,6,0.6667,11.61
98138p0a,99207,6,0.6667,10.60
98138p0a,15712,6,0.6667,9.56
98138pz0,22885,45,1.0000,13.30
98138pz0,11476,41,0.9111,11.80
98138pz0,87079,39,0.8667,5.11
98138pz0,92593,37,0.8222,9.04
98138pz0,3958,31,0.6889,4.87
98138pz0,85984,30,0.6667,4.30
98138pz0,11477,29,0.6444,5.33
98138pz0,15068,28,0.6222,6.03
98138pz0,25269,23,0.5111,8.13
98138pz0,99780,20,0.4444,5.08
98138pz0,99206,19,0.4222,5.23
98138pz0,6143,16,0.3556,4.69
10928,43093,56,0.9655,6.96
10928,59443,53,0.9138,7.35
10928,3713,53,0.9138,4.74
10928,2780,53,0.9138,4.03
10928,32523,50,0.8621,7.64
10928,4519,50,0.8621,4.89
10928,32062,50,0.8621,4.76
10928,62462,49,0.8448,7.54
10928,87083,48,0.8276,9.46
10928,6558,48,0.8276,5.94
10928,32054,47,0.8103,6.70
10928,3705,47,0.8103,4.34
11253,85861,13,0.9286,15.61
11253,11211,13,0.9286,10.70
11253,15573,13,0.9286,7.85
11253,11477,13,0.9286,7.68
11253,63864,12,0.8571,7.04
11253,85984,12,0.8571,5.52
11253,87079,12,0.8571,5.06
11253,6636,12,0.8571,4.66
11253,99781,11,0.7857,13.37
11253,99207,11,0.7857,12.49
11253,15068,11,0.7857,7.61
11253,2357,11,0.7857,4.85
15672,6636,33,0.8684,4.72
15672,15573,32,0.8421,7.12
15672,63864,32,0.8421,6.92
15672,85984,32,0.8421,5.43
15672,98138,31,0.8158,6.35
15672,87079,31,0.8158,4.81
15672,15712,29,0.7632,10.95
15672,11477,29,0.7632,6.31
15672,30374,28,0.7368,6.16
15672,85861,27,0.7105,11.95
15672,99780,27,0.7105,8.12
15672,15068,27,0.7105,6.88
17485,11477,17,0.8947,7.40
17485,98138,16,0.8421,6.55
17485,85984,16,0.8421,5.43
17485,99207,15,0.7895,12.55
17485,15068,14,0.7368,7.14
17485,59443,14,0.7368,5.92
17485,87079,14,0.7368,4.35
17485,15712,13,0.6842,9.81
17485,99780,13,0.6842,7.82
17485,15573,13,0.6842,5.79
17485,63864,13,0.6842,5.62
17485,43093,13,0.6842,4.93
18654,32062,84,0.9333,5.15
18654,43093,81,0.9000,6.49
18654,4274,80,0.8889,4.00
18654,4519,79,0.8778,4.98
18654,59443,75,0.8333,6.70
18654,32523,71,0.7889,6.99
18654,6558,71,0.7889,5.66
18654,3705,71,0.7889,4.23
18654,3713,71,0.7889,4.09
18654,11214,69,0.7667,11.11
18654,32316,69,0.7667,7.38
18654,32054,69,0.7667,6.34
22484,98138,10,1.0000,7.78
22484,32062,10,1.0000,5.52
22484,6636,10,1.0000,5.44
22484,18674,9,0.9000,19.65
22484,59443,9,0.9000,7.23
22484,43093,9,0.9000,6.49
22484,87079,9,0.9000,5.31
22484,99780,8,0.8000,9.14
22484,32123b,8,0.8000,9.00
22484,62462,8,0.8000,7.14
22484,15573,8,0.8000,6.77
22484,11477,8,0.8000,6.61
25214,32062,39,1.0000,5.52
25214,43093,32,0.8205,5.91
25214,4519,32,0.8205,4.65
25214,18654,31,0.7949,12.92
25214,59443,31,0.7949,6.39
25214,11214,30,0.7692,11.14
25214,32123b,30,0.7692,8.66
25214,32523,30,0.7692,6.82
25214,98138,30,0.7692,5.99
25214,87083,29,0.7436,8.50
25214,32184,29,0.7436,7.72
25214,32526,29,0.7436,7.61
30553,32062,46,0.7302,4.03
30553,30414,32,0.5079,4.08
30553,30374,31,0.4921,4.11
30553,32064a,27,0.4286,6.33
30553,30383,24,0.3810,8.99
30553,6134,24,0.3810,4.85
30553,6111,23,0.3651,5.29
30553,60479,21,0.3333,5.30
30553,99207,20,0.3175,5.05
30553,2429,20,0.3175,4.11
30553,2430,20,0.3175,4.11
30553,6179,19,0.3016,5.73
32013,32062,151,0.8830,4.88
32013,4519,150,0.8772,4.97
32013,3713,136,0.7953,4.13
32013,3705,134,0.7836,4.20
32013,32073,127,0.7427,6.32
32013,6558,126,0.7368,5.28
32013,6536,123,0.7193,6.26
32013,43093,122,0.7135,5.14
32013,32523,116,0.6784,6.01
32013,3706,116,0.6784,4.28
32013,32140,115,0.6725,6.60
32013,32316,114,0.6667,6.42
32803,15573,17,0.9444,7.99
32803,87079,16,0.8889,5.24
32803,18674,15,0.8333,18.20
32803,15068,15,0.8333,8.07
32803,24201,14,0.7778,25.29
32803,85861,14,0.7778,13.08
32803,25269,14,0.7778,12.37
32803,15712,14,0.7778,11.16
32803,99780,14,0.7778,8.89
32803,11477,14,0.7778,6.43
32803,44728,14,0.7778,5.20
32803,85984,14,0.7778,5.01
3749,3737,91,0.3500,4.06
3749,32525,81,0.3115,4.14
3749,32002,80,0.3077,4.06
3749,3894,79,0.3038,4.00
3749,3647,69,0.2654,4.73
3749,32056,67,0.2577,4.60
3749,2825,57,0.2192,5.01
3749,32348,57,0.2192,4.45
3749,92907,48,0.1846,4.43
3749,32271,48,0.1846,4.16
3749,2852,47,0.1808,4.64
3749,94925,47,0.1808,4.13
60483,32062,99,0.9802,5.41
60483,4519,97,0.9604,5.45
60483,3713,93,0.9208,4.78
60483,32073,91,0.9010,7.66
60483,4274,90,0.8911,4.01
60483,43093,88,0.8713,6.28
60483,32140,87,0.8614,8.46
60483,6536,86,0.8515,7.42
60483,59443,85,0.8416,6.77
60483,32316,84,0.8317,8.00
60483,32523,84,0.8317,7.37
60483,32526,83,0.8218,8.41
6587,32062,84,0.7368,4.07
6587,6558,77,0.6754,4.84
6587,43093,75,0.6579,4.74
6587,32054,73,0.6404,5.29
6587,32034,70,0.6140,6.42
6587,32523,69,0.6053,5.37
6587,32073,68,0.5965,5.07
6587,32013,66,0.5789,4.95
6587,32316,64,0.5614,5.40
6587,59443,63,0.5526,4.44
6587,32140,61,0.5351,5.25
6587,40490,60,0.5263,5.79
12885,4274,6,1.0000,4.50
12885,11211,5,0.8333,9.60
12885,62462,5,0.8333,7.43
12885,15573,5,0.8333,7.05
12885,63864,5,0.8333,6.85
12885,2357,5,0.8333,5.14
12885,60475b,4,0.6667,23.22
12885,18674,4,0.6667,14.56
12885,61252,4,0.6667,11.61
12885,85861,4,0.6667,11.21
12885,93273,4,0.6667,9.75
12885,15712,4,0.6667,9.56
15070,15573,16,0.8421,7.12
15070,85984,16,0.8421,5.43
15070,11477,14,0.7368,6.09
15070,99780,13,0.6842,7.82
15070,11211,12,0.6316,7.28
15070,87580,12,0.6316,7.00
15070,98138,12,0.6316,4.91
15070,18674,11,0.5789,12.64
15070,99781,11,0.5789,9.85
15070,85861,11,0.5789,9.74
15070,63868,11,0.5789,7.99
15070,60478,11,0.5789,5.92
39613,15573,6,1.0000,8.46
39613,25269,5,0.8333,13.25
39613,11211,5,0.8333,9.60
39613,15068,5,0.8333,8.07
39613,87079,5,0.8333,4.92
39613,24246,4,0.6667,27.09
39613,2654a,4,0.6667,19.12
39613,33909,4,0.6667,19.12
39613,15712,4,0.6667,9.56
39613,11477,4,0.6667,5.51
39613,98138,4,0.6667,5.19
39613,6091,4,0.6667,4.98
39739,25269,5,0.8333,13.25
39739,93273,5,0.8333,12.19
39739,15573,5,0.8333,7.05
39739,24866,4,0.6667,23.79
39739,20482,4,0.6667,19.90
39739,18674,4,0.6667,14.56
39739,15712,4,0.6667,9.56
39739,63868,4,0.6667,9.20
39739,11476,4,0.6667,8.63
39739,11211,4,0.6667,7.68
39739,87580,4,0.6667,7.39
39739,62462,4,0.6667,5.95
50304,50305,25,0.9259,54.19
50304,32062,23,0.8519,4.70
50304,6636,21,0.7778,4.23
50304,43093,20,0.7407,5.34
50304,85984,19,0.7037,4.54
50304,32000,17,0.6296,6.63
50304,6558,17,0.6296,4.52
50304,3176,15,0.5556,5.93
50304,6541,15,0.5556,5.28
50304,62462,15,0.5556,4.96
50304,32054,15,0.5556,4.59
50304,63864,15,0.5556,4.57
92409,32062,10,0.9091,5.02
92409,59443,7,0.6364,5.12
92409,43093,7,0.6364,4.59
92409,11214,6,0.5455,7.90
92409,60483,6,0.5455,7.90
92409,32270,6,0.5455,6.05
92409,30374,6,0.5455,4.56
92409,98138,6,0.5455,4.24
92409,42610,5,0.4545,9.50
92409,15100,5,0.4545,9.11
92409,18651,5,0.4545,7.56
92409,18654,5,0.4545,7.39
93594,98283,4,0.8000,30.01
93594,99781,4,0.8000,13.61
93594,4865b,4,0.8000,11.36
93594,11476,4,0.8000,10.36
93594,15573,4,0.8000,6.77
93594,2357,4,0.8000,4.94
93594,6636,4,0.8000,4.35
6254,18674,5,0.8333,18.20
6254,61252,5,0.8333,14.51
6254,15712,5,0.8333,11.95
6254,87580,5,0.8333,9.24
6254,15068,5,0.8333,8.07
6254,15573,5,0.8333,7.05
6254,26047,4,0.6667,26.36
6254,98283,4,0.6667,25.01
6254,4460b,4,0.6667,24.38
6254,60475b,4,0.6667,23.22
6254,35480,4,0.6667,19.90
6254,2343,4,0.6667,17.42
30031,2555,24,0.5455,4.07
30031,2569,12,0.2727,4.81
30031,30236,11,0.2500,7.17
30031,2335,10,0.2273,6.16
30031,30377,9,0.2045,7.30
30031,60596,9,0.2045,6.65
30031,6180,9,0.2045,5.54
30031,30162,9,0.2045,5.16
30031,3245a,8,0.1818,7.82
30031,30383,8,0.1818,4.29
30031,3747b,8,0.1818,4.29
30031,60470a,8,0.1818,4.22
4345b,4346,38,0.7755,24.14
4345b,4865b,14,0.2857,4.06
4345b,30136,11,0.2245,4.21
4345b,4735,11,0.2245,4.05
4345b,60596,10,0.2041,6.63
4345b,3836,10,0.2041,5.24
4345b,4599b,10,0.2041,4.74
4345b,60623,9,0.1837,10.75
4345b,3741ac01,9,0.1837,6.25
4345b,87552,9,0.1837,5.37
4345b,30134,8,0.1633,13.27
4345b,4216,8,0.1633,8.24
u9158,60478,4,1.0000,10.23
u9158,6091,4,1.0000,7.46
30044,2357,20,0.8000,4.94
30044,4740,18,0.7200,4.15
30044,59900,17,0.6800,7.06
30044,87079,17,0.6800,4.01
30044,3659,16,0.6400,11.28
30044,87087,16,0.6400,5.41
30044,30046,15,0.6000,48.77
30044,87580,15,0.6000,6.65
30044,48336,15,0.6000,4.37
30044,64644,14,0.5600,12.23
30044,30136,14,0.5600,10.50
30044,30374,14,0.5600,4.68
3069bpw2,60897,11,0.6875,9.77
3069bpw2,3626c,8,0.5000,17.42
3069bpw2,4282,8,0.5000,4.46
3069bpw2,63864,8,0.5000,4.11
3069bpw2,30414,8,0.5000,4.02
3069bpw2,60596,7,0.4375,14.22
3069bpw2,4345b,7,0.4375,13.06
3069bpw2,3679,7,0.4375,6.40
3069bpw2,87580,7,0.4375,4.85
3069bpw2,92593,7,0.4375,4.81
3069bpw2,2456,7,0.4375,4.74
3069bpw2,973,7,0.4375,4.18
4216,4079,17,0.5862,4.22
4216,4282,16,0.5517,4.92
4216,30414,16,0.5517,4.44
4216,3033,15,0.5172,5.44
4216,63864,15,0.5172,4.25
4216,3176,14,0.4828,5.16
4216,6111,13,0.4483,6.49
4216,87580,13,0.4483,4.97
4216,59900,12,0.4138,4.29
4216,4217,11,0.3793,34.68
4216,60479,11,0.3793,6.03
4216,11211,11,0.3793,4.37
42446,32028,20,0.7692,4.73
42446,6541,17,0.6538,6.21
42446,87087,15,0.5769,4.88
42446,63864,14,0.5385,4.43
42446,4865b,13,0.5000,7.10
42446,87580,13,0.5000,5.54
42446,4510,12,0.4615,10.55
42446,60897,12,0.4615,6.56
42446,60478,12,0.4615,4.72
42446,6231,12,0.4615,4.69
42446,60479,11,0.4231,6.73
42446,6134,11,0.4231,5.38
60581,87079,29,0.9062,5.35
60581,6636,27,0.8438,4.59
60581,44728,25,0.7812,5.22
60581,63864,24,0.7500,6.16
60581,48336,22,0.6875,5.00
60581,60479,21,0.6562,10.44
60581,85984,21,0.6562,4.23
60581,32028,21,0.6562,4.03
60581,63868,19,0.5938,8.19
60581,87580,19,0.5938,6.58
60581,92593,19,0.5938,6.53
60581,87087,19,0.5938,5.02
86210,60594,10,1.0000,39.54
86210,60596,10,1.0000,32.51
86210,48336,9,0.9000,6.55
86210,2357,9,0.9000,5.56
86210,4740,9,0.9000,5.18
86210,4477,9,0.9000,4.15
86210,60592,8,0.8000,31.63
86210,6636,8,0.8000,4.35
86210,3008,8,0.8000,4.15
86210,57895,7,0.7000,42.67
86210,60623,7,0.7000,40.96
86210,60601,7,0.7000,33.04
15279,11477,6,0.8571,7.08
15279,88072,5,0.7143,16.33
15279,30565,5,0.7143,15.83
15279,60897,5,0.7143,10.15
15279,15068,5,0.7143,6.92
15279,98138,5,0.7143,5.56
15279,85984,5,0.7143,4.60
15279,2357,5,0.7143,4.41
15279,87079,5,0.7143,4.21
15279,2423,4,0.5714,23.22
15279,92438,4,0.5714,22.00
15279,33291,4,0.5714,18.17
15332,63864,9,1.0000,8.22
15332,11211,8,0.8889,10.24
15332,15573,8,0.8889,7.52
15332,85984,8,0.8889,5.73
15332,4162,8,0.8889,4.00
15332,15712,7,0.7778,11.16
15332,60897,7,0.7778,11.05
15332,87580,7,0.7778,8.62
15332,59900,7,0.7778,8.07
15332,87087,7,0.7778,6.58
15332,2357,7,0.7778,4.80
15332,32028,7,0.7778,4.78
30350b,85984,11,1.0000,6.44
30350b,15068,9,0.8182,7.93
30350b,15573,9,0.8182,6.92
30350b,98138,9,0.8182,6.37
30350b,48336,9,0.8182,5.96
30350b,87079,9,0.8182,4.83
30350b,6636,9,0.8182,4.45
30350b,99206,8,0.7273,9.02
30350b,99780,8,0.7273,8.31
30350b,63864,8,0.7273,5.98
30350b,2357,8,0.7273,4.49
30350b,15535,7,0.6364,15.02
32529,6636,11,0.8462,4.60
32529,6541,9,0.6923,6.58
32529,32523,9,0.6923,6.14
32529,6558,9,0.6923,4.96
32529,85984,9,0.6923,4.46
32529,3737,8,0.6154,7.15
32529,87083,8,0.6154,7.03
32529,40490,8,0.6154,6.77
32529,32524,8,0.6154,6.34
32529,3707,8,0.6154,5.73
32529,62462,8,0.6154,5.49
32529,32054,8,0.6154,5.09
60614,32028,7,1.0000,6.15
60614,60594,6,0.8571,33.89
60614,87580,6,0.8571,9.50
60614,63864,6,0.8571,7.04
60614,30414,6,0.8571,6.89
60614,44728,6,0.8571,5.73
60614,87079,6,0.8571,5.06
60614,6636,6,0.8571,4.66
60614,4216,5,0.7143,36.03
60614,60475b,5,0.7143,24.88
60614,60596,5,0.7143,23.22
60614,88072,5,0.7143,16.33
92107,6636,10,1.0000,5.44
92107,4162,10,1.0000,4.50
92107,63864,9,0.9000,7.40
92107,85984,9,0.9000,5.80
92107,4477,9,0.9000,4.15
92107,4274,9,0.9000,4.05
92107,87580,8,0.8000,8.87
92107,6541,8,0.8000,7.60
92107,32028,8,0.8000,4.92
92107,87079,8,0.8000,4.72
92107,3035,8,0.8000,4.40
92107,60479,7,0.7000,11.13
11303,98138,7,0.8750,6.81
11303,3626c,6,0.7500,26.12
11303,59900,6,0.7500,7.78
11303,48336,6,0.7500,5.46
11303,3836,5,0.6250,16.04
11303,15712,5,0.6250,8.96
11303,60897,5,0.6250,8.88
11303,973,5,0.6250,5.98
11303,15573,5,0.6250,5.29
11303,30374,5,0.6250,5.22
11303,11477,5,0.6250,5.17
11303,2432,5,0.6250,4.53
15429,99780,4,1.0000,11.43
15429,11477,4,1.0000,8.27
15429,85984,4,1.0000,6.44
15429,87079,4,1.0000,5.90
60592c01,30374,7,1.0000,8.36
60592c01,48336,7,1.0000,7.28
60592c01,60596,6,0.8571,27.87
60592c01,61252,6,0.8571,14.93
60592c01,4865b,6,0.8571,12.17
60592c01,2357,6,0.8571,5.29
60592c01,4740,6,0.8571,4.94
60592c01,3008,6,0.8571,4.45
60592c01,60623,5,0.7143,41.80
60592c01,3899,5,0.7143,11.74
60592c01,60479,5,0.7143,11.36
60592c01,59900,5,0.7143,7.41
60593c01,60623,5,1.0000,58.52
60593c01,60596,5,1.0000,32.51
60593c01,59900,5,1.0000,10.38
60593c01,60478,5,1.0000,10.23
60593c01,4286,5,1.0000,5.97
60593c01,87079,5,1.0000,5.90
60593c01,4081b,5,1.0000,5.85
60593c01,4740,5,1.0000,5.76
60593c01,3035,5,1.0000,5.50
60593c01,3008,5,1.0000,5.19
60593c01,2540,5,1.0000,5.10
60593c01,30134,4,0.8000,65.02
62361,6636,18,0.7826,4.26
62361,44728,16,0.6957,4.65
62361,48336,14,0.6087,4.43
62361,4079,14,0.6087,4.39
62361,60478,13,0.5652,5.78
62361,30374,13,0.5652,4.73
62361,30414,13,0.5652,4.54
62361,99781,10,0.4348,7.40
62361,60479,10,0.4348,6.91
62361,61678,10,0.4348,6.49
62361,15712,9,0.3913,5.61
62361,52031,8,0.3478,13.39
33291,59900,28,0.6087,6.32
33291,4865b,23,0.5000,7.10
33291,92245,21,0.4565,20.87
33291,87580,21,0.4565,5.06
33291,6231,20,0.4348,4.42
33291,92244,19,0.4130,20.14
33291,92248,19,0.4130,20.14
33291,4599b,17,0.3696,8.58
33291,64644,17,0.3696,8.07
33291,88072,15,0.3261,7.45
33291,30357,14,0.3043,6.27
33291,60897,14,0.3043,4.32
4536,92410,14,0.7368,51.33
4536,48336,14,0.7368,5.36
4536,4865b,13,0.6842,9.72
4536,30414,13,0.6842,5.50
4536,6091,11,0.5789,4.32
4536,60596,10,0.5263,17.11
4536,87552,10,0.5263,15.40
4536,87580,10,0.5263,5.83
4536,59900,10,0.5263,5.46
4536,2921,9,0.4737,9.36
4536,3899,9,0.4737,7.79
4536,60897,9,0.4737,6.73
62810,44728,15,0.6818,4.55
62810,30414,14,0.6364,5.12
62810,6091,14,0.6364,4.75
62810,48336,14,0.6364,4.63
62810,973,12,0.5455,5.22
62810,2445,12,0.5455,4.05
62810,87580,11,0.5000,5.54
62810,87087,11,0.5000,4.23
62810,2921,10,0.4545,8.99
62810,60897,10,0.4545,6.46
62810,4282,10,0.4545,4.05
62810,60479,9,0.4091,6.51
92410,48336,16,0.7619,5.55
92410,4865b,15,0.7143,10.15
92410,4536,14,0.6667,51.33
92410,87580,14,0.6667,7.39
92410,87552,13,0.6190,18.11
92410,30414,13,0.6190,4.98
92410,44728,13,0.6190,4.14
92410,60897,12,0.5714,8.12
92410,59900,12,0.5714,5.93
92410,6091,12,0.5714,4.27
92410,33291,11,0.5238,16.66
92410,92593,11,0.5238,5.76
3648b,3705,57,0.9344,5.01
3648b,3713,57,0.9344,4.85
3648b,4519,55,0.9016,5.11
3648b,32062,55,0.9016,4.98
3648b,32054,52,0.8525,7.05
3648b,32184,51,0.8361,8.67
3648b,6558,51,0.8361,6.00
3648b,6536,50,0.8197,7.14
3648b,32073,50,0.8197,6.97
3648b,40490,49,0.8033,8.84
3648b,43093,49,0.8033,5.79
3648b,32270,48,0.7869,8.72
4150p03,4282,12,0.6316,5.63
4150p03,4079,12,0.6316,4.55
4150p03,3033,11,0.5789,6.09
4150p03,3899,10,0.5263,8.65
4150p03,3028,10,0.5263,7.70
4150p03,2456,10,0.5263,5.70
4150p03,30414,10,0.5263,4.23
4150p03,2039,9,0.4737,46.20
4150p03,47905,9,0.4737,11.18
4150p03,59900,9,0.4737,4.91
4150p03,6231,9,0.4737,4.81
4150p03,973,9,0.4737,4.53
4161,3298,19,0.7037,5.23
4161,2357,18,0.6667,4.12
4161,4282,15,0.5556,4.96
4161,3036,14,0.5185,4.36
4161,30374,13,0.4815,4.03
4161,3297,12,0.4444,6.50
4161,3033,12,0.4444,4.68
4161,2456,11,0.4074,4.42
4161,3029,11,0.4074,4.20
4161,3675,10,0.3704,17.48
4161,3659,10,0.3704,6.53
4161,3007,10,0.3704,5.95
4510,32028,42,0.6562,4.03
4510,2445,35,0.5469,4.06
4510,30414,34,0.5312,4.27
4510,4282,30,0.4688,4.18
4510,6541,29,0.4531,4.30
4510,2877,29,0.4531,4.09
4510,2456,28,0.4375,4.74
4510,60478,28,0.4375,4.48
4510,60479,26,0.4062,6.46
4510,32064a,24,0.3750,5.54
4510,6111,24,0.3750,5.43
4510,3894,23,0.3594,4.74
62113,44728,8,0.8000,5.34
62113,32028,8,0.8000,4.92
62113,30374,7,0.7000,5.85
62113,30414,7,0.7000,5.63
62113,48336,7,0.7000,5.10
62113,4079,7,0.7000,5.04
62113,60594,6,0.6000,23.72
62113,3815b,6,0.6000,10.97
62113,6231,6,0.6000,6.10
62113,3899,5,0.5000,8.22
62113,60479,5,0.5000,7.95
62113,6541,5,0.5000,4.75
6628,32062,90,0.8824,4.87
6628,4519,87,0.8529,4.84
6628,3713,83,0.8137,4.22
6628,32054,75,0.7353,6.08
6628,43093,73,0.7157,5.16
6628,32523,72,0.7059,6.26
6628,6536,72,0.7059,6.15
6628,6558,71,0.6961,4.99
6628,59443,70,0.6863,5.52
6628,32013,69,0.6765,5.79
6628,32316,68,0.6667,6.42
6628,32073,68,0.6667,5.67
3068bpt3,4162,6,1.0000,4.50
3068bpt3,87552,5,0.8333,24.38
3068bpt3,48336,5,0.8333,6.07
3068bpt3,2357,5,0.8333,5.14
3068bpt3,32028,5,0.8333,5.12
3068bpt3,87079,5,0.8333,4.92
3068bpt3,6636,5,0.8333,4.53
3068bpt3,3008,5,0.8333,4.32
3068bpt3,87994,4,0.6667,12.83
3068bpt3,99781,4,0.6667,11.34
3068bpt3,60479,4,0.6667,10.60
3068bpt3,3901,4,0.6667,10.05
61780,6636,11,0.8462,4.60
61780,30414,10,0.7692,6.18
61780,48336,10,0.7692,5.60
61780,60479,9,0.6923,11.01
61780,6091,9,0.6923,5.17
61780,44728,9,0.6923,4.62
61780,32028,9,0.6923,4.26
61780,59900,8,0.6154,6.39
61780,30374,8,0.6154,5.14
61780,4592,8,0.6154,4.55
61780,4593,8,0.6154,4.55
61780,2432,8,0.6154,4.46
30126,60623,5,1.0000,58.52
30126,60596,5,1.0000,32.51
30126,30374,5,1.0000,8.36
30126,4740,5,1.0000,5.76
30126,3035,5,1.0000,5.50
30126,3008,5,1.0000,5.19
30126,60594,4,0.8000,31.63
30126,92280,4,0.8000,15.20
30126,3899,4,0.8000,13.15
30126,60479,4,0.8000,12.72
30126,59900,4,0.8000,8.30
30126,60478,4,0.8000,8.18
3741a,3742,12,0.7059,51.64
3741a,87087,10,0.5882,4.97
3741a,48336,10,0.5882,4.28
3741a,33291,9,0.5294,16.84
3741a,87580,9,0.5294,5.87
3741a,92244,8,0.4706,22.95
3741a,92248,8,0.4706,22.95
3741a,92245,8,0.4706,21.51
3741a,4865b,8,0.4706,6.68
3741a,6231,8,0.4706,4.78
3741a,2877,8,0.4706,4.25
3741a,2423,7,0.4118,16.73
41334,85984,7,0.7778,5.01
41334,3815b,6,0.6667,12.19
41334,3036,6,0.6667,5.61
41334,48336,6,0.6667,4.85
41334,4079,6,0.6667,4.80
41334,61482,5,0.5556,62.52
41334,60596,4,0.4444,14.45
41334,30413,4,0.4444,10.66
41334,3899,4,0.4444,7.31
41334,60897,4,0.4444,6.31
41334,2456,4,0.4444,4.82
92926,4282,6,0.8571,7.65
92926,30414,6,0.8571,6.89
92926,87079,6,0.8571,5.06
92926,6636,6,0.8571,4.66
92926,60596,5,0.7143,23.22
92926,3836,5,0.7143,18.33
92926,92280,5,0.7143,13.57
92926,60479,5,0.7143,11.36
92926,59900,5,0.7143,7.41
92926,6231,5,0.7143,7.26
92926,48336,5,0.7143,5.20
92926,4079,5,0.7143,5.15
6041,6541,7,0.4375,4.16
6041,6019,7,0.4375,4.08
6041,6140,6,0.3750,18.92
6041,60479,6,0.3750,5.96
6041,32064a,6,0.3750,5.54
6041,30553,5,0.3125,7.26
6041,2819,5,0.3125,6.72
6041,50951,5,0.3125,6.35
6041,2444,5,0.3125,4.67
6041,6070,4,0.2500,19.25
6041,41764,4,0.2500,17.42
6041,41765,4,0.2500,17.42
86500,62462,5,1.0000,8.92
86500,4274,5,1.0000,4.50
86500,2780,5,1.0000,4.41
86500,87580,4,0.8000,8.87
86500,44294,4,0.8000,8.24
86500,63864,4,0.8000,6.58
86500,59443,4,0.8000,6.43
86500,98138,4,0.8000,6.23
86500,44728,4,0.8000,5.34
86500,85984,4,0.8000,5.16
86500,32062,4,0.8000,4.42
58380,30414,5,1.0000,8.04
58380,48336,5,1.0000,7.28
58380,4079,5,1.0000,7.21
58380,32028,5,1.0000,6.15
58380,3626bp01,5,1.0000,4.64
58380,4162,5,1.0000,4.50
58380,30134,4,0.8000,65.02
58380,62810,4,0.8000,53.20
58380,60596,4,0.8000,26.01
58380,30413,4,0.8000,19.19
58380,47905,4,0.8000,18.88
58380,3899,4,0.8000,13.15
3069bp01,4079,13,0.5652,4.07
3069bp01,3899,10,0.4348,7.15
3069bp01,60596,8,0.3478,11.31
3069bp01,4865b,8,0.3478,4.94
3069bp01,60623,7,0.3043,17.81
3069bp01,33291,7,0.3043,9.68
3069bp01,4346,7,0.3043,9.47
3069bp01,4345b,7,0.3043,9.09
3069bp01,4346p03,6,0.2609,31.80
3069bp01,30340,6,0.2609,25.44
3069bp01,60594,6,0.2609,10.31
3069bp01,60592,6,0.2609,10.31
58181,30414,9,0.8182,6.58
58181,4286,9,0.8182,4.89
58181,3036,8,0.7273,6.11
58181,48336,8,0.7273,5.29
58181,6019,7,0.6364,5.93
58181,50950,7,0.6364,5.20
58181,2445,7,0.6364,4.73
58181,44728,7,0.6364,4.25
58181,60581,6,0.5455,24.94
58181,60479,6,0.5455,8.67
58181,4282,6,0.5455,4.87
58181,87552,5,0.4545,13.30
973pdd,3815b,10,0.9091,16.62
973pdd,48336,8,0.7273,5.29
973pdd,3035,8,0.7273,4.00
973pdd,60594,7,0.6364,25.16
973pdd,30414,7,0.6364,5.12
973pdd,4079,7,0.6364,4.59
973pdd,44728,7,0.6364,4.25
973pdd,50745,6,0.5455,18.56
973pdd,3899,6,0.5455,8.97
973pdd,4032b,5,0.4545,14.15
973pdd,4488,5,0.4545,7.92
973pdd,4733,5,0.4545,7.00
30413,30414,33,0.5410,4.35
30413,6231,29,0.4754,4.83
30413,3815b,20,0.3279,6.00
30413,6111,18,0.2951,4.27
30413,50745,16,0.2623,8.92
30413,60479,16,0.2623,4.17
30413,52501,14,0.2295,9.88
30413,32018,14,0.2295,5.79
30413,6179,14,0.2295,4.36
30413,45677,13,0.2131,5.67
30413,47457,13,0.2131,5.47
30413,3245a,12,0.1967,8.46
3815b,4488,25,0.3125,5.44
3815b,50745,22,0.2750,9.36
3815b,30413,20,0.2500,6.00
3815b,52031,19,0.2375,9.14
3815b,3833,19,0.2375,4.76
3815b,60594,15,0.1875,7.41
3815b,52501,14,0.1750,7.53
3815b,4176,14,0.1750,6.10
3815b,973p8g,12,0.1500,15.68
3815b,87552,12,0.1500,4.39
4449-f1,4079,18,0.6667,4.80
4449-f1,3901,15,0.5556,8.38
4449-f1,973,14,0.5185,4.96
4449-f1,3624,11,0.4074,5.73
4449-f1,3815b,10,0.3704,6.77
4449-f1,3899,10,0.3704,6.09
4449-f1,3680,8,0.2963,4.42
4449-f1,4862,7,0.2593,10.25
4449-f1,4530,7,0.2593,8.82
4449-f1,87552,7,0.2593,7.59
4449-f1,30413,7,0.2593,6.22
4449-f1,3659,7,0.2593,4.57
4533,4532,29,0.7632,34.89
4533,4079,25,0.6579,4.74
4533,4599a,15,0.3947,5.02
4533,3822,15,0.3947,4.04
4533,3899,14,0.3684,6.06
4533,3901,14,0.3684,5.56
4533,3028,13,0.3421,5.00
4533,6111,13,0.3421,4.96
4533,4528,12,0.3158,14.90
4533,4488,12,0.3158,5.50
4533,6015,11,0.2895,4.32
4533,4530,10,0.2632,8.95
48729a,6231,11,0.5238,5.32
48729a,973,10,0.4762,4.55
48729a,3815b,9,0.4286,7.84
48729a,60478,9,0.4286,4.38
48729a,30413,8,0.3810,9.14
48729a,99781,7,0.3333,5.67
48729a,99207,7,0.3333,5.30
48729a,60596,6,0.2857,9.29
48729a,4346,6,0.2857,8.89
48729a,4345b,6,0.2857,8.53
48729a,43898,6,0.2857,7.33
48729a,60470a,6,0.2857,6.63
85974,64648,4,0.6667,75.03
85974,60594,4,0.6667,26.36
85974,3830,4,0.6667,14.56
85974,3831,4,0.6667,14.56
85974,3899,4,0.6667,10.96
85974,98138,4,0.6667,5.19
85974,32028,4,0.6667,4.10
3873,62462,9,0.8182,7.30
3873,59443,9,0.8182,6.58
3873,3713,9,0.8182,4.24
3873,3673,8,0.7273,4.33
3873,32002,6,0.5455,7.19
3873,32526,6,0.5455,5.58
3873,32523,6,0.5455,4.84
3873,32073,6,0.5455,4.64
3873,60485,5,0.4545,8.42
3873,87082,5,0.4545,8.11
3873,87083,5,0.4545,5.20
3873,32123b,5,0.4545,5.12
15571,87079,15,0.7895,4.66
15571,15068,13,0.6842,6.63
15571,15573,12,0.6316,5.34
15571,11477,12,0.6316,5.22
15571,85984,12,0.6316,4.07
15571,25269,11,0.5789,9.21
15571,15712,10,0.5263,7.55
15571,87580,10,0.5263,5.83
15571,22885,9,0.4737,6.30
15571,11211,9,0.4737,5.46
15571,92593,9,0.4737,5.21
15571,60478,9,0.4737,4.85
18759,87580,6,1.0000,11.08
18759,59900,6,1.0000,10.38
18759,87079,6,1.0000,5.90
18759,4274,6,1.0000,4.50
18759,2780,6,1.0000,4.41
18759,60478,5,0.8333,8.53
18759,4282,5,0.8333,7.43
18759,87087,5,0.8333,7.05
18759,2445,5,0.8333,6.19
18759,3665a,5,0.8333,5.44
18759,2357,5,0.8333,5.14
18759,32028,5,0.8333,5.12
30046,30044,15,0.8333,48.77
30046,2357,15,0.8333,5.14
30046,6636,14,0.7778,4.23
30046,3659,12,0.6667,11.75
30046,30374,12,0.6667,5.57
30046,87580,11,0.6111,6.77
30046,59900,11,0.6111,6.34
30046,6541,11,0.6111,5.81
30046,48336,11,0.6111,4.45
30046,30136,10,0.5556,10.42
30046,11477,10,0.5556,4.59
30046,2343,9,0.5000,13.06
30292a,60478,4,0.8000,8.18
30292a,11477,4,0.8000,6.61
30292a,48336,4,0.8000,5.82
30292a,44728,4,0.8000,5.34
30292a,85984,4,0.8000,5.16
30292a,2357,4,0.8000,4.94
30292a,87079,4,0.8000,4.72
30385,3659,5,0.6250,11.02
30385,87580,5,0.6250,6.93
30385,59900,5,0.6250,6.48
30385,6541,5,0.6250,5.94
30385,15573,5,0.6250,5.29
30385,11477,5,0.6250,5.17
30385,3665a,5,0.6250,4.08
30385,14704,4,0.5000,26.12
30385,92438,4,0.5000,19.25
30385,98283,4,0.5000,18.76
30385,87994,4,0.5000,9.62
30385,30136,4,0.5000,9.38
48310,30136,6,1.0000,18.76
48310,85861,6,1.0000,16.82
48310,59900,6,1.0000,10.38
48310,15573,6,1.0000,8.46
48310,85984,6,1.0000,6.44
48310,87079,6,1.0000,5.90
48310,2780,6,1.0000,4.41
48310,30562,5,0.8333,101.60
48310,22888,5,0.8333,101.60
48310,98283,5,0.8333,31.26
48310,20482,5,0.8333,24.88
48310,18674,5,0.8333,18.20
89522,87079,6,1.0000,5.90
89522,87580,5,0.8333,9.24
89522,15573,5,0.8333,7.05
89522,11477,5,0.8333,6.89
89522,63864,5,0.8333,6.85
89522,85984,5,0.8333,5.37
89522,98283,4,0.6667,25.01
89522,29120,4,0.6667,21.20
89522,29119,4,0.6667,19.90
89522,64644,4,0.6667,14.56
89522,87994,4,0.6667,12.83
89522,92280,4,0.6667,12.67
90540,18674,8,0.8889,19.41
90540,59900,8,0.8889,9.22
90540,15573,8,0.8889,7.52
90540,85984,8,0.8889,5.73
90540,20482,7,0.7778,23.22
90540,87994,7,0.7778,14.97
90540,85861,7,0.7778,13.08
90540,15712,7,0.7778,11.16
90540,30374,7,0.7778,6.50
90540,2357,7,0.7778,4.80
90540,87079,7,0.7778,4.59
90540,85975,6,0.6667,57.37
98313,27263,5,0.8333,46.89
98313,26047,5,0.8333,32.95
98313,60478,5,0.8333,8.53
98313,15068,5,0.8333,8.07
98313,15573,5,0.8333,7.05
98313,11477,5,0.8333,6.89
98313,87079,5,0.8333,4.92
98313,3008,5,0.8333,4.32
98313,37762,4,0.6667,51.33
98313,35787,4,0.6667,44.33
98313,41682,4,0.6667,42.41
98313,32828,4,0.6667,24.38
2476a,3007,11,0.4231,6.80
2476a,6541,11,0.4231,4.02
2476a,4733,10,0.3846,5.92
2476a,3703,9,0.3462,5.82
2476a,2460,9,0.3462,5.69
2476a,6143,9,0.3462,4.56
2476a,32018,8,0.3077,7.76
2476a,48729b,8,0.3077,7.50
2476a,85861,8,0.3077,5.17
2476a,32064a,8,0.3077,4.55
2476a,63868,8,0.3077,4.25
2476a,30136,7,0.2692,5.05
47397,47398,28,0.9655,50.45
47397,6636,22,0.7586,4.13
47397,3701,20,0.6897,5.67
47397,2445,19,0.6552,4.87
47397,32028,19,0.6552,4.03
47397,43093,18,0.6207,4.47
47397,44728,18,0.6207,4.15
47397,85984,18,0.6207,4.00
47397,48336,17,0.5862,4.27
47397,54384,16,0.5517,15.83
47397,54383,16,0.5517,15.52
47397,6134,16,0.5517,7.02
47398,47397,28,1.0000,50.45
47398,6636,21,0.7500,4.08
47398,3701,19,0.6786,5.58
47398,2445,18,0.6429,4.77
47398,44728,18,0.6429,4.29
47398,85984,18,0.6429,4.14
47398,43093,17,0.6071,4.38
47398,54384,16,0.5714,16.39
47398,54383,16,0.5714,16.08
47398,48336,16,0.5714,4.16
47398,6558,16,0.5714,4.10
47398,30503,15,0.5357,20.10
18838,3659,4,1.0000,17.63
18838,15712,4,1.0000,14.34
18838,15068,4,1.0000,9.69
18838,3665a,4,1.0000,6.53
18838,85984,4,1.0000,6.44
18838,2357,4,1.0000,6.17
18838,3700,4,1.0000,4.41
24482,48310,4,1.0000,243.83
24482,90540,4,1.0000,162.56
24482,30046,4,1.0000,81.28
24482,30153,4,1.0000,63.61
24482,30044,4,1.0000,58.52
24482,32607,4,1.0000,56.27
24482,98283,4,1.0000,37.51
24482,4460b,4,1.0000,36.58
24482,3942c,4,1.0000,34.83
24482,2343,4,1.0000,26.12
24482,18674,4,1.0000,21.84
24482,64644,4,1.0000,21.84
90398,4162,13,0.9286,4.18
90398,15573,12,0.8571,7.25
90398,87580,11,0.7857,8.71
90398,87087,11,0.7857,6.64
90398,87079,11,0.7857,4.64
90398,85861,10,0.7143,12.01
90398,15712,9,0.6429,9.22
90398,11211,9,0.6429,7.41
90398,6541,9,0.6429,6.11
90398,63864,9,0.6429,5.28
90398,18674,8,0.5714,12.48
90398,11212,8,0.5714,11.15
30562,6541,7,0.5833,5.54
30562,2445,7,0.5833,4.33
30562,30565,6,0.5000,11.08
30562,60478,6,0.5000,5.12
30562,4282,6,0.5000,4.46
30562,48310,5,0.4167,101.60
30562,3961,5,0.4167,29.03
30562,48092,5,0.4167,25.40
30562,3943b,5,0.4167,18.47
30562,2654a,5,0.4167,11.95
30562,4599b,5,0.4167,9.68
30562,60474,5,0.4167,9.10
3942c,4865b,12,0.2857,4.06
3942c,6233,11,0.2619,15.33
3942c,18674,11,0.2619,5.72
3942c,30136,11,0.2619,4.91
3942c,3659,11,0.2619,4.62
3942c,60479,11,0.2619,4.16
3942c,54384,10,0.2381,6.83
3942c,43898,10,0.2381,6.11
3942c,64644,10,0.2381,5.20
3942c,60474,10,0.2381,5.20
3942c,60592,9,0.2143,8.47
3942c,54383,9,0.2143,6.03
40244,41747,5,0.7143,29.03
40244,41748,5,0.7143,28.24
40244,32000,5,0.7143,7.52
40244,6541,5,0.7143,6.79
40244,44728,5,0.7143,4.77
40244,4589,5,0.7143,4.47
40244,2357,5,0.7143,4.41
40244,6005,4,0.5714,18.58
40244,3038,4,0.5714,10.32
40244,61678,4,0.5714,8.53
40244,3028,4,0.5714,8.36
40244,3894,4,0.5714,7.53
32474,87087,12,0.5217,4.41
32474,87580,10,0.4348,4.82
32474,30565,9,0.3913,8.67
32474,22885,7,0.3043,4.05
32474,60474,6,0.2609,5.70
32474,55013,6,0.2609,4.49
32474,3626b,5,0.2174,9.09
32474,6191,5,0.2174,8.60
32474,92438,5,0.2174,8.37
32474,24866,5,0.2174,7.76
32474,87552,5,0.2174,6.36
32474,10928,5,0.2174,5.48
3626b,973,15,0.4286,4.10
3626b,60479,10,0.2857,4.54
3626b,4150,10,0.2857,4.45
3626b,3901,10,0.2857,4.31
3626b,3659,9,0.2571,4.53
3626b,3045,8,0.2286,5.48
3626b,30383,8,0.2286,5.39
3626b,4510,8,0.2286,5.22
3626b,2039,7,0.2000,19.51
3626b,3455,7,0.2000,7.70
3626b,4490,7,0.2000,7.14
3626b,30236,7,0.2000,5.74
10187,93273,5,1.0000,14.63
10187,22885,5,1.0000,13.30
10187,87580,5,1.0000,11.08
10187,30565,4,0.8000,17.73
10187,85861,4,0.8000,13.45
10187,25269,4,0.8000,12.72
10187,15712,4,0.8000,11.47
10187,87087,4,0.8000,6.77
10187,11477,4,0.8000,6.61
10187,3958,4,0.8000,5.65
10187,87079,4,0.8000,4.72
6179,30414,45,0.5844,4.70
6179,2445,44,0.5714,4.24
6179,3701,38,0.4935,4.06
6179,6541,33,0.4286,4.07
6179,32000,32,0.4156,4.37
6179,2456,30,0.3896,4.22
6179,60479,26,0.3377,5.37
6179,6111,25,0.3247,4.70
6179,32018,24,0.3117,7.86
6179,3007,24,0.3117,5.01
6179,2465,24,0.3117,4.61
6179,6180,23,0.2987,8.09
65578,24866,5,1.0000,35.68
65578,20482,5,1.0000,29.86
65578,87994,5,1.0000,19.25
65578,85861,5,1.0000,16.82
65578,30374,5,1.0000,8.36
65578,3958,5,1.0000,7.07
65578,2357,5,1.0000,6.17
65578,63965a,4,0.8000,73.15
65578,49307,4,0.8000,58.52
65578,35787,4,0.8000,53.20
65578,27263,4,0.8000,45.02
65578,32607,4,0.8000,45.02
78258,85861,6,1.0000,16.82
78258,59900,6,1.0000,10.38
78258,2357,6,1.0000,6.17
78258,32606,5,0.8333,93.78
78258,63965a,5,0.8333,76.20
78258,64799,5,0.8333,35.86
78258,32828,5,0.8333,30.48
78258,24866,5,0.8333,29.74
78258,20482,5,0.8333,24.88
78258,33909,5,0.8333,23.91
78258,18674,5,0.8333,18.20
78258,87994,5,0.8333,16.04
38585,20482,4,1.0000,29.86
38585,33909,4,1.0000,28.69
38585,32952,4,1.0000,26.60
38585,14719,4,1.0000,19.77
38585,11212,4,1.0000,19.51
38585,85861,4,1.0000,16.82
38585,87580,4,1.0000,11.08
38585,59900,4,1.0000,10.38
38585,30374,4,1.0000,8.36
38585,63864,4,1.0000,8.22
38585,2357,4,1.0000,6.17
38585,87079,4,1.0000,5.90
3023b,59900,5,0.5556,5.76
3023b,32606,4,0.4444,50.02
3023b,24866,4,0.4444,15.86
3023b,20482,4,0.4444,13.27
3023b,26601,4,0.4444,13.27
3023b,4275b,4,0.4444,7.93
3023b,85861,4,0.4444,7.47
2739a,4519,35,0.9459,5.36
2739a,6628,33,0.8919,12.79
2739a,3705,33,0.8919,4.78
2739a,3713,33,0.8919,4.63
2739a,32062,32,0.8649,4.77
2739a,6536,31,0.8378,7.30
2739a,59443,30,0.8108,6.52
2739a,3706,30,0.8108,5.11
2739a,40490,29,0.7838,8.62
2739a,32523,29,0.7838,6.95
2739a,43093,29,0.7838,5.65
2739a,32034,28,0.7568,7.91
27940,43093,41,1.0000,7.21
27940,4519,40,0.9756,5.53
27940,32062,40,0.9756,5.39
27940,32523,39,0.9512,8.43
27940,3713,39,0.9512,4.93
27940,4274,39,0.9512,4.28
27940,11214,38,0.9268,13.43
27940,59443,38,0.9268,7.45
27940,18651,37,0.9024,15.00
27940,32034,37,0.9024,9.43
27940,6536,37,0.9024,7.86
27940,3705,37,0.9024,4.84
32039,32062,125,0.9542,5.27
32039,4519,118,0.9008,5.11
32039,3713,111,0.8473,4.40
32039,3705,110,0.8397,4.50
32039,6536,103,0.7863,6.85
32039,32073,102,0.7786,6.62
32039,6558,101,0.7710,5.53
32039,32054,100,0.7634,6.31
32039,32013,95,0.7252,6.20
32039,43093,93,0.7099,5.12
32039,32140,90,0.6870,6.75
32039,6632,90,0.6870,6.75
32184,32062,132,0.9362,5.17
32184,2780,128,0.9078,4.00
32184,4519,127,0.9007,5.11
32184,3713,126,0.8936,4.64
32184,32523,120,0.8511,7.55
32184,3705,120,0.8511,4.56
32184,6558,119,0.8440,6.05
32184,32140,118,0.8369,8.22
32184,32054,118,0.8369,6.92
32184,32073,117,0.8298,7.06
32184,43093,116,0.8227,5.93
32184,32316,113,0.8014,7.71
32316,32062,141,0.9276,5.12
32316,4519,139,0.9145,5.19
32316,3713,135,0.8882,4.61
32316,32073,127,0.8355,7.11
32316,6558,125,0.8224,5.90
32316,32054,124,0.8158,6.74
32316,32140,123,0.8092,7.95
32316,32523,123,0.8092,7.18
32316,43093,123,0.8092,5.83
32316,32526,122,0.8026,8.21
32316,3705,119,0.7829,4.20
32316,6536,118,0.7763,6.76
32348,32062,70,0.9722,5.37
32348,4274,67,0.9306,4.19
32348,32316,66,0.9167,8.82
32348,3713,66,0.9167,4.76
32348,32523,65,0.9028,8.00
32348,4519,65,0.9028,5.12
32348,3705,65,0.9028,4.84
32348,32184,63,0.8750,9.08
32348,6536,63,0.8750,7.62
32348,32073,63,0.8750,7.44
32348,32140,62,0.8611,8.46
32348,32054,61,0.8472,7.00
32498,43093,14,1.0000,7.21
32498,3713,14,1.0000,5.19
32498,2780,13,0.9286,4.09
32498,32123b,12,0.8571,9.65
32498,32270,12,0.8571,9.50
32498,44294,12,0.8571,8.83
32498,32523,12,0.8571,7.60
32498,4519,12,0.8571,4.86
32498,32062,12,0.8571,4.73
32498,87083,11,0.7857,8.98
32498,32184,11,0.7857,8.15
32498,32013,11,0.7857,6.72
32524,4519,129,0.9085,5.15
32524,3713,127,0.8944,4.64
32524,32062,124,0.8732,4.82
32524,32523,120,0.8451,7.49
32524,32054,119,0.8380,6.93
32524,32526,118,0.8310,8.50
32524,43093,118,0.8310,5.99
32524,32073,117,0.8239,7.01
32524,6558,117,0.8239,5.91
32524,3705,115,0.8099,4.34
32524,32316,114,0.8028,7.73
32524,32140,113,0.7958,7.81
32526,32062,133,0.9301,5.13
32526,4519,131,0.9161,5.19
32526,3713,131,0.9161,4.75
32526,32523,123,0.8601,7.63
32526,32054,123,0.8601,7.11
32526,32316,122,0.8531,8.21
32526,3705,120,0.8392,4.50
32526,6558,119,0.8322,5.97
32526,32524,118,0.8252,8.50
32526,32073,118,0.8252,7.02
32526,43093,118,0.8252,5.95
32526,32140,117,0.8182,8.03
32557,32062,38,0.9268,5.12
32557,4274,38,0.9268,4.17
32557,32523,37,0.9024,8.00
32557,4519,37,0.9024,5.12
32557,3713,37,0.9024,4.68
32557,32526,35,0.8537,8.73
32557,32140,35,0.8537,8.38
32557,32054,35,0.8537,7.06
32557,3705,35,0.8537,4.57
32557,32316,34,0.8293,7.98
32557,43093,33,0.8049,5.80
32557,32524,32,0.7805,8.04
3705,3713,214,0.7839,4.07
3705,4519,195,0.7143,4.05
3705,3706,178,0.6520,4.11
3705,6558,153,0.5604,4.02
3705,6536,140,0.5128,4.47
3705,32013,134,0.4908,4.20
3705,32073,134,0.4908,4.18
3705,32054,134,0.4908,4.06
3705,32523,131,0.4799,4.25
3705,32140,125,0.4579,4.50
3705,3707,122,0.4469,4.16
3705,6632,121,0.4432,4.35
40490,32062,125,0.9398,5.19
40490,4519,123,0.9248,5.24
40490,4274,119,0.8947,4.03
40490,3713,116,0.8722,4.52
40490,32054,113,0.8496,7.02
40490,3705,113,0.8496,4.55
40490,32523,112,0.8421,7.47
40490,6536,110,0.8271,7.20
40490,43093,110,0.8271,5.96
40490,32316,107,0.8045,7.74
40490,32073,107,0.8045,6.84
40490,59443,106,0.7970,6.41
41749,41750,14,1.0000,104.50
41749,4274,13,0.9286,4.18
41749,4519,12,0.8571,4.86
41749,3701,11,0.7857,6.46
41749,30414,11,0.7857,6.32
41749,48336,11,0.7857,5.72
41749,44728,11,0.7857,5.25
41749,3035,11,0.7857,4.32
41749,32064a,10,0.7143,10.56
41749,2456,10,0.7143,7.74
41749,32073,10,0.7143,6.08
41749,63864,10,0.7143,5.87
41750,41749,14,1.0000,104.50
41750,4274,13,0.9286,4.18
41750,4519,12,0.8571,4.86
41750,3701,11,0.7857,6.46
41750,30414,11,0.7857,6.32
41750,48336,11,0.7857,5.72
41750,44728,11,0.7857,5.25
41750,3035,11,0.7857,4.32
41750,32064a,10,0.7143,10.56
41750,2456,10,0.7143,7.74
41750,32073,10,0.7143,6.08
41750,63864,10,0.7143,5.87
42003,4519,120,0.9756,5.53
42003,32062,117,0.9512,5.25
42003,3713,114,0.9268,4.81
42003,43093,113,0.9187,6.62
42003,2780,112,0.9106,4.01
42003,32140,111,0.9024,8.86
42003,32316,111,0.9024,8.69
42003,32523,111,0.9024,8.00
42003,4274,110,0.8943,4.03
42003,32526,108,0.8780,8.98
42003,6558,108,0.8780,6.30
42003,6536,107,0.8699,7.58
42610,43093,58,0.8286,5.97
42610,32062,57,0.8143,4.50
42610,6558,52,0.7429,5.33
42610,4519,52,0.7429,4.21
42610,32054,50,0.7143,5.90
42610,59443,48,0.6857,5.51
42610,32316,45,0.6429,6.19
42610,32523,45,0.6429,5.70
42610,32073,45,0.6429,5.47
42610,44294,44,0.6286,6.48
42610,32013,43,0.6143,5.26
42610,32526,42,0.6000,6.14
44375b,87079,10,0.7143,4.21
44375b,98138,9,0.6429,5.00
44375b,59443,8,0.5714,4.59
44375b,6558,8,0.5714,4.10
44375b,43898,7,0.5000,12.83
44375b,60474,7,0.5000,10.92
44375b,15462,7,0.5000,10.16
44375b,11214,7,0.5000,7.24
44375b,87083,7,0.5000,5.71
44375b,40490,7,0.5000,5.50
44375b,32524,7,0.5000,5.15
44375b,44294,7,0.5000,5.15
45590,32062,26,0.9630,5.32
45590,4519,25,0.9259,5.25
45590,4274,25,0.9259,4.17
45590,3713,24,0.8889,4.61
45590,43093,23,0.8519,6.14
45590,44294,22,0.8148,8.39
45590,32054,22,0.8148,6.73
45590,59443,22,0.8148,6.55
45590,6558,22,0.8148,5.84
45590,32316,21,0.7778,7.49
45590,32523,21,0.7778,6.90
45590,6536,21,0.7778,6.77
55013,32062,78,0.9176,5.07
55013,43093,77,0.9059,6.53
55013,4519,73,0.8588,4.87
55013,3713,73,0.8588,4.46
55013,32523,72,0.8471,7.51
55013,32054,72,0.8471,7.00
55013,59443,72,0.8471,6.81
55013,32184,71,0.8353,8.67
55013,3705,69,0.8118,4.35
55013,40490,66,0.7765,8.54
55013,32526,66,0.7765,7.94
55013,32270,65,0.7647,8.48
57519,32039,11,1.0000,11.17
57519,32523,11,1.0000,8.87
57519,32054,11,1.0000,8.27
57519,43093,11,1.0000,7.21
57519,42003,10,0.9091,10.81
57519,32526,10,0.9091,9.30
57519,32316,10,0.9091,8.75
57519,6558,10,0.9091,6.52
57519,4519,10,0.9091,5.16
57519,32062,10,0.9091,5.02
57519,3713,10,0.9091,4.72
57519,2780,10,0.9091,4.01
60484,4519,87,0.9886,5.61
60484,32062,84,0.9545,5.27
60484,3713,82,0.9318,4.83
60484,32523,81,0.9205,8.16
60484,43093,81,0.9205,6.63
60484,59443,79,0.8977,7.22
60484,32526,78,0.8864,9.07
60484,6536,78,0.8864,7.72
60484,32054,78,0.8864,7.33
60484,32316,76,0.8636,8.31
60484,42003,75,0.8523,10.14
60484,40490,75,0.8523,9.38
6536,32062,156,0.9286,5.13
6536,4519,155,0.9226,5.23
6536,3713,144,0.8571,4.45
6536,3705,140,0.8333,4.47
6536,32073,132,0.7857,6.68
6536,6558,130,0.7738,5.55
6536,32140,125,0.7440,7.31
6536,43093,124,0.7381,5.32
6536,32013,123,0.7321,6.26
6536,32523,122,0.7262,6.44
6536,32054,122,0.7262,6.00
6536,32316,118,0.7024,6.76
74695,4519,31,1.0000,5.67
74695,2780,31,1.0000,4.41
74695,43093,30,0.9677,6.97
74695,32062,29,0.9355,5.16
74695,32123b,28,0.9032,10.16
74695,6558,28,0.9032,6.48
74695,4274,28,0.9032,4.07
74695,44294,27,0.8710,8.97
74695,32316,27,0.8710,8.38
74695,62462,27,0.8710,7.77
74695,59443,27,0.8710,7.00
74695,42003,26,0.8387,9.98
85943,32062,14,1.0000,5.52
85943,6636,12,0.8571,4.66
85943,32064a,11,0.7857,11.61
85943,62462,11,0.7857,7.01
85943,3701,11,0.7857,6.46
85943,50950,11,0.7857,6.42
85943,44728,11,0.7857,5.25
85943,32028,11,0.7857,4.83
85943,3941,11,0.7857,4.35
85943,32054,10,0.7143,5.90
85943,63864,10,0.7143,5.87
85943,2445,10,0.7143,5.30
87408,43093,45,1.0000,7.21
87408,6589,44,0.9778,12.44
87408,4519,44,0.9778,5.54
87408,3713,44,0.9778,5.07
87408,32270,43,0.9556,10.59
87408,40490,43,0.9556,10.51
87408,32524,43,0.9556,9.84
87408,32526,43,0.9556,9.78
87408,32523,43,0.9556,8.47
87408,32062,43,0.9556,5.28
87408,42003,42,0.9333,11.10
87408,87083,42,0.9333,10.67
99009,99010,23,1.0000,63.61
99009,32270,23,1.0000,11.08
99009,32184,23,1.0000,10.38
99009,4519,23,1.0000,5.67
99009,32062,23,1.0000,5.52
99009,63869,22,0.9565,15.55
99009,32525,22,0.9565,12.72
99009,32524,22,0.9565,9.85
99009,32526,22,0.9565,9.79
99009,32523,22,0.9565,8.48
99009,59443,22,0.9565,7.69
99009,3713,22,0.9565,4.96
99010,99009,23,1.0000,63.61
99010,32270,23,1.0000,11.08
99010,32184,23,1.0000,10.38
99010,4519,23,1.0000,5.67
99010,32062,23,1.0000,5.52
99010,63869,22,0.9565,15.55
99010,32525,22,0.9565,12.72
99010,32524,22,0.9565,9.85
99010,32526,22,0.9565,9.79
99010,32523,22,0.9565,8.48
99010,59443,22,0.9565,7.69
99010,3713,22,0.9565,4.96
50305,50304,25,1.0000,54.19
50305,32062,21,0.8400,4.64
50305,6636,19,0.7600,4.13
50305,43093,18,0.7200,5.19
50305,85984,17,0.6800,4.38
50305,32000,15,0.6000,6.32
50305,6558,15,0.6000,4.30
50305,3176,14,0.5600,5.98
50305,6541,14,0.5600,5.32
50305,32054,14,0.5600,4.63
50305,3701,14,0.5600,4.60
50305,48336,14,0.5600,4.08
40344,4162,9,1.0000,4.50
40344,6232,8,0.8889,23.22
40344,2445,8,0.8889,6.60
40344,6558,8,0.8889,6.37
40344,6636,8,0.8889,4.83
40344,4477,8,0.8889,4.10
40344,4274,8,0.8889,4.00
40344,2730,7,0.7778,17.24
40344,3703,7,0.7778,13.08
40344,3702,7,0.7778,9.89
40344,2456,7,0.7778,8.43
40344,32000,7,0.7778,8.19
57520,6536,9,1.0000,8.71
57520,43093,9,1.0000,7.21
57520,32062,9,1.0000,5.52
57520,3705,9,1.0000,5.36
57520,3713,9,1.0000,5.19
57520,4274,9,1.0000,4.50
57520,2780,9,1.0000,4.41
57520,32039,8,0.8889,9.93
57520,32523,8,0.8889,7.88
57520,32054,8,0.8889,7.35
57520,4519,8,0.8889,5.04
57520,3749,8,0.8889,5.00
64225,85984,10,0.6250,4.03
64225,61678,8,0.5000,7.46
64225,32054,8,0.5000,4.13
64225,59443,8,0.5000,4.02
64225,29120,7,0.4375,13.91
64225,29119,7,0.4375,13.06
64225,32524,7,0.4375,4.51
64225,15068,7,0.4375,4.24
64225,6541,7,0.4375,4.16
64225,35480,6,0.3750,11.20
64225,48729b,6,0.3750,9.14
64225,59426,6,0.3750,6.53
88323,15462,5,1.0000,20.32
88323,11214,5,1.0000,14.49
88323,87083,5,1.0000,11.43
88323,32123b,5,1.0000,11.25
88323,32184,5,1.0000,10.38
88323,62462,5,1.0000,8.92
88323,32523,5,1.0000,8.87
88323,32054,5,1.0000,8.27
88323,43093,5,1.0000,7.21
88323,4519,5,1.0000,5.67
88323,3705,5,1.0000,5.36
88323,3713,5,1.0000,5.19
93604,15068,8,1.0000,9.69
93604,15573,7,0.8750,7.40
93604,11477,7,0.8750,7.23
93604,87079,7,0.8750,5.16
93604,99781,6,0.7500,12.76
93604,63868,6,0.7500,10.35
93604,32000,6,0.7500,7.89
93604,30374,6,0.7500,6.27
93604,98138,6,0.7500,5.84
93604,44728,6,0.7500,5.01
93604,85984,6,0.7500,4.83
93604,3941,6,0.7500,4.16
6249,6232,8,0.6667,17.42
6249,2445,8,0.6667,4.95
6249,44728,8,0.6667,4.45
6249,2357,8,0.6667,4.12
6249,32123b,7,0.5833,6.56
6249,2456,7,0.5833,6.32
6249,3033,7,0.5833,6.14
6249,30374,7,0.5833,4.88
6249,3701,7,0.5833,4.79
6249,6091,7,0.5833,4.35
6249,48336,7,0.5833,4.25
6249,93606,6,0.5000,20.90
42022,30414,25,0.7143,5.74
42022,2445,24,0.6857,5.09
42022,44728,24,0.6857,4.58
42022,48336,23,0.6571,4.78
42022,3701,20,0.5714,4.70
42022,2456,19,0.5429,5.88
42022,50950,19,0.5429,4.44
42022,44126,18,0.5143,25.08
42022,30553,18,0.5143,11.94
42022,32064a,18,0.5143,7.60
42022,3036,17,0.4857,4.08
42022,6134,16,0.4571,5.82
6232,6636,42,0.7500,4.08
6232,3701,32,0.5714,4.70
6232,30414,31,0.5536,4.45
6232,2877,30,0.5357,4.84
6232,6541,29,0.5179,4.92
6232,3894,24,0.4286,5.65
6232,2456,24,0.4286,4.64
6232,3702,22,0.3929,5.00
6232,32000,22,0.3929,4.13
6232,2458,21,0.3750,6.94
6232,6111,21,0.3750,5.43
6232,2730,20,0.3571,7.92
6233,32064a,13,0.5200,7.68
6233,3942c,11,0.4400,15.33
6233,6541,11,0.4400,4.18
6233,63868,9,0.3600,4.97
6233,6565,8,0.3200,13.38
6233,41747,8,0.3200,13.00
6233,6564,8,0.3200,13.00
6233,41748,8,0.3200,12.65
6233,54384,8,0.3200,9.18
6233,43898,8,0.3200,8.21
6233,30565,8,0.3200,7.09
6233,18674,8,0.3200,6.99
44126,48336,22,0.7333,5.34
44126,44728,21,0.7000,4.68
44126,3701,20,0.6667,5.48
44126,30414,19,0.6333,5.09
44126,42022,18,0.6000,25.08
44126,2456,17,0.5667,6.14
44126,50950,17,0.5667,4.63
44126,2445,17,0.5667,4.21
44126,3036,15,0.5000,4.20
44126,32054,15,0.5000,4.13
44126,32064a,14,0.4667,6.90
44126,6134,14,0.4667,5.94
2515b,3700,4,1.0000,4.41
2743,3700,10,0.9091,4.01
2743,3749,9,0.8182,4.60
2743,3713,9,0.8182,4.24
2743,3737,8,0.7273,8.44
2743,3706,8,0.7273,4.59
2743,3673,8,0.7273,4.33
2743,4519,8,0.7273,4.12
2743,3709b,7,0.6364,8.39
2743,3894,7,0.6364,8.39
2743,3702,7,0.6364,8.10
2743,3708,7,0.6364,8.10
2743,3707,7,0.6364,5.93
3743,3713,50,0.9091,4.72
3743,3706,49,0.8909,5.62
3743,3705,48,0.8727,4.68
3743,3749,42,0.7636,4.30
3743,3673,41,0.7455,4.43
3743,3707,40,0.7273,6.78
3743,3647,39,0.7091,12.65
3743,3702,38,0.6909,8.79
3743,3701,38,0.6909,5.68
3743,3737,37,0.6727,7.81
3743,3703,33,0.6000,10.09
3743,3708,32,0.5818,7.40
44224,44225,4,1.0000,365.75
44224,6558,4,1.0000,7.17
44224,4740,4,1.0000,5.76
44224,4519,4,1.0000,5.67
44224,3749,4,1.0000,5.63
44224,32062,4,1.0000,5.52
44224,3705,4,1.0000,5.36
44224,3713,4,1.0000,5.19
44224,4274,4,1.0000,4.50
44224,2780,4,1.0000,4.41
44224,3700,4,1.0000,4.41
44225,44224,4,1.0000,365.75
44225,6558,4,1.0000,7.17
44225,4740,4,1.0000,5.76
44225,4519,4,1.0000,5.67
44225,3749,4,1.0000,5.63
44225,32062,4,1.0000,5.52
44225,3705,4,1.0000,5.36
44225,3713,4,1.0000,5.19
44225,4274,4,1.0000,4.50
44225,2780,4,1.0000,4.41
44225,3700,4,1.0000,4.41
3673,3647,62,0.2520,4.50
3673,2825,47,0.1911,4.37
3673,92907,46,0.1870,4.48
3673,3743,41,0.1667,4.43
3673,4716,40,0.1626,4.17
11458,98138,43,0.8776,6.83
11458,15573,40,0.8163,6.90
11458,15068,39,0.7959,7.71
11458,11477,39,0.7959,6.58
11458,87079,39,0.7959,4.70
11458,85984,38,0.7755,5.00
11458,6636,37,0.7551,4.11
11458,99780,35,0.7143,8.16
11458,63864,35,0.7143,5.87
11458,99207,33,0.6735,10.71
11458,62462,32,0.6531,5.83
11458,87087,32,0.6531,5.52
98138pz1,22885,21,1.0000,13.30
98138pz1,3958,21,1.0000,7.07
98138pz1,87079,21,1.0000,5.90
98138pz1,11476,19,0.9048,11.71
98138pz1,3941,19,0.9048,5.01
98138pz1,92593,18,0.8571,9.43
98138pz1,85984,15,0.7143,4.60
98138pz1,15068,14,0.6667,6.46
98138pz1,11477,14,0.6667,5.51
98138pz1,11211,13,0.6190,7.13
98138pz1,15573,13,0.6190,5.24
98138pz1,25269,12,0.5714,9.09
48092,87087,19,0.7917,6.69
48092,6636,19,0.7917,4.31
48092,87079,18,0.7500,4.42
48092,2445,16,0.6667,4.95
48092,2357,16,0.6667,4.12
48092,30565,15,0.6250,13.85
48092,30357,15,0.6250,12.88
48092,4282,14,0.5833,5.20
48092,6091,14,0.5833,4.35
48092,63864,13,0.5417,4.45
48092,60474,12,0.5000,10.92
48092,30136,12,0.5000,9.38
10197,4519,46,0.9787,5.55
10197,32062,46,0.9787,5.40
10197,32054,45,0.9574,7.91
10197,43093,45,0.9574,6.90
10197,4274,43,0.9149,4.12
10197,2780,43,0.9149,4.03
10197,40490,42,0.8936,9.83
10197,32140,42,0.8936,8.77
10197,32523,42,0.8936,7.92
10197,6536,42,0.8936,7.78
10197,11214,41,0.8723,12.64
10197,42003,41,0.8723,10.38
11478,43093,58,0.9831,7.08
11478,32073,57,0.9661,8.22
11478,4519,57,0.9661,5.48
11478,2780,57,0.9661,4.26
11478,3713,56,0.9492,4.92
11478,32062,55,0.9322,5.15
11478,4274,55,0.9322,4.20
11478,32526,54,0.9153,9.36
11478,32140,54,0.9153,8.99
11478,32523,54,0.9153,8.12
11478,59443,54,0.9153,7.36
11478,6558,54,0.9153,6.56
15461,2780,24,1.0000,4.41
15461,6558,23,0.9583,6.87
15461,4519,23,0.9583,5.43
15461,87083,22,0.9167,10.48
15461,59443,22,0.9167,7.37
15461,43093,22,0.9167,6.61
15461,32062,22,0.9167,5.06
15461,32526,21,0.8750,8.95
15461,18654,20,0.8333,13.55
15461,32316,20,0.8333,8.02
15461,32523,20,0.8333,7.39
15461,32054,20,0.8333,6.89
2723,32062,22,0.8148,4.50
2723,4519,21,0.7778,4.41
2723,6536,16,0.5926,5.16
2723,32073,16,0.5926,5.04
2723,40490,15,0.5556,6.11
2723,62462,15,0.5556,4.96
2723,59443,14,0.5185,4.17
2723,98138,14,0.5185,4.04
2723,32013,13,0.4815,4.12
2723,18651,12,0.4444,7.39
2723,18654,12,0.4444,7.22
2723,6628,12,0.4444,6.37
32002,4519,99,0.8919,5.06
32002,32062,98,0.8829,4.87
32002,3713,95,0.8559,4.44
32002,3705,91,0.8198,4.39
32002,6536,88,0.7928,6.90
32002,32073,87,0.7838,6.67
32002,32054,84,0.7568,6.26
32002,6558,82,0.7387,5.30
32002,32013,81,0.7297,6.24
32002,32523,80,0.7207,6.39
32002,43093,80,0.7207,5.19
32002,3749,80,0.7207,4.06
32017,32062,42,0.9545,5.27
32017,4519,41,0.9318,5.28
32017,3713,40,0.9091,4.72
32017,6536,38,0.8636,7.52
32017,6558,38,0.8636,6.19
32017,3705,38,0.8636,4.63
32017,32073,37,0.8409,7.15
32017,3706,37,0.8409,5.30
32017,32013,36,0.8182,7.00
32017,32054,35,0.7955,6.57
32017,3749,34,0.7727,4.35
32017,32002,33,0.7500,9.89
32063,3713,55,1.0000,5.19
32063,32062,53,0.9636,5.32
32063,4519,52,0.9455,5.36
32063,3705,52,0.9455,5.07
32063,2780,52,0.9455,4.17
32063,6558,50,0.9091,6.52
32063,4274,50,0.9091,4.09
32063,32013,47,0.8545,7.31
32063,32073,47,0.8545,7.27
32063,6632,46,0.8364,8.21
32063,6536,46,0.8364,7.28
32063,32523,45,0.8182,7.25
32073,32062,157,0.9128,5.04
32073,4519,155,0.9012,5.11
32073,3713,147,0.8547,4.43
32073,3705,134,0.7791,4.18
32073,6558,133,0.7733,5.55
32073,6536,132,0.7674,6.68
32073,32140,129,0.7500,7.36
32073,32054,128,0.7442,6.15
32073,43093,128,0.7442,5.36
32073,32316,127,0.7384,7.11
32073,32013,127,0.7384,6.32
32073,59443,124,0.7209,5.80
32126,32062,43,0.9348,5.16
32126,4274,43,0.9348,4.21
32126,4519,42,0.9130,5.18
32126,3705,42,0.9130,4.89
32126,2780,42,0.9130,4.02
32126,32523,41,0.8913,7.90
32126,32013,41,0.8913,7.63
32126,3713,41,0.8913,4.62
32126,32054,40,0.8696,7.19
32126,43093,40,0.8696,6.27
32126,32316,39,0.8478,8.16
32126,32073,39,0.8478,7.21
32140,32062,139,0.9329,5.15
32140,4519,137,0.9195,5.21
32140,3713,137,0.9195,4.77
32140,32073,129,0.8658,7.36
32140,32523,128,0.8591,7.62
32140,6558,126,0.8456,6.06
32140,6536,125,0.8389,7.31
32140,3705,125,0.8389,4.50
32140,32316,123,0.8255,7.95
32140,32054,121,0.8121,6.71
32140,32184,118,0.7919,8.22
32140,43093,118,0.7919,5.71
32192,4519,54,1.0000,5.67
32192,32062,54,1.0000,5.52
32192,3713,52,0.9630,5.00
32192,3705,51,0.9444,5.06
32192,32013,50,0.9259,7.92
32192,32140,49,0.9074,8.91
32192,6536,49,0.9074,7.90
32192,32073,49,0.9074,7.72
32192,32316,48,0.8889,8.56
32192,32523,48,0.8889,7.88
32192,4274,48,0.8889,4.00
32192,32526,47,0.8704,8.90
32293,2780,20,1.0000,4.41
32293,6558,19,0.9500,6.81
32293,4519,19,0.9500,5.39
32293,4274,19,0.9500,4.28
32293,6628,18,0.9000,12.91
32293,32054,18,0.9000,7.44
32293,32062,18,0.9000,4.97
32293,87083,17,0.8500,9.72
32293,59443,17,0.8500,6.83
32293,43093,17,0.8500,6.13
32293,3705,17,0.8500,4.56
32293,3713,17,0.8500,4.41
57585,32062,16,0.9412,5.20
57585,59443,15,0.8824,7.09
57585,4519,15,0.8824,5.00
57585,87083,13,0.7647,8.74
57585,32073,13,0.7647,6.50
57585,32054,13,0.7647,6.32
57585,6558,13,0.7647,5.48
57585,32524,12,0.7059,7.27
57585,32526,12,0.7059,7.22
57585,43093,12,0.7059,5.09
57585,11214,11,0.6471,9.37
57585,32525,11,0.6471,8.61
87082,4519,81,0.9878,5.60
87082,32073,77,0.9390,7.99
87082,32062,77,0.9390,5.18
87082,3713,77,0.9390,4.87
87082,32054,76,0.9268,7.66
87082,2780,75,0.9146,4.03
87082,32140,74,0.9024,8.86
87082,32013,73,0.8902,7.62
87082,59443,73,0.8902,7.16
87082,4274,73,0.8902,4.01
87082,32523,72,0.8780,7.79
87082,43093,72,0.8780,6.33
94925,32523,64,1.0000,8.87
94925,4519,64,1.0000,5.67
94925,3713,63,0.9844,5.11
94925,59443,62,0.9688,7.79
94925,32062,62,0.9688,5.35
94925,32524,60,0.9375,9.66
94925,44294,60,0.9375,9.66
94925,32140,60,0.9375,9.21
94925,32073,60,0.9375,7.97
94925,3705,60,0.9375,5.02
94925,4274,60,0.9375,4.22
94925,87083,59,0.9219,10.54
99021,3705,15,1.0000,5.36
99021,4519,14,0.9333,5.29
99021,4274,14,0.9333,4.20
99021,2780,14,0.9333,4.11
99021,32013,13,0.8667,7.41
99021,32062,13,0.8667,4.78
99021,87083,12,0.8000,9.14
99021,40490,12,0.8000,8.80
99021,6632,12,0.8000,7.86
99021,32316,12,0.8000,7.70
99021,32523,12,0.8000,7.09
99021,59443,12,0.8000,6.43
3708,3713,96,0.8348,4.33
3708,3706,76,0.6609,4.17
3708,6558,65,0.5652,4.05
3708,3707,62,0.5391,5.02
3708,3701,61,0.5304,4.36
3708,3737,58,0.5043,5.86
3708,32054,56,0.4870,4.02
3708,32526,54,0.4696,4.80
3708,32140,53,0.4609,4.53
3708,32316,52,0.4522,4.35
3708,32523,52,0.4522,4.01
3708,6632,50,0.4348,4.27
3737,3713,114,0.9048,4.69
3737,3705,109,0.8651,4.64
3737,3706,100,0.7937,5.00
3737,4519,93,0.7381,4.19
3737,3749,91,0.7222,4.06
3737,3707,86,0.6825,6.36
3737,6536,66,0.5238,4.56
3737,3701,65,0.5159,4.24
3737,32073,62,0.4921,4.19
3737,32054,62,0.4921,4.07
3737,32034,60,0.4762,4.98
3737,6632,60,0.4762,4.68
92582,63864,16,0.9412,7.74
92582,87079,16,0.9412,5.55
92582,6636,15,0.8824,4.80
92582,99207,14,0.8235,13.10
92582,3701,14,0.8235,6.77
92582,85984,14,0.8235,5.31
92582,99780,13,0.7647,8.74
92582,32000,13,0.7647,8.05
92582,62462,13,0.7647,6.82
92582,87087,13,0.7647,6.47
92582,30374,13,0.7647,6.39
92582,32054,13,0.7647,6.32
93609,15573,6,1.0000,8.46
93609,11477,6,1.0000,8.27
93609,2780,6,1.0000,4.41
93609,15672,5,0.8333,32.08
93609,11458,5,0.8333,24.88
93609,10928,5,0.8333,21.02
93609,22961,5,0.8333,20.66
93609,48729b,5,0.8333,20.32
93609,87994,5,0.8333,16.04
93609,18651,5,0.8333,13.85
93609,18654,5,0.8333,13.55
93609,93273,5,0.8333,12.19
32555,3701,10,1.0000,8.22
32555,6636,10,1.0000,5.44
32555,3702,9,0.9000,11.45
32555,30374,9,0.9000,7.52
32555,6558,9,0.9000,6.45
32555,4477,9,0.9000,4.15
32555,4162,9,0.9000,4.05
32555,30363,8,0.8000,22.08
32555,32018,8,0.8000,20.18
32555,3703,8,0.8000,13.45
32555,3895,8,0.8000,13.15
32555,2450,8,0.8000,11.25
3711,3713,13,1.0000,5.19
3711,3749,11,0.8462,4.76
3711,3705,11,0.8462,4.53
3711,3706,10,0.7692,4.85
3711,3737,8,0.6154,7.15
3711,3707,8,0.6154,5.73
3711,6558,8,0.6154,4.41
3711,2851,7,0.5385,14.32
3711,2852,7,0.5385,13.82
3711,94925,7,0.5385,12.31
3711,6553,7,0.5385,8.95
3711,6628,7,0.5385,7.72
32018,6636,47,0.8103,4.41
32018,3701,41,0.7069,5.81
32018,30414,40,0.6897,5.54
32018,6558,40,0.6897,4.95
32018,48336,33,0.5690,4.14
32018,30374,31,0.5345,4.47
32018,32054,31,0.5345,4.42
32018,6541,29,0.5000,4.75
32018,3894,28,0.4828,6.36
32018,32000,28,0.4828,5.08
32018,3702,27,0.4655,5.92
32018,2456,26,0.4483,4.86
3895,3705,70,0.7865,4.21
3895,3701,68,0.7640,6.28
3895,3706,62,0.6966,4.39
3895,3894,61,0.6854,9.03
3895,3702,58,0.6517,8.29
3895,3707,55,0.6180,5.76
3895,3737,52,0.5843,6.78
3895,3703,47,0.5281,8.88
3895,3709b,43,0.4831,6.37
3895,3647,40,0.4494,8.02
3895,3738,39,0.4382,7.37
3895,3708,38,0.4270,5.43
92946,87079,33,0.8049,4.75
92946,87087,30,0.7317,6.19
92946,63864,28,0.6829,5.61
92946,85984,28,0.6829,4.40
92946,11477,27,0.6585,5.44
92946,15573,26,0.6341,5.36
92946,99780,24,0.5854,6.69
92946,60478,24,0.5854,5.99
92946,15068,24,0.5854,5.67
92946,99206,23,0.5610,6.96
92946,11211,23,0.5610,6.46
92946,48336,23,0.5610,4.08
15092,59443,6,1.0000,8.04
15092,43093,6,1.0000,7.21
15092,32062,6,1.0000,5.52
15092,18654,5,0.8333,13.55
15092,93273,5,0.8333,12.19
15092,32123b,5,0.8333,9.38
15092,32054,5,0.8333,6.89
15092,98138,5,0.8333,6.48
15092,6558,5,0.8333,5.98
15092,87079,5,0.8333,4.92
15092,4519,5,0.8333,4.73
15092,3705,5,0.8333,4.47
32802,26047,4,1.0000,39.54
32802,15672,4,1.0000,38.50
32802,32828,4,1.0000,36.58
32802,24201,4,1.0000,32.51
32802,35480,4,1.0000,29.86
32802,85861,4,1.0000,16.82
32802,99780,4,1.0000,11.43
32802,15068,4,1.0000,9.69
32802,6541,4,1.0000,9.50
32802,15573,4,1.0000,8.46
32802,11477,4,1.0000,8.27
32802,32054,4,1.0000,8.27
42862,48165,4,1.0000,365.75
42862,24246,4,1.0000,40.64
42862,32828,4,1.0000,36.58
42862,26601,4,1.0000,29.86
42862,18674,4,1.0000,21.84
42862,85861,4,1.0000,16.82
42862,25269,4,1.0000,15.90
42862,15068,4,1.0000,9.69
42862,15573,4,1.0000,8.46
42862,30374,4,1.0000,8.36
42862,30414,4,1.0000,8.04
42862,98138,4,1.0000,7.78
48165,42862,4,1.0000,365.75
48165,24246,4,1.0000,40.64
48165,32828,4,1.0000,36.58
48165,26601,4,1.0000,29.86
48165,18674,4,1.0000,21.84
48165,85861,4,1.0000,16.82
48165,25269,4,1.0000,15.90
48165,15068,4,1.0000,9.69
48165,15573,4,1.0000,8.46
48165,30374,4,1.0000,8.36
48165,30414,4,1.0000,8.04
48165,98138,4,1.0000,7.78
30043,6636,12,0.8000,4.35
30043,30414,10,0.6667,5.36
30043,6091,9,0.6000,4.48
30043,59900,8,0.5333,5.53
30043,6081,6,0.4000,10.84
30043,2921,6,0.4000,7.91
30043,6111,6,0.4000,5.79
30043,99781,5,0.3333,5.67
30043,3899,5,0.3333,5.48
30043,4623,5,0.3333,4.88
30043,6587,5,0.3333,4.28
30043,3069bp01,4,0.2667,16.96
3649,3705,11,0.9167,4.91
3649,3713,11,0.9167,4.76
3649,3706,10,0.8333,5.26
3649,3702,9,0.7500,9.54
3649,3701,9,0.7500,6.16
3649,3673,9,0.7500,4.46
3649,3709b,8,0.6667,8.79
3649,3707,8,0.6667,6.21
3649,3647,7,0.5833,10.41
3649,3703,7,0.5833,9.81
3649,3738,7,0.5833,9.81
3649,3030,7,0.5833,4.96
6564,6565,34,0.9444,39.48
6564,6541,20,0.5556,5.28
6564,3701,20,0.5556,4.57
6564,2445,20,0.5556,4.13
6564,32000,19,0.5278,5.55
6564,3037,19,0.5278,4.29
6564,2877,17,0.4722,4.26
6564,2450,16,0.4444,6.25
6564,2456,16,0.4444,4.82
6564,30363,14,0.3889,10.73
6564,3894,14,0.3889,5.13
6564,6134,14,0.3889,4.95
6565,6564,34,0.9714,39.48
6565,6541,21,0.6000,5.70
6565,3701,19,0.5429,4.46
6565,2445,19,0.5429,4.03
6565,3037,18,0.5143,4.18
6565,32000,17,0.4857,5.11
6565,2877,17,0.4857,4.39
6565,2450,15,0.4286,6.03
6565,2456,15,0.4286,4.64
6565,30363,14,0.4000,11.04
6565,3894,14,0.4000,5.27
6565,6134,13,0.3714,4.73
45677,30413,13,0.2364,5.67
45677,6179,13,0.2364,4.49
45677,51719,11,0.2000,5.32
45677,47457,11,0.2000,5.13
45677,30553,11,0.2000,4.64
45677,60474,11,0.2000,4.37
45677,6112,11,0.2000,4.24
45677,50951,11,0.2000,4.06
45677,30000,10,0.1818,9.85
45677,50949,10,0.1818,8.58
45677,50943,10,0.1818,5.66
45677,32018,10,0.1818,4.59
4868b,30414,4,1.0000,8.04
53586,32062,6,1.0000,5.52
53586,32002,5,0.8333,10.98
53586,6536,5,0.8333,7.26
53586,32054,5,0.8333,6.89
53586,43093,5,0.8333,6.01
53586,3713,5,0.8333,4.32
53586,32123a,4,0.6667,7.80
53586,32039,4,0.6667,7.45
53586,32000,4,0.6667,7.02
53586,32524,4,0.6667,6.87
53586,44294,4,0.6667,6.87
53586,6632,4,0.6667,6.55
98989,32140,9,1.0000,9.82
98989,32316,9,1.0000,9.62
98989,62462,9,1.0000,8.92
98989,32523,9,1.0000,8.87
98989,32013,9,1.0000,8.56
98989,32073,9,1.0000,8.51
98989,32054,9,1.0000,8.27
98989,59443,9,1.0000,8.04
98989,3706,9,1.0000,6.31
98989,4519,9,1.0000,5.67
98989,32062,9,1.0000,5.52
98989,3705,9,1.0000,5.36
64451,3708,7,0.8750,11.13
64451,62462,7,0.8750,7.81
64451,3705,7,0.8750,4.69
64451,3713,7,0.8750,4.54
64451,87083,6,0.7500,8.57
64451,32526,6,0.7500,7.67
64451,3673,6,0.7500,4.46
64451,32062,6,0.7500,4.14
64451,56145,5,0.6250,15.24
64451,93273,5,0.6250,9.14
64451,3702,5,0.6250,7.95
64451,61481,4,0.5000,121.92
26287,32062,41,1.0000,5.52
26287,4519,40,0.9756,5.53
26287,43093,39,0.9512,6.86
26287,4274,39,0.9512,4.28
26287,2780,39,0.9512,4.19
26287,32523,38,0.9268,8.22
26287,59443,38,0.9268,7.45
26287,3713,38,0.9268,4.81
26287,87083,37,0.9024,10.31
26287,11214,36,0.8780,12.72
26287,18651,35,0.8537,14.19
26287,18654,35,0.8537,13.88
75937,85861,12,0.9231,15.52
75937,85984,12,0.9231,5.95
75937,15573,11,0.8462,7.16
75937,15712,10,0.7692,11.03
75937,99206,10,0.7692,9.54
75937,11211,10,0.7692,8.86
75937,87580,10,0.7692,8.53
75937,11477,10,0.7692,6.36
75937,87079,10,0.7692,4.54
75937,18674,9,0.6923,15.12
75937,61252,9,0.6923,12.06
75937,63868,9,0.6923,9.56
13564,24866,4,0.6667,23.79
13564,35480,4,0.6667,19.90
13564,11476,4,0.6667,8.63
13564,15573,4,0.6667,5.64
98284,48336,7,0.8750,6.37
98284,30374,6,0.7500,6.27
98284,4079,6,0.7500,5.41
98284,15068,5,0.6250,6.06
98284,30414,5,0.6250,5.02
98284,98138,5,0.6250,4.86
98284,92280,4,0.5000,9.50
98284,3899,4,0.5000,8.22
98284,99207,4,0.5000,7.95
98284,11476,4,0.5000,6.47
98284,99780,4,0.5000,5.71
98284,87580,4,0.5000,5.54
47458,6157,12,0.5217,5.57
47458,51719,11,0.4783,12.72
47458,50951,11,0.4783,9.72
47458,50943,10,0.4348,13.53
47458,44674,9,0.3913,10.04
47458,50949,7,0.3043,14.36
47458,50947,7,0.3043,9.89
47458,30602,7,0.3043,5.78
47458,30027a,5,0.2174,8.60
47458,49668,5,0.2174,7.07
47458,64644,5,0.2174,4.75
47458,88930,5,0.2174,4.48
50450,43093,5,0.8333,6.01
50450,3941,5,0.8333,4.62
50450,6636,5,0.8333,4.53
50450,32123b,4,0.6667,7.50
50450,32000,4,0.6667,7.02
50450,32034,4,0.6667,6.97
50450,60478,4,0.6667,6.82
50450,4282,4,0.6667,5.95
50450,59443,4,0.6667,5.36
50450,3958,4,0.6667,4.71
50450,3706,4,0.6667,4.20
45301,4519,4,1.0000,5.67
32249,6536,24,1.0000,8.71
32249,2780,24,1.0000,4.41
32249,6558,23,0.9583,6.87
32249,4519,23,0.9583,5.43
32249,32062,23,0.9583,5.29
32249,32140,22,0.9167,9.00
32249,32073,22,0.9167,7.80
32249,3705,22,0.9167,4.91
32249,3713,21,0.8750,4.54
32249,32184,20,0.8333,8.65
32249,32054,19,0.7917,6.54
32249,6632,18,0.7500,7.36
41669,32062,47,0.9400,5.19
41669,4519,46,0.9200,5.22
41669,2780,46,0.9200,4.05
41669,43093,45,0.9000,6.49
41669,3713,45,0.9000,4.67
41669,6536,44,0.8800,7.66
41669,32054,44,0.8800,7.27
41669,32073,43,0.8600,7.31
41669,32316,42,0.8400,8.08
41669,32526,41,0.8200,8.39
41669,32140,41,0.8200,8.05
41669,32184,40,0.8000,8.30
11213,15573,20,0.9091,7.69
11213,87079,19,0.8636,5.09
11213,85984,18,0.8182,5.27
11213,11477,17,0.7727,6.39
11213,63864,17,0.7727,6.35
11213,98138,17,0.7727,6.01
11213,87580,16,0.7273,8.06
11213,87087,16,0.7273,6.15
11213,60479,15,0.6818,10.84
11213,11211,15,0.6818,7.85
11213,15068,15,0.6818,6.61
11213,63868,14,0.6364,8.78
24299,24307,35,0.9459,34.60
24299,87079,30,0.8108,4.78
24299,11477,28,0.7568,6.26
24299,15068,26,0.7027,6.81
24299,85984,25,0.6757,4.35
24299,99206,23,0.6216,7.71
24299,99780,23,0.6216,7.10
24299,15573,23,0.6216,5.26
24299,25269,22,0.5946,9.46
24299,11211,22,0.5946,6.85
24299,26603,19,0.5135,9.76
24299,22885,18,0.4865,6.47
87609,6636,30,0.7895,4.29
87609,87079,27,0.7105,4.19
87609,63864,25,0.6579,5.41
87609,99206,24,0.6316,7.83
87609,15573,23,0.6053,5.12
87609,87087,22,0.5789,4.90
87609,30414,22,0.5789,4.65
87609,98138,21,0.5526,4.30
87609,11211,20,0.5263,6.06
87609,60478,20,0.5263,5.38
87609,87580,19,0.5000,5.54
87609,15712,18,0.4737,6.79
6081,6091,39,0.7222,5.39
6081,30414,31,0.5741,4.61
6081,6111,22,0.4074,5.90
6081,6134,20,0.3704,4.71
6081,60479,19,0.3519,5.60
6081,6179,16,0.2963,5.63
6081,32064a,16,0.2963,4.38
6081,4510,14,0.2593,5.93
6081,30136,14,0.2593,4.86
6081,6005,13,0.2407,7.83
6081,3738,13,0.2407,4.05
6081,32124,12,0.2222,6.13
52901,4519,7,1.0000,5.67
52901,3705,7,1.0000,5.36
52901,2780,7,1.0000,4.41
52901,18654,6,0.8571,13.93
52901,32002,6,0.8571,11.30
52901,32123b,6,0.8571,9.65
52901,32523,6,0.8571,7.60
52901,32013,6,0.8571,7.33
52901,43093,6,0.8571,6.18
52901,6558,6,0.8571,6.15
52901,32062,6,0.8571,4.73
52901,3713,6,0.8571,4.45
30367b,32064a,11,0.3793,5.61
30367b,6587,11,0.3793,4.87
30367b,61678,9,0.3103,4.63
30367b,32018,8,0.2759,6.96
30367b,60479,8,0.2759,4.39
30367b,4150,8,0.2759,4.29
30367b,30033,7,0.2414,29.43
30367b,54383,7,0.2414,6.79
30367b,6180,7,0.2414,6.54
30367b,3747b,7,0.2414,5.70
30367b,60470a,7,0.2414,5.61
30367b,2817,7,0.2414,4.59
10247,87079,34,0.7083,4.18
10247,43093,32,0.6667,4.80
10247,85984,32,0.6667,4.30
10247,62462,31,0.6458,5.76
10247,98138,31,0.6458,5.03
10247,32054,30,0.6250,5.17
10247,59443,30,0.6250,5.02
10247,6558,30,0.6250,4.48
10247,99780,29,0.6042,6.91
10247,15068,29,0.6042,5.85
10247,11477,29,0.6042,4.99
10247,15573,28,0.5833,4.93
18575,32270,41,1.0000,11.08
18575,4519,41,1.0000,5.67
18575,4274,41,1.0000,4.50
18575,32523,40,0.9756,8.65
18575,59443,40,0.9756,7.84
18575,43093,40,0.9756,7.03
18575,32062,40,0.9756,5.39
18575,3713,39,0.9512,4.93
18575,2780,39,0.9512,4.19
18575,11214,38,0.9268,13.43
18575,87083,38,0.9268,10.59
18575,40490,37,0.9024,9.93
2852,4519,55,0.9649,5.47
2852,2851,54,0.9474,25.20
2852,3705,54,0.9474,5.08
2852,3713,54,0.9474,4.91
2852,6536,48,0.8421,7.33
2852,3749,47,0.8246,4.64
2852,32062,47,0.8246,4.55
2852,3706,46,0.8070,5.09
2852,32073,45,0.7895,6.72
2852,32054,45,0.7895,6.53
2852,32523,44,0.7719,6.84
2852,32184,43,0.7544,7.83
32065,4519,32,0.9412,5.34
32065,32062,32,0.9412,5.20
32065,6536,31,0.9118,7.94
32065,32013,30,0.8824,7.55
32065,3713,30,0.8824,4.58
32065,32034,29,0.8529,8.91
32065,32140,29,0.8529,8.37
32065,32073,29,0.8529,7.25
32065,3705,29,0.8529,4.57
32065,32002,27,0.7941,10.47
32065,42003,27,0.7941,9.45
32065,40490,27,0.7941,8.74
33299b,43093,32,1.0000,7.21
33299b,4519,32,1.0000,5.67
33299b,2780,32,1.0000,4.41
33299b,87083,31,0.9688,11.07
33299b,32062,31,0.9688,5.35
33299b,3713,31,0.9688,5.03
33299b,32270,30,0.9375,10.39
33299b,32523,30,0.9375,8.31
33299b,59443,30,0.9375,7.54
33299b,6558,30,0.9375,6.72
33299b,4274,30,0.9375,4.22
33299b,32054,29,0.9062,7.49
62519,3713,47,1.0000,5.19
62519,62520,46,0.9787,31.13
62519,32523,46,0.9787,8.68
62519,4519,46,0.9787,5.55
62519,32062,46,0.9787,5.40
62519,4274,46,0.9787,4.41
62519,40490,45,0.9574,10.53
62519,32270,44,0.9362,10.38
62519,32184,44,0.9362,9.71
62519,44294,44,0.9362,9.65
62519,32316,44,0.9362,9.01
62519,32013,44,0.9362,8.01
62520,62519,46,1.0000,31.13
62520,3713,46,1.0000,5.19
62520,32523,45,0.9783,8.67
62520,4519,45,0.9783,5.55
62520,32062,45,0.9783,5.40
62520,4274,45,0.9783,4.40
62520,40490,44,0.9565,10.52
62520,59443,44,0.9565,7.69
62520,87083,43,0.9348,10.68
62520,32270,43,0.9348,10.36
62520,32184,43,0.9348,9.70
62520,44294,43,0.9348,9.63
59349,44728,20,0.8333,5.57
59349,48336,19,0.7917,5.76
59349,30414,14,0.5833,4.69
59349,2456,13,0.5417,5.87
59349,6231,12,0.5000,5.08
59349,63864,12,0.5000,4.11
59349,87580,11,0.4583,5.08
59349,4282,11,0.4583,4.09
59349,6111,10,0.4167,6.04
59349,60897,10,0.4167,5.92
59349,4599b,9,0.3750,8.71
59349,4865b,9,0.3750,5.33
59895,2432,18,0.6000,4.35
59895,4624,16,0.5333,4.91
59895,4282,14,0.4667,4.16
59895,3680,11,0.3667,5.47
59895,60479,9,0.3000,4.77
59895,3679,9,0.3000,4.39
59895,30357,8,0.2667,5.49
59895,92280,8,0.2667,5.07
59895,2458,8,0.2667,4.94
59895,4488,8,0.2667,4.64
59895,3901,8,0.2667,4.02
59895,87552,7,0.2333,6.83
3660b,6134,5,0.8333,10.60
3660b,2445,5,0.8333,6.19
3660b,2357,5,0.8333,5.14
3660b,3937,5,0.8333,4.20
3660b,26047,4,0.6667,26.36
3660b,32828,4,0.6667,24.38
3660b,24866,4,0.6667,23.79
3660b,35480,4,0.6667,19.90
3660b,33909,4,0.6667,19.12
3660b,32952,4,0.6667,17.73
3660b,18674,4,0.6667,14.56
3660b,85861,4,0.6667,11.21
4185b,3705,9,1.0000,5.36
4185b,3713,8,0.8889,4.61
4185b,32123b,7,0.7778,8.75
4185b,3707,7,0.7778,7.25
4185b,98138,7,0.7778,6.05
4185b,43093,7,0.7778,5.61
4185b,3706,7,0.7778,4.90
4185b,4519,7,0.7778,4.41
4185b,32062,7,0.7778,4.29
4185b,3895,6,0.6667,10.96
4185b,6628,6,0.6667,9.56
4185b,6143,6,0.6667,8.79
6585,6589,10,1.0000,12.72
6585,6636,8,0.8000,4.35
6585,59443,7,0.7000,5.63
6585,43093,7,0.7000,5.04
6585,6541,6,0.6000,5.70
6585,3701,6,0.6000,4.93
6585,98138,6,0.6000,4.67
6585,48336,6,0.6000,4.37
6585,44728,6,0.6000,4.01
6585,52107,5,0.5000,13.80
6585,99781,5,0.5000,8.51
6585,3895,5,0.5000,8.22
24122,59443,6,1.0000,8.04
24122,98138,6,1.0000,7.78
24122,43093,6,1.0000,7.21
24122,32062,6,1.0000,5.52
24122,24866,5,0.8333,29.74
24122,15535,5,0.8333,19.66
24122,18651,5,0.8333,13.85
24122,11214,5,0.8333,12.07
24122,32123b,5,0.8333,9.38
24122,30374,5,0.8333,6.97
24122,4519,5,0.8333,4.73
24122,3705,5,0.8333,4.47
11272,62462,4,1.0000,8.92
11272,32013,4,1.0000,8.56
11272,43093,4,1.0000,7.21
11272,3706,4,1.0000,6.31
11272,4519,4,1.0000,5.67
11272,32062,4,1.0000,5.52
11272,3705,4,1.0000,5.36
11272,3713,4,1.0000,5.19
11272,4274,4,1.0000,4.50
11609,18674,6,0.8571,18.72
11609,85861,5,0.7143,12.01
11609,2357,5,0.7143,4.41
11609,32828,4,0.5714,20.90
11609,26601,4,0.5714,17.06
11609,3830,4,0.5714,12.48
11609,3831,4,0.5714,12.48
11609,6111,4,0.5714,8.28
11609,99780,4,0.5714,6.53
11609,87580,4,0.5714,6.33
11609,59900,4,0.5714,5.93
11609,15573,4,0.5714,4.83
98138p07,15573,7,1.0000,8.46
98138p07,4081b,6,0.8571,5.02
98138p07,6541,5,0.7143,6.79
98138p07,11477,5,0.7143,5.90
98138p07,26604,4,0.5714,22.59
98138p07,15068,4,0.5714,5.54
98138p07,87087,4,0.5714,4.83
98138p0b,11477,4,1.0000,8.27
35442,92947,4,1.0000,56.27
35442,32828,4,1.0000,36.58
35442,15535,4,1.0000,23.60
35442,18674,4,1.0000,21.84
35442,85861,4,1.0000,16.82
35442,59900,4,1.0000,10.38
35442,98138,4,1.0000,7.78
35442,6636,4,1.0000,5.44
27448,32828,4,1.0000,36.58
27448,34103,4,1.0000,34.02
27448,20482,4,1.0000,29.86
27448,33909,4,1.0000,28.69
27448,85861,4,1.0000,16.82
27448,25269,4,1.0000,15.90
27448,92593,4,1.0000,11.00
27448,59900,4,1.0000,10.38
27448,6541,4,1.0000,9.50
27448,15573,4,1.0000,8.46
27448,63864,4,1.0000,8.22
27448,59443,4,1.0000,8.04
3066,3298,12,0.5714,4.24
3066,3959,7,0.3333,7.07
3066,6111,7,0.3333,4.83
3066,2429,7,0.3333,4.32
3066,2430,7,0.3333,4.32
3066,3039p34,5,0.2381,7.92
3066,52107,5,0.2381,6.57
3066,30383,5,0.2381,5.62
3066,3065,5,0.2381,5.36
3066,122c01,5,0.2381,4.84
3066,4085b,5,0.2381,4.52
3066,4349,5,0.2381,4.41
6111,2465,43,0.4257,6.29
6111,2456,39,0.3861,4.18
6111,6134,33,0.3267,4.16
6111,60479,31,0.3069,4.88
6111,6112,29,0.2871,6.09
6111,3297,28,0.2772,4.06
6111,3007,27,0.2673,4.30
6111,2921,26,0.2574,5.09
6111,6179,25,0.2475,4.70
6111,4510,24,0.2376,5.43
6111,30553,23,0.2277,5.29
6111,30136,23,0.2277,4.27
32209,32062,32,0.7273,4.02
32209,32523,30,0.6818,6.05
32209,32054,29,0.6591,5.45
32209,32123a,26,0.5909,6.92
32209,32073,26,0.5909,5.03
32209,32184,25,0.5682,5.90
32209,32013,25,0.5682,4.86
32209,32524,24,0.5455,5.62
32209,59443,24,0.5455,4.38
32209,32526,23,0.5227,5.35
32209,32316,23,0.5227,5.03
32209,6536,23,0.5227,4.55
4460a,4495a,13,0.1806,8.25
4460a,2339,11,0.1528,6.39
4460a,2362b,11,0.1528,5.88
4460a,2449,11,0.1528,5.45
4460a,32530,11,0.1528,4.30
11455,87082,6,1.0000,17.84
11455,32525,6,1.0000,13.30
11455,40490,6,1.0000,11.00
11455,32524,6,1.0000,10.30
11455,32526,6,1.0000,10.23
11455,32140,6,1.0000,9.82
11455,6632,6,1.0000,9.82
11455,32316,6,1.0000,9.62
11455,32523,6,1.0000,8.87
11455,32013,6,1.0000,8.56
11455,32073,6,1.0000,8.51
11455,32054,6,1.0000,8.27
32009,32062,90,0.9375,5.18
32009,3713,90,0.9375,4.86
32009,4519,88,0.9167,5.20
32009,2780,88,0.9167,4.04
32009,4274,86,0.8958,4.03
32009,32054,84,0.8750,7.23
32009,3705,84,0.8750,4.69
32009,32073,82,0.8542,7.27
32009,6558,82,0.8542,6.13
32009,6536,81,0.8438,7.35
32009,32140,78,0.8125,7.98
32009,32316,78,0.8125,7.82
32014,32062,66,0.9565,5.28
32014,4519,60,0.8696,4.93
32014,3705,59,0.8551,4.58
32014,3713,58,0.8406,4.36
32014,32013,56,0.8116,6.94
32014,32073,53,0.7681,6.53
32014,6558,53,0.7681,5.51
32014,32316,51,0.7391,7.11
32014,6536,51,0.7391,6.44
32014,43093,51,0.7391,5.33
32014,44294,50,0.7246,7.47
32014,3706,50,0.7246,4.57
32056,4519,82,1.0000,5.67
32056,32062,82,1.0000,5.52
32056,3705,76,0.9268,4.97
32056,3713,76,0.9268,4.81
32056,32073,74,0.9024,7.68
32056,4274,74,0.9024,4.06
32056,6536,73,0.8902,7.75
32056,32013,69,0.8415,7.20
32056,6558,69,0.8415,6.03
32056,32140,68,0.8293,8.14
32056,32523,67,0.8171,7.24
32056,3749,67,0.8171,4.60
32123a,32062,92,0.7360,4.06
32123a,6558,81,0.6480,4.65
32123a,32054,75,0.6000,4.96
32123a,32073,71,0.5680,4.83
32123a,32013,69,0.5520,4.72
32123a,32523,68,0.5440,4.82
32123a,32140,67,0.5360,5.26
32123a,6632,67,0.5360,5.26
32123a,6536,65,0.5200,4.53
32123a,32316,64,0.5120,4.93
32123a,32184,63,0.5040,5.23
32123a,32039,59,0.4720,5.27
32250,4519,47,1.0000,5.67
32250,32062,45,0.9574,5.29
32250,3705,43,0.9149,4.90
32250,32140,42,0.8936,8.77
32250,4274,42,0.8936,4.02
32250,32073,41,0.8723,7.42
32250,3713,41,0.8723,4.53
32250,32523,39,0.8298,7.36
32250,6536,39,0.8298,7.23
32250,32013,39,0.8298,7.10
32250,32054,39,0.8298,6.86
32250,42003,38,0.8085,9.62
32269,4519,49,0.9800,5.56
32269,32184,48,0.9600,9.96
32269,32062,48,0.9600,5.30
32269,3705,48,0.9600,5.14
32269,3713,48,0.9600,4.98
32269,32054,47,0.9400,7.77
32269,3706,47,0.9400,5.93
32269,4274,47,0.9400,4.23
32269,32523,46,0.9200,8.16
32269,6558,46,0.9200,6.60
32269,2780,46,0.9200,4.05
32269,32034,45,0.9000,9.41
32291,32062,91,0.9579,5.29
32291,3713,88,0.9263,4.81
32291,4519,87,0.9158,5.19
32291,4274,86,0.9053,4.08
32291,3705,84,0.8842,4.74
32291,32054,82,0.8632,7.13
32291,32140,81,0.8526,8.37
32291,6536,81,0.8526,7.42
32291,32073,80,0.8421,7.16
32291,32523,79,0.8316,7.37
32291,6558,79,0.8316,5.96
32291,32316,78,0.8211,7.90
32494,6589,22,1.0000,12.72
32494,32270,22,1.0000,11.08
32494,40490,22,1.0000,11.00
32494,32184,22,1.0000,10.38
32494,32524,22,1.0000,10.30
32494,32523,22,1.0000,8.87
32494,32073,22,1.0000,8.51
32494,32054,22,1.0000,8.27
32494,4519,22,1.0000,5.67
32494,32062,22,1.0000,5.52
32494,3705,22,1.0000,5.36
32494,32034,21,0.9545,9.97
32525,32062,107,0.9727,5.37
32525,4519,105,0.9545,5.41
32525,3713,105,0.9545,4.95
32525,2780,101,0.9182,4.05
32525,32524,100,0.9091,9.37
32525,32054,100,0.9091,7.51
32525,43093,99,0.9000,6.49
32525,32140,98,0.8909,8.75
32525,32526,97,0.8818,9.02
32525,32523,97,0.8818,7.82
32525,32073,97,0.8818,7.50
32525,3705,97,0.8818,4.73
41239,4519,93,0.9789,5.55
41239,32062,93,0.9789,5.40
41239,43093,88,0.9263,6.68
41239,32140,87,0.9158,8.99
41239,32316,87,0.9158,8.81
41239,32073,87,0.9158,7.79
41239,3713,87,0.9158,4.75
41239,2780,87,0.9158,4.04
41239,32054,86,0.9053,7.48
41239,32523,85,0.8947,7.93
41239,4274,85,0.8947,4.03
41239,42003,84,0.8842,10.52
41678,32062,78,1.0000,5.52
41678,4519,75,0.9615,5.45
41678,2780,75,0.9615,4.24
41678,43093,74,0.9487,6.84
41678,42003,72,0.9231,10.98
41678,6536,72,0.9231,8.04
41678,32054,72,0.9231,7.63
41678,32316,71,0.9103,8.76
41678,6558,71,0.9103,6.53
41678,3713,70,0.8974,4.66
41678,32526,69,0.8846,9.05
41678,32140,69,0.8846,8.69
44809,32316,28,1.0000,9.62
44809,4519,28,1.0000,5.67
44809,32062,28,1.0000,5.52
44809,3705,28,1.0000,5.36
44809,4274,28,1.0000,4.50
44809,32523,27,0.9643,8.55
44809,32054,27,0.9643,7.97
44809,3713,27,0.9643,5.00
44809,32525,26,0.9286,12.35
44809,32524,26,0.9286,9.57
44809,32526,26,0.9286,9.50
44809,32073,26,0.9286,7.90
48989,4519,83,0.9765,5.54
48989,32062,81,0.9529,5.26
48989,32523,79,0.9294,8.24
48989,3713,79,0.9294,4.82
48989,2780,79,0.9294,4.10
48989,32524,78,0.9176,9.45
48989,32526,78,0.9176,9.39
48989,6558,78,0.9176,6.58
48989,32140,77,0.9059,8.89
48989,32316,77,0.9059,8.72
48989,32073,77,0.9059,7.71
48989,32054,77,0.9059,7.49
55615,32525,20,1.0000,13.30
55615,42003,20,1.0000,11.89
55615,40490,20,1.0000,11.00
55615,32184,20,1.0000,10.38
55615,32524,20,1.0000,10.30
55615,32526,20,1.0000,10.23
55615,32140,20,1.0000,9.82
55615,32316,20,1.0000,9.62
55615,32523,20,1.0000,8.87
55615,32013,20,1.0000,8.56
55615,32073,20,1.0000,8.51
55615,32054,20,1.0000,8.27
57518,43093,12,1.0000,7.21
57518,32062,12,1.0000,5.52
57518,32039,11,0.9167,10.24
57518,32523,11,0.9167,8.13
57518,32054,11,0.9167,7.58
57518,3713,10,0.8333,4.32
57518,42003,9,0.7500,8.92
57518,40490,9,0.7500,8.25
57518,32526,9,0.7500,7.67
57518,32316,9,0.7500,7.22
57518,6536,9,0.7500,6.53
57518,6558,9,0.7500,5.38
61904,6589,17,1.0000,12.72
61904,32270,17,1.0000,11.08
61904,32524,17,1.0000,10.30
61904,44294,17,1.0000,10.30
61904,32526,17,1.0000,10.23
61904,32523,17,1.0000,8.87
61904,32013,17,1.0000,8.56
61904,32073,17,1.0000,8.51
61904,59443,17,1.0000,8.04
61904,3706,17,1.0000,6.31
61904,4519,17,1.0000,5.67
61904,3713,17,1.0000,5.19
62271c01,62274c01,10,1.0000,133.00
62271c01,61904,10,1.0000,86.06
62271c01,48989,10,1.0000,17.21
62271c01,41239,10,1.0000,15.40
62271c01,32278,10,1.0000,14.07
62271c01,32525,10,1.0000,13.30
62271c01,6589,10,1.0000,12.72
62271c01,42003,10,1.0000,11.89
62271c01,32270,10,1.0000,11.08
62271c01,40490,10,1.0000,11.00
62271c01,32034,10,1.0000,10.45
62271c01,32184,10,1.0000,10.38
62274c01,61904,11,1.0000,86.06
62274c01,41239,11,1.0000,15.40
62274c01,32278,11,1.0000,14.07
62274c01,32525,11,1.0000,13.30
62274c01,6589,11,1.0000,12.72
62274c01,42003,11,1.0000,11.89
62274c01,32270,11,1.0000,11.08
62274c01,40490,11,1.0000,11.00
62274c01,32034,11,1.0000,10.45
62274c01,32184,11,1.0000,10.38
62274c01,32524,11,1.0000,10.30
62274c01,44294,11,1.0000,10.30
62531,32316,32,1.0000,9.62
62531,32525,31,0.9688,12.88
62531,32184,31,0.9688,10.05
62531,32524,31,0.9688,9.98
62531,32526,31,0.9688,9.91
62531,32523,31,0.9688,8.59
62531,4519,31,0.9688,5.49
62531,32062,31,0.9688,5.35
62531,3713,31,0.9688,5.03
62531,4274,31,0.9688,4.36
62531,42003,30,0.9375,11.15
62531,87083,30,0.9375,10.72
64178,40490,40,1.0000,11.00
64178,32184,40,1.0000,10.38
64178,44294,40,1.0000,10.30
64178,32140,40,1.0000,9.82
64178,32523,40,1.0000,8.87
64178,4519,40,1.0000,5.67
64178,32062,40,1.0000,5.52
64178,3713,40,1.0000,5.19
64178,42003,39,0.9750,11.60
64178,32034,39,0.9750,10.19
64178,32524,39,0.9750,10.05
64178,32316,39,0.9750,9.38
64179,32013,44,1.0000,8.56
64179,4519,44,1.0000,5.67
64179,40490,43,0.9773,10.75
64179,32184,43,0.9773,10.14
64179,44294,43,0.9773,10.07
64179,32526,43,0.9773,10.00
64179,32140,43,0.9773,9.60
64179,32523,43,0.9773,8.67
64179,32062,43,0.9773,5.40
64179,3713,43,0.9773,5.07
64179,32524,42,0.9545,9.83
64179,32316,42,0.9545,9.19
64683,32054,56,1.0000,8.27
64683,4519,56,1.0000,5.67
64683,32062,56,1.0000,5.52
64683,64391,55,0.9821,26.12
64683,32140,54,0.9643,9.47
64683,32073,53,0.9464,8.05
64683,3713,53,0.9464,4.91
64683,32013,52,0.9286,7.94
64683,32526,51,0.9107,9.32
64683,32316,51,0.9107,8.77
64683,32523,51,0.9107,8.08
64683,6536,51,0.9107,7.93
6542b,94925,11,1.0000,22.86
6542b,32009,11,1.0000,15.24
6542b,32034,11,1.0000,10.45
6542b,32184,11,1.0000,10.38
6542b,32524,11,1.0000,10.30
6542b,44294,11,1.0000,10.30
6542b,32526,11,1.0000,10.23
6542b,62462,11,1.0000,8.92
6542b,32523,11,1.0000,8.87
6542b,32013,11,1.0000,8.56
6542b,32073,11,1.0000,8.51
6542b,32054,11,1.0000,8.27
6641,32034,31,1.0000,10.45
6641,32054,31,1.0000,8.27
6641,4519,31,1.0000,5.67
6641,32062,31,1.0000,5.52
6641,3705,31,1.0000,5.36
6641,3713,31,1.0000,5.19
6641,4274,31,1.0000,4.50
6641,32184,30,0.9677,10.04
6641,6536,30,0.9677,8.43
6641,32013,30,0.9677,8.28
6641,32073,30,0.9677,8.23
6641,3706,30,0.9677,6.10
87407,59443,17,1.0000,8.04
87407,32062,17,1.0000,5.52
87407,3713,17,1.0000,5.19
87407,43093,16,0.9412,6.78
87407,4274,16,0.9412,4.24
87407,6589,15,0.8824,11.23
87407,87083,15,0.8824,10.09
87407,32184,15,0.8824,9.16
87407,44294,15,0.8824,9.09
87407,6632,15,0.8824,8.66
87407,32316,15,0.8824,8.49
87407,62462,15,0.8824,7.87
92693c01,92695,20,1.0000,73.15
92693c01,92696,20,1.0000,73.15
92693c01,32278,20,1.0000,14.07
92693c01,6589,20,1.0000,12.72
92693c01,32270,20,1.0000,11.08
92693c01,40490,20,1.0000,11.00
92693c01,32184,20,1.0000,10.38
92693c01,44294,20,1.0000,10.30
92693c01,32526,20,1.0000,10.23
92693c01,32316,20,1.0000,9.62
92693c01,62462,20,1.0000,8.92
92693c01,32523,20,1.0000,8.87
92695,92693c01,20,1.0000,73.15
92695,92696,20,1.0000,73.15
92695,32278,20,1.0000,14.07
92695,6589,20,1.0000,12.72
92695,32270,20,1.0000,11.08
92695,40490,20,1.0000,11.00
92695,32184,20,1.0000,10.38
92695,44294,20,1.0000,10.30
92695,32526,20,1.0000,10.23
92695,32316,20,1.0000,9.62
92695,62462,20,1.0000,8.92
92695,32523,20,1.0000,8.87
92696,92693c01,20,1.0000,73.15
92696,92695,20,1.0000,73.15
92696,32278,20,1.0000,14.07
92696,6589,20,1.0000,12.72
92696,32270,20,1.0000,11.08
92696,40490,20,1.0000,11.00
92696,32184,20,1.0000,10.38
92696,44294,20,1.0000,10.30
92696,32526,20,1.0000,10.23
92696,32316,20,1.0000,9.62
92696,62462,20,1.0000,8.92
92696,32523,20,1.0000,8.87
92906,32494,19,1.0000,66.50
92906,6589,19,1.0000,12.72
92906,32270,19,1.0000,11.08
92906,40490,19,1.0000,11.00
92906,32184,19,1.0000,10.38
92906,32524,19,1.0000,10.30
92906,62462,19,1.0000,8.92
92906,32523,19,1.0000,8.87
92906,32073,19,1.0000,8.51
92906,32054,19,1.0000,8.27
92906,59443,19,1.0000,8.04
92906,4519,19,1.0000,5.67
92907,32062,59,0.9672,5.34
92907,3713,56,0.9180,4.76
92907,4274,56,0.9180,4.13
92907,4519,55,0.9016,5.11
92907,87083,53,0.8689,9.93
92907,3705,52,0.8525,4.57
92907,32526,51,0.8361,8.55
92907,32073,51,0.8361,7.11
92907,59443,51,0.8361,6.72
92907,32316,50,0.8197,7.89
92907,32523,50,0.8197,7.27
92907,32524,49,0.8033,8.28
99008,4274,48,1.0000,4.50
99008,43093,47,0.9792,7.06
99008,4519,47,0.9792,5.55
99008,59443,46,0.9583,7.70
99008,3713,46,0.9583,4.97
99008,2780,46,0.9583,4.22
99008,44294,45,0.9375,9.66
99008,32523,45,0.9375,8.31
99008,32062,45,0.9375,5.18
99008,42003,44,0.9167,10.90
99008,87083,44,0.9167,10.48
99008,32526,44,0.9167,9.38
99773,4519,48,1.0000,5.67
99773,32062,46,0.9583,5.29
99773,3713,46,0.9583,4.97
99773,4274,46,0.9583,4.31
99773,87083,45,0.9375,10.72
99773,32526,45,0.9375,9.59
99773,32316,45,0.9375,9.02
99773,32523,45,0.9375,8.31
99773,59443,45,0.9375,7.54
99773,43093,45,0.9375,6.76
99773,2780,45,0.9375,4.13
99773,32270,44,0.9167,10.16
6590,32523,6,1.0000,8.87
6590,6558,6,1.0000,7.17
6590,32062,6,1.0000,5.52
6590,2780,6,1.0000,4.41
6590,32123a,5,0.8333,9.75
6590,32184,5,0.8333,8.65
6590,32524,5,0.8333,8.59
6590,32013,5,0.8333,7.13
6590,32054,5,0.8333,6.89
6590,43093,5,0.8333,6.01
6590,3705,5,0.8333,4.47
6590,32348,4,0.6667,13.55
48168,48452,7,1.0000,209.00
48168,32269,7,1.0000,29.26
48168,32056,7,1.0000,17.84
48168,32525,7,1.0000,13.30
48168,40490,7,1.0000,11.00
48168,32034,7,1.0000,10.45
48168,32184,7,1.0000,10.38
48168,32524,7,1.0000,10.30
48168,44294,7,1.0000,10.30
48168,32140,7,1.0000,9.82
48168,6632,7,1.0000,9.82
48168,32316,7,1.0000,9.62
48452,48168,7,1.0000,209.00
48452,32269,7,1.0000,29.26
48452,32056,7,1.0000,17.84
48452,32525,7,1.0000,13.30
48452,40490,7,1.0000,11.00
48452,32034,7,1.0000,10.45
48452,32184,7,1.0000,10.38
48452,32524,7,1.0000,10.30
48452,44294,7,1.0000,10.30
48452,32140,7,1.0000,9.82
48452,6632,7,1.0000,9.82
48452,32316,7,1.0000,9.62
6538b,3713,35,0.9211,4.78
6538b,32062,34,0.8947,4.94
6538b,6558,33,0.8684,6.23
6538b,4519,33,0.8684,4.92
6538b,3705,32,0.8421,4.51
6538b,3707,29,0.7632,7.11
6538b,3706,29,0.7632,4.81
6538b,6632,28,0.7368,7.23
6538b,6536,27,0.7105,6.19
6538b,32073,27,0.7105,6.04
6538b,3737,26,0.6842,7.94
6538b,32034,26,0.6842,7.15
6539,3706,13,1.0000,6.31
6539,4519,13,1.0000,5.67
6539,3705,13,1.0000,5.36
6539,3713,13,1.0000,5.19
6539,4274,13,1.0000,4.50
6539,32269,12,0.9231,27.01
6539,6589,12,0.9231,11.74
6539,32039,12,0.9231,10.31
6539,32270,12,0.9231,10.23
6539,32034,12,0.9231,9.65
6539,32184,12,0.9231,9.58
6539,6632,12,0.9231,9.06
11946,11947,63,1.0000,22.86
11946,4519,63,1.0000,5.67
11946,43093,62,0.9841,7.09
11946,32140,61,0.9683,9.51
11946,32062,61,0.9683,5.35
11946,32526,60,0.9524,9.74
11946,32316,60,0.9524,9.17
11946,3713,60,0.9524,4.94
11946,2780,60,0.9524,4.20
11946,11214,59,0.9365,13.57
11946,32073,59,0.9365,7.97
11946,42003,57,0.9048,10.76
11947,4519,64,1.0000,5.67
11947,11946,63,0.9844,22.86
11947,43093,63,0.9844,7.09
11947,32140,62,0.9688,9.51
11947,32062,62,0.9688,5.35
11947,32526,61,0.9531,9.75
11947,32316,61,0.9531,9.17
11947,3713,61,0.9531,4.94
11947,2780,61,0.9531,4.20
11947,11214,60,0.9375,13.58
11947,32073,60,0.9375,7.97
11947,6536,58,0.9062,7.89
11950,6589,11,1.0000,12.72
11950,32270,11,1.0000,11.08
11950,40490,11,1.0000,11.00
11950,32184,11,1.0000,10.38
11950,32524,11,1.0000,10.30
11950,62462,11,1.0000,8.92
11950,32523,11,1.0000,8.87
11950,6536,11,1.0000,8.71
11950,32073,11,1.0000,8.51
11950,32054,11,1.0000,8.27
11950,59443,11,1.0000,8.04
11950,43093,11,1.0000,7.21
11954,60484,22,1.0000,16.62
11954,32140,22,1.0000,9.82
11954,32316,22,1.0000,9.62
11954,4519,22,1.0000,5.67
11954,32062,22,1.0000,5.52
11954,63869,21,0.9545,15.52
11954,41239,21,0.9545,14.70
11954,11214,21,0.9545,13.83
11954,32278,21,0.9545,13.43
11954,42003,21,0.9545,11.35
11954,87083,21,0.9545,10.91
11954,32184,21,0.9545,9.90
14720,32526,43,1.0000,10.23
14720,32140,43,1.0000,9.82
14720,32073,43,1.0000,8.51
14720,4519,43,1.0000,5.67
14720,11214,42,0.9767,14.15
14720,32523,42,0.9767,8.66
14720,43093,42,0.9767,7.04
14720,3713,42,0.9767,5.07
14720,2780,42,0.9767,4.30
14720,32184,41,0.9535,9.89
14720,32524,41,0.9535,9.82
14720,44294,41,0.9535,9.82
15458,63869,44,1.0000,16.26
15458,11214,44,1.0000,14.49
15458,32524,44,1.0000,10.30
15458,32316,44,1.0000,9.62
15458,32523,44,1.0000,8.87
15458,43093,44,1.0000,7.21
15458,4519,44,1.0000,5.67
15458,3713,44,1.0000,5.19
15458,42003,43,0.9773,11.62
15458,87083,43,0.9773,11.17
15458,44294,43,0.9773,10.07
15458,32526,43,0.9773,10.00
2819,3713,61,0.8971,4.65
2819,32062,58,0.8529,4.71
2819,4519,57,0.8382,4.75
2819,3705,53,0.7794,4.18
2819,32523,52,0.7647,6.78
2819,6558,52,0.7647,5.48
2819,32054,51,0.7500,6.20
2819,43093,49,0.7206,5.19
2819,32526,47,0.6912,7.07
2819,3706,47,0.6912,4.36
2819,6536,46,0.6765,5.89
2819,32013,46,0.6765,5.79
2851,2852,54,0.9818,25.20
2851,4519,54,0.9818,5.57
2851,3713,54,0.9818,5.09
2851,3705,53,0.9636,5.16
2851,2780,50,0.9091,4.01
2851,4274,49,0.8909,4.01
2851,6536,46,0.8364,7.28
2851,3749,46,0.8364,4.71
2851,32062,46,0.8364,4.62
2851,32073,45,0.8182,6.96
2851,32054,44,0.8000,6.61
2851,3706,44,0.8000,5.04
2854,3713,43,1.0000,5.19
2854,2851,42,0.9767,25.98
2854,4519,42,0.9767,5.54
2854,2852,41,0.9535,24.47
2854,3705,41,0.9535,5.11
2854,4274,41,0.9535,4.29
2854,6536,38,0.8837,7.70
2854,32062,38,0.8837,4.88
2854,32073,37,0.8605,7.32
2854,32013,36,0.8372,7.16
2854,32054,36,0.8372,6.92
2854,3706,36,0.8372,5.28
56908,32062,13,1.0000,5.52
56908,6536,12,0.9231,8.04
56908,43093,12,0.9231,6.65
56908,4519,12,0.9231,5.23
56908,2780,12,0.9231,4.07
56908,6589,11,0.8462,10.76
56908,40490,11,0.8462,9.31
56908,32184,11,0.8462,8.78
56908,32524,11,0.8462,8.72
56908,32523,11,0.8462,7.50
56908,32013,11,0.8462,7.24
56908,32073,11,0.8462,7.20
57515,6628,13,1.0000,14.34
57515,32073,13,1.0000,8.51
57515,32054,13,1.0000,8.27
57515,43093,13,1.0000,7.21
57515,32062,13,1.0000,5.52
57515,2780,13,1.0000,4.41
57515,63869,12,0.9231,15.01
57515,11214,12,0.9231,13.37
57515,32270,12,0.9231,10.23
57515,32184,12,0.9231,9.58
57515,32524,12,0.9231,9.51
57515,44294,12,0.9231,9.51
62821,32525,31,1.0000,13.30
62821,6589,31,1.0000,12.72
62821,40490,31,1.0000,11.00
62821,32184,31,1.0000,10.38
62821,32524,31,1.0000,10.30
62821,44294,31,1.0000,10.30
62821,32526,31,1.0000,10.23
62821,32140,31,1.0000,9.82
62821,32523,31,1.0000,8.87
62821,6536,31,1.0000,8.71
62821,32013,31,1.0000,8.56
62821,32073,31,1.0000,8.51
63869,32062,89,0.9889,5.46
63869,4519,88,0.9778,5.54
63869,32523,84,0.9333,8.28
63869,3713,84,0.9333,4.84
63869,32140,83,0.9222,9.06
63869,32073,83,0.9222,7.84
63869,43093,83,0.9222,6.65
63869,59443,81,0.9000,7.23
63869,32526,80,0.8889,9.09
63869,32316,80,0.8889,8.56
63869,6536,80,0.8889,7.74
63869,32054,80,0.8889,7.35
64391,64683,55,1.0000,26.12
64391,32054,55,1.0000,8.27
64391,4519,55,1.0000,5.67
64391,32062,55,1.0000,5.52
64391,32140,53,0.9636,9.46
64391,32073,52,0.9455,8.04
64391,3713,52,0.9455,4.90
64391,6536,51,0.9273,8.07
64391,32013,51,0.9273,7.93
64391,32526,50,0.9091,9.30
64391,32316,50,0.9091,8.75
64391,32523,50,0.9091,8.06
64392,64682,25,1.0000,58.52
64392,4519,24,0.9600,5.44
64392,32062,24,0.9600,5.30
64392,4274,24,0.9600,4.32
64392,32073,23,0.9200,7.83
64392,32054,23,0.9200,7.60
64392,3705,23,0.9200,4.93
64392,40490,22,0.8800,9.68
64392,62462,22,0.8800,7.85
64392,6536,22,0.8800,7.66
64392,32278,21,0.8400,11.82
64392,32525,21,0.8400,11.17
64394,64680,18,1.0000,77.00
64394,41239,18,1.0000,15.40
64394,42003,18,1.0000,11.89
64394,32184,18,1.0000,10.38
64394,32524,18,1.0000,10.30
64394,44294,18,1.0000,10.30
64394,32526,18,1.0000,10.23
64394,32140,18,1.0000,9.82
64394,32316,18,1.0000,9.62
64394,32523,18,1.0000,8.87
64394,6536,18,1.0000,8.71
64394,32013,18,1.0000,8.56
64680,41239,19,1.0000,15.40
64680,42003,19,1.0000,11.89
64680,32184,19,1.0000,10.38
64680,32524,19,1.0000,10.30
64680,44294,19,1.0000,10.30
64680,32526,19,1.0000,10.23
64680,32140,19,1.0000,9.82
64680,32316,19,1.0000,9.62
64680,32523,19,1.0000,8.87
64680,6536,19,1.0000,8.71
64680,32013,19,1.0000,8.56
64680,32073,19,1.0000,8.51
64682,64392,25,1.0000,58.52
64682,4519,24,0.9600,5.44
64682,32062,24,0.9600,5.30
64682,4274,24,0.9600,4.32
64682,32073,23,0.9200,7.83
64682,32054,23,0.9200,7.60
64682,3705,23,0.9200,4.93
64682,40490,22,0.8800,9.68
64682,62462,22,0.8800,7.85
64682,6536,22,0.8800,7.66
64682,32278,21,0.8400,11.82
64682,32525,21,0.8400,11.17
64782,32524,48,1.0000,10.30
64782,32526,48,1.0000,10.23
64782,32316,48,1.0000,9.62
64782,4519,48,1.0000,5.67
64782,4274,48,1.0000,4.50
64782,32525,47,0.9792,13.02
64782,42003,47,0.9792,11.65
64782,32184,47,0.9792,10.16
64782,44294,47,0.9792,10.09
64782,32523,47,0.9792,8.68
64782,32073,47,0.9792,8.33
64782,59443,47,0.9792,7.87
6629,3705,66,0.9296,4.98
6629,3713,66,0.9296,4.82
6629,32062,65,0.9155,5.05
6629,4519,64,0.9014,5.11
6629,32073,62,0.8732,7.43
6629,32140,61,0.8592,8.44
6629,6536,61,0.8592,7.48
6629,6558,61,0.8592,6.16
6629,32184,58,0.8169,8.48
6629,32523,58,0.8169,7.24
6629,32054,58,0.8169,6.75
6629,32013,57,0.8028,6.87
87761,44294,33,1.0000,10.30
87761,4519,33,1.0000,5.67
87761,32062,33,1.0000,5.52
87761,3713,33,1.0000,5.19
87761,42003,32,0.9697,11.53
87761,32270,32,0.9697,10.75
87761,32184,32,0.9697,10.06
87761,32524,32,0.9697,9.99
87761,32526,32,0.9697,9.92
87761,32523,32,0.9697,8.60
87761,6536,32,0.9697,8.44
87761,32013,32,0.9697,8.30
92909,32073,19,1.0000,8.51
92909,4519,19,1.0000,5.67
92909,32062,19,1.0000,5.52
92909,6589,18,0.9474,12.05
92909,32270,18,0.9474,10.50
92909,40490,18,0.9474,10.42
92909,32184,18,0.9474,9.83
92909,32524,18,0.9474,9.76
92909,44294,18,0.9474,9.76
92909,32526,18,0.9474,9.69
92909,62462,18,0.9474,8.45
92909,32523,18,0.9474,8.40
32187,32000,13,0.9286,9.77
32187,4274,13,0.9286,4.18
32187,2780,13,0.9286,4.09
32187,32054,12,0.8571,7.08
32187,3749,12,0.8571,4.82
32187,6589,11,0.7857,10.00
32187,6558,11,0.7857,5.63
32187,32062,11,0.7857,4.34
32187,6587,10,0.7143,9.17
32187,62462,10,0.7143,6.37
32187,4519,10,0.7143,4.05
32187,32123a,9,0.6429,7.52
4716,3705,55,0.9649,5.17
4716,3713,55,0.9649,5.01
4716,4519,52,0.9123,5.17
4716,3706,51,0.8947,5.64
4716,4274,51,0.8947,4.03
4716,3749,46,0.8070,4.54
4716,32062,44,0.7719,4.26
4716,32184,43,0.7544,7.83
4716,6536,43,0.7544,6.57
4716,32073,43,0.7544,6.42
4716,6558,43,0.7544,5.41
4716,32140,42,0.7368,7.23
11949,11950,4,1.0000,133.00
11949,6542b,4,1.0000,133.00
11949,92906,4,1.0000,77.00
11949,92909,4,1.0000,77.00
11949,32494,4,1.0000,66.50
11949,62821,4,1.0000,47.19
11949,87761,4,1.0000,44.33
11949,64178,4,1.0000,36.58
11949,2854,4,1.0000,34.02
11949,64179,4,1.0000,33.25
11949,87408,4,1.0000,32.51
11949,32269,4,1.0000,29.26
2850a,2851,24,1.0000,26.60
2850a,2852,24,1.0000,25.67
2850a,3749,24,1.0000,5.63
2850a,3705,24,1.0000,5.36
2850a,3713,24,1.0000,5.19
2850a,4519,23,0.9583,5.43
2850a,3706,20,0.8333,5.26
2850a,3673,20,0.8333,4.96
2850a,3647,18,0.7500,13.38
2850a,3737,18,0.7500,8.71
2850a,3707,18,0.7500,6.99
2850a,2854,16,0.6667,22.68
32068,3749,15,0.9375,5.28
32068,3713,15,0.9375,4.86
32068,6558,14,0.8750,6.28
32068,32062,14,0.8750,4.83
32068,3705,14,0.8750,4.69
32068,4519,13,0.8125,4.61
32068,32013,12,0.7500,6.42
32068,32054,12,0.7500,6.20
32068,3706,12,0.7500,4.73
32068,32039,11,0.6875,7.68
32068,32270,11,0.6875,7.62
32068,6536,11,0.6875,5.99
45982,32269,4,1.0000,29.26
45982,32015,4,1.0000,20.90
45982,6629,4,1.0000,20.61
45982,32009,4,1.0000,15.24
45982,32525,4,1.0000,13.30
45982,6589,4,1.0000,12.72
45982,32039,4,1.0000,11.17
45982,40490,4,1.0000,11.00
45982,32034,4,1.0000,10.45
45982,32184,4,1.0000,10.38
45982,32524,4,1.0000,10.30
45982,44294,4,1.0000,10.30
89201,43093,5,1.0000,7.21
89201,55013,4,0.8000,13.77
89201,42003,4,0.8000,9.52
89201,32270,4,0.8000,8.87
89201,40490,4,0.8000,8.80
89201,62462,4,0.8000,7.14
89201,32013,4,0.8000,6.84
89201,11477,4,0.8000,6.61
89201,6558,4,0.8000,5.74
89201,4519,4,0.8000,4.54
89201,32062,4,0.8000,4.42
89201,3705,4,0.8000,4.29
55981,32270,15,0.3846,4.26
55981,18651,11,0.2821,4.69
55981,6553,11,0.2821,4.69
55981,41239,11,0.2821,4.34
55981,11214,11,0.2821,4.09
55981,55013,10,0.2564,4.41
55981,30395,9,0.2308,9.65
55981,58176,9,0.2308,7.18
55981,3747b,9,0.2308,5.45
55981,60470a,9,0.2308,5.36
55981,32056,9,0.2308,4.12
55981,59426,9,0.2308,4.02
30057,62462,4,0.5000,4.46
30648,50950,8,0.6667,5.45
30648,48336,7,0.5833,4.25
30648,32123a,6,0.5000,5.85
30648,62361,4,0.3333,21.20
30648,44126,4,0.3333,16.26
30648,55982,4,0.3333,13.93
30648,55981,4,0.3333,12.50
30648,45677,4,0.3333,8.87
30648,2458,4,0.3333,6.17
30648,61678,4,0.3333,4.98
15100,2780,72,0.9863,4.35
15100,43093,70,0.9589,6.91
15100,4519,70,0.9589,5.44
15100,32062,69,0.9452,5.22
15100,6558,68,0.9315,6.68
15100,4274,67,0.9178,4.13
15100,32523,66,0.9041,8.02
15100,59443,66,0.9041,7.27
15100,3713,66,0.9041,4.69
15100,32140,63,0.8630,8.47
15100,32073,63,0.8630,7.34
15100,32054,63,0.8630,7.13
32271,32062,65,1.0000,5.52
32271,4519,64,0.9846,5.58
32271,3713,64,0.9846,5.11
32271,32140,60,0.9231,9.06
32271,32073,60,0.9231,7.85
32271,32054,60,0.9231,7.63
32271,6536,58,0.8923,7.77
32271,32316,57,0.8769,8.44
32271,32523,55,0.8462,7.50
32271,32013,55,0.8462,7.24
32271,6558,55,0.8462,6.07
32271,3705,55,0.8462,4.53
41677,32062,113,0.9741,5.38
41677,4519,110,0.9483,5.38
41677,3713,108,0.9310,4.83
41677,4274,104,0.8966,4.04
41677,3705,102,0.8793,4.71
41677,43093,100,0.8621,6.21
41677,32523,99,0.8534,7.57
41677,32073,98,0.8448,7.19
41677,6558,96,0.8276,5.94
41677,6536,95,0.8190,7.13
41677,44294,93,0.8017,8.26
41677,32316,93,0.8017,7.72
64393,64681,33,1.0000,43.03
64393,32140,32,0.9697,9.52
64393,4519,32,0.9697,5.50
64393,32184,31,0.9394,9.75
64393,32073,31,0.9394,7.99
64393,32054,31,0.9394,7.76
64393,43093,31,0.9394,6.77
64393,32062,31,0.9394,5.19
64393,2780,31,0.9394,4.14
64393,32524,30,0.9091,9.37
64393,32526,30,0.9091,9.30
64393,32316,30,0.9091,8.75
64681,64393,33,0.9706,43.03
64681,32140,33,0.9706,9.53
64681,4519,33,0.9706,5.50
64681,32184,32,0.9412,9.77
64681,32073,32,0.9412,8.01
64681,32054,32,0.9412,7.78
64681,43093,32,0.9412,6.78
64681,32062,32,0.9412,5.20
64681,2780,32,0.9412,4.15
64681,32524,31,0.9118,9.39
64681,32526,31,0.9118,9.33
64681,32316,31,0.9118,8.78
87080,4519,49,1.0000,5.67
87080,87086,48,0.9796,29.86
87080,32140,48,0.9796,9.62
87080,32316,48,0.9796,9.43
87080,32073,48,0.9796,8.33
87080,32062,48,0.9796,5.41
87080,3713,48,0.9796,5.08
87080,44294,47,0.9592,9.88
87080,32526,47,0.9592,9.81
87080,32523,47,0.9592,8.50
87080,32054,47,0.9592,7.93
87080,43093,47,0.9592,6.91
87086,87080,48,1.0000,29.86
87086,4519,48,1.0000,5.67
87086,32140,47,0.9792,9.61
87086,32316,47,0.9792,9.42
87086,32073,47,0.9792,8.33
87086,32062,47,0.9792,5.41
87086,3713,47,0.9792,5.08
87086,44294,46,0.9583,9.87
87086,32526,46,0.9583,9.80
87086,32523,46,0.9583,8.50
87086,32013,46,0.9583,8.20
87086,32054,46,0.9583,7.92
88517,60484,5,1.0000,16.62
88517,32009,5,1.0000,15.24
88517,87083,5,1.0000,11.43
88517,32524,5,1.0000,10.30
88517,32526,5,1.0000,10.23
88517,32316,5,1.0000,9.62
88517,62462,5,1.0000,8.92
88517,32054,5,1.0000,8.27
88517,43093,5,1.0000,7.21
88517,6558,5,1.0000,7.17
88517,4519,5,1.0000,5.67
88517,4274,5,1.0000,4.50
2909,2910,6,1.0000,243.83
2909,4519,6,1.0000,5.67
2909,3705,6,1.0000,5.36
2909,4274,6,1.0000,4.50
2909,2851,5,0.8333,22.17
2909,2852,5,0.8333,21.39
2909,3894,5,0.8333,10.98
2909,6536,5,0.8333,7.26
2909,3706,5,0.8333,5.26
2909,3749,5,0.8333,4.69
2909,3713,5,0.8333,4.32
2909,2850a,4,0.6667,40.64
2910,2909,6,1.0000,243.83
2910,4519,6,1.0000,5.67
2910,3705,6,1.0000,5.36
2910,4274,6,1.0000,4.50
2910,2851,5,0.8333,22.17
2910,2852,5,0.8333,21.39
2910,3894,5,0.8333,10.98
2910,6536,5,0.8333,7.26
2910,3706,5,0.8333,5.26
2910,3749,5,0.8333,4.69
2910,3713,5,0.8333,4.32
2910,2850a,4,0.6667,40.64
18946,94925,34,1.0000,22.86
18946,40490,34,1.0000,11.00
18946,44294,34,1.0000,10.30
18946,32523,34,1.0000,8.87
18946,59443,34,1.0000,8.04
18946,43093,34,1.0000,7.21
18946,4519,34,1.0000,5.67
18946,32062,34,1.0000,5.52
18946,3713,34,1.0000,5.19
18946,4274,34,1.0000,4.50
18946,63869,33,0.9706,15.78
18946,11214,33,0.9706,14.06
18947,41239,24,1.0000,15.40
18947,11214,24,1.0000,14.49
18947,32270,24,1.0000,11.08
18947,40490,24,1.0000,11.00
18947,32184,24,1.0000,10.38
18947,32523,24,1.0000,8.87
18947,6536,24,1.0000,8.71
18947,32073,24,1.0000,8.51
18947,59443,24,1.0000,8.04
18947,43093,24,1.0000,7.21
18947,4519,24,1.0000,5.67
18947,32062,24,1.0000,5.52
18948,43093,30,1.0000,7.21
18948,4519,30,1.0000,5.67
18948,3713,30,1.0000,5.19
18948,15100,29,0.9667,19.37
18948,11214,29,0.9667,14.00
18948,44294,29,0.9667,9.96
18948,32140,29,0.9667,9.49
18948,32316,29,0.9667,9.30
18948,32523,29,0.9667,8.57
18948,32054,29,0.9667,7.99
18948,6558,29,0.9667,6.93
18948,32062,29,0.9667,5.34
48496,32524,9,1.0000,10.30
48496,32526,9,1.0000,10.23
48496,32054,9,1.0000,8.27
48496,3673,9,1.0000,5.95
48496,4519,9,1.0000,5.67
48496,4274,9,1.0000,4.50
48496,18651,8,0.8889,14.78
48496,41239,8,0.8889,13.69
48496,6589,8,0.8889,11.31
48496,42003,8,0.8889,10.57
48496,87083,8,0.8889,10.16
48496,32270,8,0.8889,9.85
64781,41239,12,1.0000,15.40
64781,32278,12,1.0000,14.07
64781,32525,12,1.0000,13.30
64781,42003,12,1.0000,11.89
64781,32270,12,1.0000,11.08
64781,40490,12,1.0000,11.00
64781,32034,12,1.0000,10.45
64781,32184,12,1.0000,10.38
64781,32524,12,1.0000,10.30
64781,44294,12,1.0000,10.30
64781,32140,12,1.0000,9.82
64781,32316,12,1.0000,9.62
40001,63869,5,1.0000,16.26
40001,11214,5,1.0000,14.49
40001,32123a,5,1.0000,11.70
40001,32184,5,1.0000,10.38
40001,32140,5,1.0000,9.82
40001,6536,5,1.0000,8.71
40001,32073,5,1.0000,8.51
40001,43093,5,1.0000,7.21
40001,6558,5,1.0000,7.17
40001,3706,5,1.0000,6.31
40001,4519,5,1.0000,5.67
40001,32062,5,1.0000,5.52
92910,92911,4,1.0000,365.75
92910,2739a,4,1.0000,39.54
92910,62520,4,1.0000,31.80
92910,62519,4,1.0000,31.13
92910,64782,4,1.0000,30.48
92910,92907,4,1.0000,23.98
92910,94925,4,1.0000,22.86
92910,32348,4,1.0000,20.32
92910,41678,4,1.0000,18.76
92910,48989,4,1.0000,17.21
92910,55013,4,1.0000,17.21
92910,63869,4,1.0000,16.26
92911,92910,4,1.0000,365.75
92911,2739a,4,1.0000,39.54
92911,62520,4,1.0000,31.80
92911,62519,4,1.0000,31.13
92911,64782,4,1.0000,30.48
92911,92907,4,1.0000,23.98
92911,94925,4,1.0000,22.86
92911,32348,4,1.0000,20.32
92911,41678,4,1.0000,18.76
92911,48989,4,1.0000,17.21
92911,55013,4,1.0000,17.21
92911,63869,4,1.0000,16.26
18945,11214,18,1.0000,14.49
18945,32525,18,1.0000,13.30
18945,42003,18,1.0000,11.89
18945,87083,18,1.0000,11.43
18945,40490,18,1.0000,11.00
18945,32184,18,1.0000,10.38
18945,32524,18,1.0000,10.30
18945,32526,18,1.0000,10.23
18945,32140,18,1.0000,9.82
18945,32316,18,1.0000,9.62
18945,32523,18,1.0000,8.87
18945,32073,18,1.0000,8.51
2850b,2851,25,1.0000,26.60
2850b,2852,25,1.0000,25.67
2850b,32525,25,1.0000,13.30
2850b,32270,25,1.0000,11.08
2850b,32184,25,1.0000,10.38
2850b,44294,25,1.0000,10.30
2850b,32140,25,1.0000,9.82
2850b,32523,25,1.0000,8.87
2850b,6536,25,1.0000,8.71
2850b,32073,25,1.0000,8.51
2850b,43093,25,1.0000,7.21
2850b,4519,25,1.0000,5.67
32072,44294,33,0.9706,10.00
32072,32073,33,0.9706,8.26
32072,32054,33,0.9706,8.02
32072,4519,33,0.9706,5.50
32072,32062,33,0.9706,5.36
32072,3713,33,0.9706,5.04
32072,32184,32,0.9412,9.77
32072,32526,32,0.9412,9.63
32072,32316,32,0.9412,9.06
32072,32523,32,0.9412,8.35
32072,4274,32,0.9412,4.24
32072,32034,31,0.9118,9.53
60208,32062,16,0.8000,4.42
60208,32523,15,0.7500,6.65
60208,32013,15,0.7500,6.42
60208,59443,15,0.7500,6.03
60208,43093,15,0.7500,5.41
60208,40490,14,0.7000,7.70
60208,98138,14,0.7000,5.45
60208,6558,14,0.7000,5.02
60208,87083,13,0.6500,7.43
60208,32073,13,0.6500,5.53
60208,32054,13,0.6500,5.37
60208,63869,12,0.6000,9.75
61254,43093,10,0.9091,6.55
61254,32062,10,0.9091,5.02
61254,6558,9,0.8182,5.87
61254,13971,8,0.7273,53.20
61254,98138,8,0.7273,5.66
61254,4519,8,0.7273,4.12
61254,3749,8,0.7273,4.09
61254,15462,7,0.6364,12.93
61254,59426,7,0.6364,11.08
61254,18654,7,0.6364,10.34
61254,41677,7,0.6364,8.03
61254,87083,7,0.6364,7.27
99012,32525,6,1.0000,13.30
99012,87083,6,1.0000,11.43
99012,32270,6,1.0000,11.08
99012,32184,6,1.0000,10.38
99012,44294,6,1.0000,10.30
99012,32140,6,1.0000,9.82
99012,32523,6,1.0000,8.87
99012,6536,6,1.0000,8.71
99012,32054,6,1.0000,8.27
99012,59443,6,1.0000,8.04
99012,43093,6,1.0000,7.21
99012,6558,6,1.0000,7.17
56903,15462,4,1.0000,20.32
56903,59443,4,1.0000,8.04
56903,98138,4,1.0000,7.78
56903,43093,4,1.0000,7.21
56903,3706,4,1.0000,6.31
56903,4274,4,1.0000,4.50
56903,2780,4,1.0000,4.41
6572,6536,6,1.0000,8.71
6572,32013,6,1.0000,8.56
6572,4519,6,1.0000,5.67
6572,32062,6,1.0000,5.52
6572,3705,6,1.0000,5.36
6572,3713,6,1.0000,5.19
6572,32123a,5,0.8333,9.75
6572,32039,5,0.8333,9.31
6572,32140,5,0.8333,8.18
6572,32523,5,0.8333,7.39
6572,32073,5,0.8333,7.09
6572,32054,5,0.8333,6.89
51011,42610,11,0.7333,15.33
51011,87082,6,0.4000,7.14
51011,32123a,6,0.4000,4.68
51011,30413,5,0.3333,7.99
51011,60483,5,0.3333,4.83
51011,32278,5,0.3333,4.69
51011,41677,5,0.3333,4.20
51011,3626bp81,4,0.2667,35.47
51011,64391,4,0.2667,7.09
51011,64683,4,0.2667,6.97
51011,32056,4,0.2667,4.76
51011,55013,4,0.2667,4.59
15459,32009,7,1.0000,15.24
15459,11214,7,1.0000,14.49
15459,87083,7,1.0000,11.43
15459,32524,7,1.0000,10.30
15459,32526,7,1.0000,10.23
15459,32140,7,1.0000,9.82
15459,32316,7,1.0000,9.62
15459,32073,7,1.0000,8.51
15459,32054,7,1.0000,8.27
15459,59443,7,1.0000,8.04
15459,6558,7,1.0000,7.17
15459,4519,7,1.0000,5.67
18938,18939,16,1.0000,91.44
18938,18654,16,1.0000,16.26
18938,11214,16,1.0000,14.49
18938,32270,16,1.0000,11.08
18938,40490,16,1.0000,11.00
18938,32034,16,1.0000,10.45
18938,32184,16,1.0000,10.38
18938,32523,16,1.0000,8.87
18938,6536,16,1.0000,8.71
18938,32073,16,1.0000,8.51
18938,32054,16,1.0000,8.27
18938,59443,16,1.0000,8.04
18939,18938,16,1.0000,91.44
18939,18654,16,1.0000,16.26
18939,11214,16,1.0000,14.49
18939,32270,16,1.0000,11.08
18939,40490,16,1.0000,11.00
18939,32034,16,1.0000,10.45
18939,32184,16,1.0000,10.38
18939,32523,16,1.0000,8.87
18939,6536,16,1.0000,8.71
18939,32073,16,1.0000,8.51
18939,32054,16,1.0000,8.27
18939,59443,16,1.0000,8.04
18940,18942,8,1.0000,182.88
18940,18651,8,1.0000,16.62
18940,63869,8,1.0000,16.26
18940,11214,8,1.0000,14.49
18940,32002,8,1.0000,13.18
18940,42003,8,1.0000,11.89
18940,87083,8,1.0000,11.43
18940,32270,8,1.0000,11.08
18940,40490,8,1.0000,11.00
18940,32184,8,1.0000,10.38
18940,32524,8,1.0000,10.30
18940,44294,8,1.0000,10.30
18942,18940,8,1.0000,182.88
18942,18651,8,1.0000,16.62
18942,63869,8,1.0000,16.26
18942,11214,8,1.0000,14.49
18942,32002,8,1.0000,13.18
18942,42003,8,1.0000,11.89
18942,87083,8,1.0000,11.43
18942,32270,8,1.0000,11.08
18942,40490,8,1.0000,11.00
18942,32184,8,1.0000,10.38
18942,32524,8,1.0000,10.30
18942,44294,8,1.0000,10.30
2741,4519,15,0.9375,5.32
2741,3705,15,0.9375,5.02
2741,3713,15,0.9375,4.86
2741,4274,15,0.9375,4.22
2741,6536,14,0.8750,7.62
2741,32013,14,0.8750,7.49
2741,2851,13,0.8125,21.61
2741,2852,13,0.8125,20.85
2741,2736,13,0.8125,13.98
2741,32270,13,0.8125,9.01
2741,32034,13,0.8125,8.49
2741,32184,13,0.8125,8.43
58119,32278,15,1.0000,14.07
58119,42003,15,1.0000,11.89
58119,32524,15,1.0000,10.30
58119,32526,15,1.0000,10.23
58119,32316,15,1.0000,9.62
58119,32523,15,1.0000,8.87
58119,32013,15,1.0000,8.56
58119,32073,15,1.0000,8.51
58119,32054,15,1.0000,8.27
58119,4519,15,1.0000,5.67
58119,3713,15,1.0000,5.19
58119,58124c01,14,0.9333,97.53
58124c01,58119,14,1.0000,97.53
58124c01,32278,14,1.0000,14.07
58124c01,42003,14,1.0000,11.89
58124c01,32524,14,1.0000,10.30
58124c01,32526,14,1.0000,10.23
58124c01,32316,14,1.0000,9.62
58124c01,32523,14,1.0000,8.87
58124c01,32013,14,1.0000,8.56
58124c01,32073,14,1.0000,8.51
58124c01,32054,14,1.0000,8.27
58124c01,4519,14,1.0000,5.67
58124c01,3713,14,1.0000,5.19
76019,3648b,10,1.0000,23.98
76019,32449,10,1.0000,17.84
76019,32278,10,1.0000,14.07
76019,32525,10,1.0000,13.30
76019,32002,10,1.0000,13.18
76019,41677,10,1.0000,12.61
76019,42003,10,1.0000,11.89
76019,32270,10,1.0000,11.08
76019,40490,10,1.0000,11.00
76019,32034,10,1.0000,10.45
76019,32184,10,1.0000,10.38
76019,32524,10,1.0000,10.30
32005,4519,13,1.0000,5.67
32005,3749,13,1.0000,5.63
32005,3713,13,1.0000,5.19
32005,2780,13,1.0000,4.41
32005,32073,12,0.9231,7.85
32005,32054,12,0.9231,7.63
32005,6558,12,0.9231,6.62
32005,32062,12,0.9231,5.10
32005,3705,12,0.9231,4.95
32005,4274,12,0.9231,4.16
32005,32039,11,0.8462,9.45
32005,32140,11,0.8462,8.31
86652,40490,7,1.0000,11.00
86652,62462,7,1.0000,8.92
86652,32073,7,1.0000,8.51
86652,32054,7,1.0000,8.27
86652,3706,7,1.0000,6.31
86652,4519,7,1.0000,5.67
86652,4274,7,1.0000,4.50
86652,60484,6,0.8571,14.25
86652,32278,6,0.8571,12.06
86652,6589,6,0.8571,10.90
86652,42003,6,0.8571,10.20
86652,87083,6,0.8571,9.80
99499,58124c01,5,1.0000,104.50
99499,58119,5,1.0000,97.53
99499,15458,5,1.0000,33.25
99499,99008,5,1.0000,30.48
99499,32063,5,1.0000,26.60
99499,11478,5,1.0000,24.80
99499,15462,5,1.0000,20.32
99499,15100,5,1.0000,20.04
99499,48989,5,1.0000,17.21
99499,18654,5,1.0000,16.26
99499,63869,5,1.0000,16.26
99499,11214,5,1.0000,14.49
2817,3894,24,0.3117,4.11
2817,2730,18,0.2338,5.18
2817,6629,16,0.2078,4.28
2817,32014,15,0.1948,4.13
2817,32018,14,0.1818,4.59
32019,44294,8,1.0000,10.30
32019,6632,8,1.0000,9.82
32019,32316,8,1.0000,9.62
32019,32073,8,1.0000,8.51
32019,3706,8,1.0000,6.31
32019,4519,8,1.0000,5.67
32019,32062,8,1.0000,5.52
32019,3713,8,1.0000,5.19
32019,4274,8,1.0000,4.50
32019,2854,7,0.8750,29.77
32019,2851,7,0.8750,23.28
32019,2852,7,0.8750,22.46
18944,63869,20,1.0000,16.26
18944,41239,20,1.0000,15.40
18944,32270,20,1.0000,11.08
18944,32184,20,1.0000,10.38
18944,32524,20,1.0000,10.30
18944,44294,20,1.0000,10.30
18944,32140,20,1.0000,9.82
18944,32523,20,1.0000,8.87
18944,32013,20,1.0000,8.56
18944,32054,20,1.0000,8.27
18944,43093,20,1.0000,7.21
18944,4519,20,1.0000,5.67
56145,32062,53,0.8833,4.88
56145,3713,52,0.8667,4.50
56145,4519,47,0.7833,4.44
56145,32054,46,0.7667,6.34
56145,6558,46,0.7667,5.50
56145,43093,45,0.7500,5.41
56145,32526,44,0.7333,7.50
56145,32523,43,0.7167,6.35
56145,32140,42,0.7000,6.87
56145,32316,42,0.7000,6.74
56145,59443,39,0.6500,5.23
56145,87083,37,0.6167,7.05
55978,56145,6,1.0000,24.38
55978,32062,6,1.0000,5.52
55978,41678,5,0.8333,15.63
55978,32316,5,0.8333,8.02
55978,32054,5,0.8333,6.89
55978,43093,5,0.8333,6.01
55978,6558,5,0.8333,5.98
55978,4519,5,0.8333,4.73
55978,32184,4,0.6667,6.92
55978,32524,4,0.6667,6.87
55978,32526,4,0.6667,6.82
55978,32140,4,0.6667,6.55
24116,32184,40,1.0000,10.38
24116,32140,40,1.0000,9.82
24116,32523,40,1.0000,8.87
24116,43093,40,1.0000,7.21
24116,4519,40,1.0000,5.67
24116,32062,40,1.0000,5.52
24116,3713,40,1.0000,5.19
24116,11214,39,0.9750,14.12
24116,32270,39,0.9750,10.81
24116,32526,39,0.9750,9.97
24116,4274,39,0.9750,4.39
24116,63869,38,0.9500,15.44
98585,4274,15,1.0000,4.50
98585,59443,13,0.8667,6.97
98585,43093,13,0.8667,6.25
98585,32523,12,0.8000,7.09
98585,32073,12,0.8000,6.80
98585,32054,12,0.8000,6.61
98585,63864,12,0.8000,6.58
98585,87079,12,0.8000,4.72
98585,32062,12,0.8000,4.42
98585,3713,12,0.8000,4.15
98585,55013,11,0.7333,12.62
98585,18654,11,0.7333,11.92
55976,56145,15,0.9375,22.86
55976,32054,15,0.9375,7.75
55976,4519,15,0.9375,5.32
55976,3713,15,0.9375,4.86
55976,2780,15,0.9375,4.13
55976,44294,14,0.8750,9.01
55976,32523,14,0.8750,7.76
55976,43093,14,0.8750,6.31
55976,32062,14,0.8750,4.83
55976,3705,14,0.8750,4.69
55976,32140,13,0.8125,7.98
55976,32316,13,0.8125,7.82
85940,4274,11,0.9167,4.13
85940,32054,9,0.7500,6.20
85940,32524,8,0.6667,6.87
85940,32526,8,0.6667,6.82
85940,32316,8,0.6667,6.42
85940,32073,8,0.6667,5.67
85940,59443,8,0.6667,5.36
85940,40490,7,0.5833,6.42
85940,33299b,6,0.5000,22.86
85940,61184,6,0.5000,22.17
85940,48989,6,0.5000,8.61
85940,18651,6,0.5000,8.31
85970,6636,19,0.9048,4.92
85970,3701,17,0.8095,6.65
85970,63864,16,0.7619,6.26
85970,85984,16,0.7619,4.91
85970,87079,16,0.7619,4.49
85970,87087,15,0.7143,6.04
85970,30414,15,0.7143,5.74
85970,2429,14,0.6667,8.63
85970,2430,14,0.6667,8.63
85970,62462,14,0.6667,5.95
85970,43093,14,0.6667,4.80
85970,99206,13,0.6190,7.68
76260,6636,7,1.0000,5.44
76260,4274,7,1.0000,4.50
76260,6134,5,0.7143,9.09
76260,32123b,5,0.7143,8.04
76260,6541,5,0.7143,6.79
76260,32073,5,0.7143,6.08
76260,3701,5,0.7143,5.87
76260,63864,5,0.7143,5.87
76260,59443,5,0.7143,5.74
76260,2445,5,0.7143,5.30
76260,48336,5,0.7143,5.20
76260,2357,5,0.7143,4.41
15038,15458,9,1.0000,33.25
15038,64179,9,1.0000,33.25
15038,64782,9,1.0000,30.48
15038,11478,9,1.0000,24.80
15038,15100,9,1.0000,20.04
15038,87082,9,1.0000,17.84
15038,60484,9,1.0000,16.62
15038,63869,9,1.0000,16.26
15038,41239,9,1.0000,15.40
15038,11214,9,1.0000,14.49
15038,32278,9,1.0000,14.07
15038,32525,9,1.0000,13.30
23801,99008,10,1.0000,30.48
23801,11478,10,1.0000,24.80
23801,15462,10,1.0000,20.32
23801,60484,10,1.0000,16.62
23801,18654,10,1.0000,16.26
23801,63869,10,1.0000,16.26
23801,41239,10,1.0000,15.40
23801,11214,10,1.0000,14.49
23801,32525,10,1.0000,13.30
23801,6589,10,1.0000,12.72
23801,42003,10,1.0000,11.89
23801,87083,10,1.0000,11.43
23948,32062,26,0.9286,5.13
23948,18654,21,0.7500,12.19
23948,32523,21,0.7500,6.65
23948,59443,21,0.7500,6.03
23948,98138,21,0.7500,5.84
23948,43093,21,0.7500,5.41
23948,6558,20,0.7143,5.12
23948,4519,20,0.7143,4.05
23948,24316,19,0.6786,16.83
23948,15100,19,0.6786,13.60
23948,60484,19,0.6786,11.28
23948,32278,19,0.6786,9.55
58120,32278,8,1.0000,14.07
58120,42003,8,1.0000,11.89
58120,40490,8,1.0000,11.00
58120,32524,8,1.0000,10.30
58120,32526,8,1.0000,10.23
58120,32316,8,1.0000,9.62
58120,32523,8,1.0000,8.87
58120,6536,8,1.0000,8.71
58120,32013,8,1.0000,8.56
58120,32073,8,1.0000,8.51
58120,32054,8,1.0000,8.27
58120,4519,8,1.0000,5.67
61903,60485,8,1.0000,18.52
61903,59426,8,1.0000,17.42
61903,60484,8,1.0000,16.62
61903,41239,8,1.0000,15.40
61903,32525,8,1.0000,13.30
61903,6589,8,1.0000,12.72
61903,42003,8,1.0000,11.89
61903,87083,8,1.0000,11.43
61903,32270,8,1.0000,11.08
61903,40490,8,1.0000,11.00
61903,32034,8,1.0000,10.45
61903,32184,8,1.0000,10.38
23798,15038,4,1.0000,162.56
23798,11954,4,1.0000,66.50
23798,24116,4,1.0000,36.58
23798,18575,4,1.0000,35.68
23798,15458,4,1.0000,33.25
23798,64179,4,1.0000,33.25
23798,64782,4,1.0000,30.48
23798,87086,4,1.0000,30.48
23798,99008,4,1.0000,30.48
23798,99773,4,1.0000,30.48
23798,87080,4,1.0000,29.86
23798,11478,4,1.0000,24.80
13971,43093,20,1.0000,7.21
13971,32062,19,0.9500,5.24
13971,2780,19,0.9500,4.19
13971,6558,18,0.9000,6.45
13971,4274,18,0.9000,4.05
13971,18654,17,0.8500,13.82
13971,87083,17,0.8500,9.72
13971,32523,17,0.8500,7.54
13971,4519,17,0.8500,4.82
13971,41677,16,0.8000,10.09
13971,32054,16,0.8000,6.61
13971,59443,16,0.8000,6.43
15413,4519,17,1.0000,5.67
15413,32523,16,0.9412,8.35
15413,59443,16,0.9412,7.57
15413,43093,16,0.9412,6.78
15413,6558,16,0.9412,6.75
15413,32062,16,0.9412,5.20
15413,3713,16,0.9412,4.88
15413,4274,16,0.9412,4.24
15413,2780,16,0.9412,4.15
15413,56145,15,0.8824,21.51
15413,32054,15,0.8824,7.29
15413,3705,15,0.8824,4.73
24121,14720,4,1.0000,34.02
24121,15458,4,1.0000,33.25
24121,64179,4,1.0000,33.25
24121,62520,4,1.0000,31.80
24121,10197,4,1.0000,31.13
24121,62519,4,1.0000,31.13
24121,64782,4,1.0000,30.48
24121,99008,4,1.0000,30.48
24121,32063,4,1.0000,26.60
24121,11478,4,1.0000,24.80
24121,22961,4,1.0000,24.80
24121,24316,4,1.0000,24.80
32006,3737,8,1.0000,11.61
32006,3705,8,1.0000,5.36
32006,3713,8,1.0000,5.19
32006,2780,8,1.0000,4.41
32006,40490,7,0.8750,9.62
32006,32184,7,0.8750,9.08
32006,32524,7,0.8750,9.01
32006,32140,7,0.8750,8.59
32006,32523,7,0.8750,7.76
32006,32013,7,0.8750,7.49
32006,6558,7,0.8750,6.28
32006,3706,7,0.8750,5.52
58121,58124c01,4,1.0000,104.50
58121,58119,4,1.0000,97.53
58121,32063,4,1.0000,26.60
58121,4716,4,1.0000,25.67
58121,3648b,4,1.0000,23.98
58121,6629,4,1.0000,20.61
58121,43857,4,1.0000,19.25
58121,32449,4,1.0000,17.84
58121,48989,4,1.0000,17.21
58121,55013,4,1.0000,17.21
58121,32278,4,1.0000,14.07
58121,32525,4,1.0000,13.30
84954,2780,6,1.0000,4.41
84954,3815b,4,0.6667,12.19
84954,2877,4,0.6667,6.02
84954,30374,4,0.6667,5.57
84954,50950,4,0.6667,5.45
84954,43093,4,0.6667,4.80
12799,32140,10,1.0000,9.82
12799,6558,10,1.0000,7.17
12799,4519,10,1.0000,5.67
12799,32062,10,1.0000,5.52
12799,2780,10,1.0000,4.41
12799,32316,9,0.9000,8.66
12799,32073,9,0.9000,7.66
12799,32054,9,0.9000,7.44
12799,43093,9,0.9000,6.49
12799,3713,9,0.9000,4.67
12799,56145,8,0.8000,19.51
12799,11214,8,0.8000,11.59
44309,56145,17,0.9444,23.03
44309,3713,15,0.8333,4.32
44309,32523,14,0.7778,6.90
44309,32062,14,0.7778,4.29
44309,6558,13,0.7222,5.18
44309,32140,12,0.6667,6.55
44309,32054,12,0.6667,5.51
44309,43093,12,0.6667,4.80
44309,2819,11,0.6111,13.15
44309,32316,11,0.6111,5.88
44309,87083,10,0.5556,6.35
44309,32526,10,0.5556,5.68
32523p01,42003,12,1.0000,11.89
32523p01,32524,12,1.0000,10.30
32523p01,32526,12,1.0000,10.23
32523p01,6536,12,1.0000,8.71
32523p01,32073,12,1.0000,8.51
32523p01,43093,12,1.0000,7.21
32523p01,6558,12,1.0000,7.17
32523p01,4519,12,1.0000,5.67
32523p01,3713,12,1.0000,5.19
32523p01,2780,12,1.0000,4.41
32523p01,15462,11,0.9167,18.63
32523p01,11214,11,0.9167,13.28
16091,4519,11,0.8462,4.80
16091,59443,10,0.7692,6.18
16091,32062,10,0.7692,4.25
16091,3705,10,0.7692,4.12
16091,32270,9,0.6923,7.67
16091,32316,9,0.6923,6.66
16091,43093,9,0.6923,4.99
16091,6558,9,0.6923,4.96
16091,48989,8,0.6154,10.59
16091,18654,8,0.6154,10.00
16091,15712,8,0.6154,8.83
16091,87083,8,0.6154,7.03
27938,11214,10,1.0000,14.49
27938,42003,10,1.0000,11.89
27938,87083,10,1.0000,11.43
27938,32270,10,1.0000,11.08
27938,32140,10,1.0000,9.82
27938,32523,10,1.0000,8.87
27938,59443,10,1.0000,8.04
27938,43093,10,1.0000,7.21
27938,4519,10,1.0000,5.67
27938,32062,10,1.0000,5.52
27938,3713,10,1.0000,5.19
27938,4274,10,1.0000,4.50
55982,32062,26,0.7429,4.10
55982,3749,25,0.7143,4.02
55982,59443,23,0.6571,5.28
55982,43093,22,0.6286,4.53
55982,32524,20,0.5714,5.89
55982,62462,20,0.5714,5.10
55982,32073,20,0.5714,4.86
55982,32184,18,0.5143,5.34
55982,44294,18,0.5143,5.30
55982,32523,18,0.5143,4.56
55982,6536,18,0.5143,4.48
55982,32123a,17,0.4857,5.68
58090,59443,9,0.9000,7.23
58090,32073,8,0.8000,6.80
58090,43093,8,0.8000,5.77
58090,6558,8,0.8000,5.74
58090,3749,8,0.8000,4.50
58090,32062,8,0.8000,4.42
58090,3713,8,0.8000,4.15
58090,32525,7,0.7000,9.31
58090,32270,7,0.7000,7.76
58090,40490,7,0.7000,7.70
58090,32524,7,0.7000,7.21
58090,44294,7,0.7000,7.21
53585,32054,7,1.0000,8.27
53585,32062,7,1.0000,5.52
53585,18651,6,0.8571,14.25
53585,18654,6,0.8571,13.93
53585,98138,6,0.8571,6.67
53585,43093,6,0.8571,6.18
53585,6558,6,0.8571,6.15
53585,32270,5,0.7143,7.92
53585,32523,5,0.7143,6.33
53585,32073,5,0.7143,6.08
53585,59443,5,0.7143,5.74
53585,4519,5,0.7143,4.05
56891,59443,7,0.7000,5.63
56891,55982,6,0.6000,25.08
56891,55981,6,0.6000,22.51
56891,60478,6,0.6000,6.14
56891,32123a,5,0.5000,5.85
56891,50950,5,0.5000,4.09
56891,58176,4,0.4000,12.45
56891,32530,4,0.4000,11.25
56891,3894,4,0.4000,5.27
2825,3713,62,0.9688,5.03
2825,3705,58,0.9062,4.86
2825,4519,57,0.8906,5.05
2825,3749,57,0.8906,5.01
2825,3706,49,0.7656,4.83
2825,3673,47,0.7344,4.37
2825,6536,40,0.6250,5.44
2825,6558,40,0.6250,4.48
2825,3707,38,0.5938,5.53
2825,32523,37,0.5781,5.13
2825,32073,37,0.5781,4.92
2825,32140,36,0.5625,5.52
24119,11214,24,1.0000,14.49
24119,42003,24,1.0000,11.89
24119,32526,24,1.0000,10.23
24119,32316,24,1.0000,9.62
24119,32523,24,1.0000,8.87
24119,32013,24,1.0000,8.56
24119,43093,24,1.0000,7.21
24119,4519,24,1.0000,5.67
24119,32062,24,1.0000,5.52
24119,3713,24,1.0000,5.19
24119,60484,23,0.9583,15.93
24119,63869,23,0.9583,15.58
58123,58124c01,4,1.0000,104.50
58123,58119,4,1.0000,97.53
58123,32278,4,1.0000,14.07
58123,42003,4,1.0000,11.89
58123,32039,4,1.0000,11.17
58123,32524,4,1.0000,10.30
58123,32526,4,1.0000,10.23
58123,32316,4,1.0000,9.62
58123,32523,4,1.0000,8.87
58123,32013,4,1.0000,8.56
58123,32073,4,1.0000,8.51
58123,32054,4,1.0000,8.27
33299a,2780,24,0.9231,4.07
33299a,4519,23,0.8846,5.02
33299a,3705,23,0.8846,4.74
33299a,3713,23,0.8846,4.59
33299a,43093,22,0.8462,6.10
33299a,32062,22,0.8462,4.67
33299a,32140,21,0.8077,7.93
33299a,32523,21,0.8077,7.16
33299a,32013,21,0.8077,6.91
33299a,32073,21,0.8077,6.87
33299a,32184,20,0.7692,7.98
33299a,32054,20,0.7692,6.36
18976,99207,6,1.0000,15.90
18976,15068,5,0.8333,8.07
18976,11477,5,0.8333,6.89
18976,3749,5,0.8333,4.69
18976,18977,4,0.6667,162.56
18976,99206,4,0.6667,8.27
18976,11211,4,0.6667,7.68
18976,99780,4,0.6667,7.62
18976,59900,4,0.6667,6.92
18976,98138,4,0.6667,5.19
18976,85984,4,0.6667,4.30
18977,99207,6,1.0000,15.90
18977,99206,5,0.8333,10.33
18977,3749,5,0.8333,4.69
18977,18974,4,0.6667,243.83
18977,18976,4,0.6667,162.56
18977,99780,4,0.6667,7.62
18977,15068,4,0.6667,6.46
18977,11477,4,0.6667,5.51
18977,98138,4,0.6667,5.19
18977,85984,4,0.6667,4.30
72504,32140,5,1.0000,9.82
72504,32073,5,1.0000,8.51
72504,6558,5,1.0000,7.17
72504,32062,5,1.0000,5.52
72504,3705,5,1.0000,5.36
72504,3713,5,1.0000,5.19
72504,4274,5,1.0000,4.50
72504,2780,5,1.0000,4.41
72504,32039,4,0.8000,8.93
72504,32034,4,0.8000,8.36
72504,6632,4,0.8000,7.86
72504,6536,4,0.8000,6.97
30663,6587,11,0.3793,4.87
30663,32348,7,0.2414,4.90
30663,92280,7,0.2414,4.59
30663,55981,6,0.2069,7.76
30663,56145,6,0.2069,5.04
30663,60470a,6,0.2069,4.80
30663,30357,6,0.2069,4.26
30663,3837,6,0.2069,4.04
30663,4176,5,0.1724,6.01
30663,60596,5,0.1724,5.61
30663,4716,5,0.1724,4.43
30663,3836,5,0.1724,4.43
604552,604615,4,1.0000,365.75
604552,59900,4,1.0000,10.38
604615,604552,4,1.0000,365.75
604615,59900,4,1.0000,10.38
92585,99207,4,0.8000,12.72
92585,99780,4,0.8000,9.14
92585,2456,4,0.8000,8.67
92585,59900,4,0.8000,8.30
92585,15068,4,0.8000,7.75
92585,15573,4,0.8000,6.77
92585,63864,4,0.8000,6.58
92585,2445,4,0.8000,5.94
92585,87079,4,0.8000,4.72
60471,30374,17,0.6538,5.47
60471,2357,17,0.6538,4.04
60471,60479,16,0.6154,9.79
60471,30414,16,0.6154,4.95
60471,44728,16,0.6154,4.11
60471,87087,15,0.5769,4.88
60471,63864,15,0.5769,4.74
60471,48336,15,0.5769,4.20
60471,60478,14,0.5385,5.51
60471,6091,14,0.5385,4.02
60471,62462,13,0.5000,4.46
60471,59443,13,0.5000,4.02
98138pc1,98138,12,1.0000,7.78
98138pc1,2780,12,1.0000,4.41
98138pc1,15573,11,0.9167,7.75
98138pc1,15068,10,0.8333,8.07
98138pc1,11477,10,0.8333,6.89
98138pc1,99780,9,0.7500,8.57
98138pc1,48336,9,0.7500,5.46
98138pc1,43093,9,0.7500,5.41
98138pc1,87079,9,0.7500,4.42
98138pc1,4740,9,0.7500,4.32
98138pc1,32062,9,0.7500,4.14
98138pc1,6636,9,0.7500,4.08
24118,32494,5,1.0000,66.50
24118,24119,5,1.0000,60.96
24118,2850b,5,1.0000,58.52
24118,62821,5,1.0000,47.19
24118,62531,5,1.0000,45.72
24118,2739a,5,1.0000,39.54
24118,64178,5,1.0000,36.58
24118,14720,5,1.0000,34.02
24118,2854,5,1.0000,34.02
24118,15458,5,1.0000,33.25
24118,64179,5,1.0000,33.25
24118,32126,5,1.0000,31.80
98281,85984,8,1.0000,6.44
98281,87580,6,0.7500,8.31
98281,43093,5,0.6250,4.50
98281,99781,4,0.5000,8.51
98281,93273,4,0.5000,7.31
98281,4865b,4,0.5000,7.10
98281,99780,4,0.5000,5.71
98281,32000,4,0.5000,5.26
98281,15068,4,0.5000,4.84
98281,62462,4,0.5000,4.46
98281,87087,4,0.5000,4.23
98281,32054,4,0.5000,4.13
41838,32140,5,1.0000,9.82
41838,32523,5,1.0000,8.87
41838,6536,5,1.0000,8.71
41838,32073,5,1.0000,8.51
41838,32054,5,1.0000,8.27
41838,59443,5,1.0000,8.04
41838,4519,5,1.0000,5.67
41838,32062,5,1.0000,5.52
41838,3713,5,1.0000,5.19
41838,2739a,4,0.8000,31.63
41838,87086,4,0.8000,24.38
41838,87080,4,0.8000,23.89
46667,32013,9,0.6923,5.92
46667,43093,9,0.6923,4.99
46667,41239,8,0.6154,9.48
46667,63864,8,0.6154,5.06
46667,98138,8,0.6154,4.79
46667,6589,7,0.5385,6.85
46667,32270,7,0.5385,5.97
46667,32034,7,0.5385,5.63
46667,32523,7,0.5385,4.77
46667,32073,7,0.5385,4.58
46667,30374,7,0.5385,4.50
46667,59443,7,0.5385,4.33
92402,32270,5,0.8333,9.24
92402,32523,5,0.8333,7.39
92402,59443,5,0.8333,6.70
92402,43093,5,0.8333,6.01
92402,4519,5,0.8333,4.73
92402,3749,5,0.8333,4.69
92402,3713,5,0.8333,4.32
92402,24316,4,0.6667,16.53
92402,11946,4,0.6667,15.48
92402,11947,4,0.6667,15.24
92402,42003,4,0.6667,7.93
92402,87083,4,0.6667,7.62
24505,18946,5,1.0000,43.03
24505,18575,5,1.0000,35.68
24505,26287,5,1.0000,35.68
24505,32126,5,1.0000,31.80
24505,62520,5,1.0000,31.80
24505,62519,5,1.0000,31.13
24505,99008,5,1.0000,30.48
24505,10928,5,1.0000,25.22
24505,24316,5,1.0000,24.80
24505,48729b,5,1.0000,24.38
24505,94925,5,1.0000,22.86
24505,15462,5,1.0000,20.32
24307,24299,35,0.8750,34.60
24307,87079,32,0.8000,4.72
24307,11477,30,0.7500,6.20
24307,15068,29,0.7250,7.02
24307,15573,27,0.6750,5.71
24307,85984,26,0.6500,4.19
24307,25269,25,0.6250,9.94
24307,99780,25,0.6250,7.14
24307,11211,24,0.6000,6.91
24307,99206,23,0.5750,7.13
24307,26603,22,0.5500,10.45
24307,15712,21,0.5250,7.53
41854,6157,12,0.5217,5.57
41854,50943,7,0.3043,9.47
41854,44674,7,0.3043,7.81
41854,30027a,6,0.2609,10.31
41854,88072,6,0.2609,5.96
41854,30357,6,0.2609,5.38
41854,50947,5,0.2174,7.07
41854,60470b,5,0.2174,6.91
41854,51719,5,0.2174,5.78
41854,30553,5,0.2174,5.05
41854,60470a,5,0.2174,5.05
41854,4081a,5,0.2174,4.54
76324,3706,4,1.0000,6.31
76324,4519,4,1.0000,5.67
76324,3705,4,1.0000,5.36
76324,3713,4,1.0000,5.19
76324,4274,4,1.0000,4.50
76324,2780,4,1.0000,4.41
13731,15100,4,1.0000,20.04
13731,2780,4,1.0000,4.41
76279,3895,4,1.0000,16.44
76279,3701,4,1.0000,8.22
76279,3705,4,1.0000,5.36
76279,4274,4,1.0000,4.50
76279,2780,4,1.0000,4.41
93550,4519,7,1.0000,5.67
93550,32062,7,1.0000,5.52
93550,3713,7,1.0000,5.19
93550,4274,7,1.0000,4.50
93550,18651,6,0.8571,14.25
93550,18654,6,0.8571,13.93
93550,11214,6,0.8571,12.42
93550,32270,6,0.8571,9.50
93550,40490,6,0.8571,9.43
93550,44294,6,0.8571,8.83
93550,32526,6,0.8571,8.77
93550,32316,6,0.8571,8.25
92842,32073,5,0.5556,4.73
92842,59443,5,0.5556,4.47
92842,98138,5,0.5556,4.32
92842,74695,4,0.4444,20.97
92842,18651,4,0.4444,7.39
92842,18654,4,0.4444,7.22
92842,32123b,4,0.4444,5.00
92842,32270,4,0.4444,4.93
92842,40490,4,0.4444,4.89
92842,32184,4,0.4444,4.61
92842,44294,4,0.4444,4.58
92842,32316,4,0.4444,4.28
10202,6636,11,1.0000,5.44
10202,4162,11,1.0000,4.50
10202,2780,11,1.0000,4.41
10202,62462,10,0.9091,8.11
10202,63864,10,0.9091,7.47
10202,85984,10,0.9091,5.86
10202,87079,10,0.9091,5.36
10202,99207,9,0.8182,13.01
10202,99206,9,0.8182,10.14
10202,32123b,9,0.8182,9.21
10202,98138,9,0.8182,6.37
10202,99781,8,0.7273,12.37
18171,26287,5,1.0000,35.68
18171,24316,5,1.0000,24.80
18171,15462,5,1.0000,20.32
18171,26603,5,1.0000,19.00
18171,60485,5,1.0000,18.52
18171,55013,5,1.0000,17.21
18171,60484,5,1.0000,16.62
18171,18654,5,1.0000,16.26
18171,63869,5,1.0000,16.26
18171,32278,5,1.0000,14.07
18171,6587,5,1.0000,12.83
18171,6589,5,1.0000,12.72
4185a,3706,25,0.8333,5.26
4185a,3705,24,0.8000,4.29
4185a,3713,24,0.8000,4.15
4185a,3749,23,0.7667,4.31
4185a,3707,17,0.5667,5.28
4185a,3894,16,0.5333,7.03
4185a,3701,16,0.5333,4.38
4185a,3737,15,0.5000,5.81
4185a,3702,14,0.4667,5.94
4185a,4265a,13,0.4333,13.49
4185a,3647,12,0.4000,7.14
4185a,3709b,12,0.4000,5.27
76244,62821,4,1.0000,47.19
76244,64179,4,1.0000,33.25
76244,32126,4,1.0000,31.80
76244,64782,4,1.0000,30.48
76244,87086,4,1.0000,30.48
76244,99008,4,1.0000,30.48
76244,99773,4,1.0000,30.48
76244,87080,4,1.0000,29.86
76244,41669,4,1.0000,29.26
76244,92907,4,1.0000,23.98
76244,94925,4,1.0000,22.86
76244,6629,4,1.0000,20.61
92908,92909,5,1.0000,77.00
92908,64179,5,1.0000,33.25
92908,64782,5,1.0000,30.48
92908,92907,5,1.0000,23.98
92908,94925,5,1.0000,22.86
92908,6629,5,1.0000,20.61
92908,43857,5,1.0000,19.25
92908,60485,5,1.0000,18.52
92908,87082,5,1.0000,17.84
92908,48989,5,1.0000,17.21
92908,55013,5,1.0000,17.21
92908,60484,5,1.0000,16.62
41530,32002,4,1.0000,13.18
41530,32523,4,1.0000,8.87
41530,43093,4,1.0000,7.21
41530,3749,4,1.0000,5.63
41530,32062,4,1.0000,5.52
92912,92909,4,1.0000,77.00
92912,60484,4,1.0000,16.62
92912,41239,4,1.0000,15.40
92912,32002,4,1.0000,13.18
92912,6589,4,1.0000,12.72
92912,41677,4,1.0000,12.61
92912,87083,4,1.0000,11.43
92912,32123b,4,1.0000,11.25
92912,32039,4,1.0000,11.17
92912,32270,4,1.0000,11.08
92912,40490,4,1.0000,11.00
92912,32034,4,1.0000,10.45
35185,18575,9,1.0000,35.68
35185,22961,9,1.0000,24.80
35185,24316,9,1.0000,24.80
35185,18651,9,1.0000,16.62
35185,60484,9,1.0000,16.62
35185,63869,9,1.0000,16.26
35185,41239,9,1.0000,15.40
35185,11214,9,1.0000,14.49
35185,32278,9,1.0000,14.07
35185,6589,9,1.0000,12.72
35185,42003,9,1.0000,11.89
35185,32123b,9,1.0000,11.25
35188,18947,7,1.0000,60.96
35188,18946,7,1.0000,43.03
35188,18575,7,1.0000,35.68
35188,11478,7,1.0000,24.80
35188,24316,7,1.0000,24.80
35188,11946,7,1.0000,23.22
35188,11947,7,1.0000,22.86
35188,94925,7,1.0000,22.86
35188,15462,7,1.0000,20.32
35188,18651,7,1.0000,16.62
35188,60484,7,1.0000,16.62
35188,18654,7,1.0000,16.26
35186,24316,7,1.0000,24.80
35186,94925,7,1.0000,22.86
35186,59426,7,1.0000,17.42
35186,18651,7,1.0000,16.62
35186,63869,7,1.0000,16.26
35186,41239,7,1.0000,15.40
35186,11214,7,1.0000,14.49
35186,32278,7,1.0000,14.07
35186,32123b,7,1.0000,11.25
35186,40490,7,1.0000,11.00
35186,32034,7,1.0000,10.45
35186,32140,7,1.0000,9.82
50303,3673,4,1.0000,5.95
61069,3673,4,1.0000,5.95
42531,22961,5,1.0000,24.80
42531,11946,5,1.0000,23.22
42531,11947,5,1.0000,22.86
42531,15100,5,1.0000,20.04
42531,48989,5,1.0000,17.21
42531,18651,5,1.0000,16.62
42531,60484,5,1.0000,16.62
42531,18654,5,1.0000,16.26
42531,63869,5,1.0000,16.26
42531,11214,5,1.0000,14.49
42531,32525,5,1.0000,13.30
42531,42003,5,1.0000,11.89
30699,56904,5,1.0000,121.92
30699,2819,5,1.0000,21.51
30699,32123b,5,1.0000,11.25
30699,62462,5,1.0000,8.92
30699,3713,5,1.0000,5.19
30699,2780,5,1.0000,4.41
30699,26603,4,0.8000,15.20
30699,18654,4,0.8000,13.00
30699,32034,4,0.8000,8.36
30699,6632,4,0.8000,7.86
30699,32073,4,0.8000,6.80
30699,30374,4,0.8000,6.69
56904,2780,12,1.0000,4.41
56904,62462,11,0.9167,8.18
56904,32123b,9,0.7500,8.44
56904,30374,9,0.7500,6.27
56904,2819,8,0.6667,14.34
56904,56898,7,0.5833,121.92
56904,60478,7,0.5833,5.97
56904,59443,7,0.5833,4.69
56904,48336,7,0.5833,4.25
56904,43093,7,0.5833,4.20
56904,6558,7,0.5833,4.18
56904,60479,6,0.5000,7.95
44771,11950,5,1.0000,133.00
44771,92906,5,1.0000,77.00
44771,92909,5,1.0000,77.00
44771,32494,5,1.0000,66.50
44771,64392,5,1.0000,58.52
44771,64682,5,1.0000,58.52
44771,62821,5,1.0000,47.19
44771,62531,5,1.0000,45.72
44771,64393,5,1.0000,44.33
44771,87761,5,1.0000,44.33
44771,64681,5,1.0000,43.03
44771,64178,5,1.0000,36.58
39793,11947,12,1.0000,22.86
39793,63869,12,1.0000,16.26
39793,11214,12,1.0000,14.49
39793,32525,12,1.0000,13.30
39793,87083,12,1.0000,11.43
39793,32123b,12,1.0000,11.25
39793,32270,12,1.0000,11.08
39793,32184,12,1.0000,10.38
39793,32524,12,1.0000,10.30
39793,44294,12,1.0000,10.30
39793,32526,12,1.0000,10.23
39793,32140,12,1.0000,9.82
39794,63869,11,1.0000,16.26
39794,11214,11,1.0000,14.49
39794,32525,11,1.0000,13.30
39794,87083,11,1.0000,11.43
39794,32123b,11,1.0000,11.25
39794,32184,11,1.0000,10.38
39794,32524,11,1.0000,10.30
39794,32526,11,1.0000,10.23
39794,32140,11,1.0000,9.82
39794,32316,11,1.0000,9.62
39794,32523,11,1.0000,8.87
39794,32013,11,1.0000,8.56
22169,23816c02,8,1.0000,162.56
22169,49283,8,1.0000,162.56
22169,59426,8,1.0000,17.42
22169,18651,8,1.0000,16.62
22169,63869,8,1.0000,16.26
22169,41239,8,1.0000,15.40
22169,11214,8,1.0000,14.49
22169,32525,8,1.0000,13.30
22169,42003,8,1.0000,11.89
22169,87083,8,1.0000,11.43
22169,32123b,8,1.0000,11.25
22169,40490,8,1.0000,11.00
23816c02,49283,9,1.0000,162.56
23816c02,63869,9,1.0000,16.26
23816c02,11214,9,1.0000,14.49
23816c02,32525,9,1.0000,13.30
23816c02,87083,9,1.0000,11.43
23816c02,32123b,9,1.0000,11.25
23816c02,32184,9,1.0000,10.38
23816c02,32524,9,1.0000,10.30
23816c02,32526,9,1.0000,10.23
23816c02,32140,9,1.0000,9.82
23816c02,32316,9,1.0000,9.62
23816c02,32523,9,1.0000,8.87
49283,23816c02,9,1.0000,162.56
49283,63869,9,1.0000,16.26
49283,11214,9,1.0000,14.49
49283,32525,9,1.0000,13.30
49283,87083,9,1.0000,11.43
49283,32123b,9,1.0000,11.25
49283,32184,9,1.0000,10.38
49283,32524,9,1.0000,10.30
49283,32526,9,1.0000,10.23
49283,32140,9,1.0000,9.82
49283,32316,9,1.0000,9.62
49283,32523,9,1.0000,8.87
22127,22169,7,1.0000,182.88
22127,23816c02,7,1.0000,162.56
22127,49283,7,1.0000,162.56
22127,59426,7,1.0000,17.42
22127,18651,7,1.0000,16.62
22127,18654,7,1.0000,16.26
22127,63869,7,1.0000,16.26
22127,41239,7,1.0000,15.40
22127,11214,7,1.0000,14.49
22127,32525,7,1.0000,13.30
22127,32002,7,1.0000,13.18
22127,42003,7,1.0000,11.89
22172,22127,4,1.0000,209.00
22172,22169,4,1.0000,182.88
22172,23816c02,4,1.0000,162.56
22172,49283,4,1.0000,162.56
22172,25214,4,1.0000,37.51
22172,15458,4,1.0000,33.25
22172,64179,4,1.0000,33.25
22172,64782,4,1.0000,30.48
22172,22961,4,1.0000,24.80
22172,11946,4,1.0000,23.22
22172,11947,4,1.0000,22.86
22172,15100,4,1.0000,20.04
46834,46835,5,1.0000,292.60
46834,39793,5,1.0000,121.92
46834,18946,5,1.0000,43.03
46834,18575,5,1.0000,35.68
46834,27940,5,1.0000,35.68
46834,64782,5,1.0000,30.48
46834,32192,5,1.0000,27.09
46834,24316,5,1.0000,24.80
46834,11946,5,1.0000,23.22
46834,11947,5,1.0000,22.86
46834,94925,5,1.0000,22.86
46834,6629,5,1.0000,20.61
46835,46834,5,1.0000,292.60
46835,39793,5,1.0000,121.92
46835,18946,5,1.0000,43.03
46835,18575,5,1.0000,35.68
46835,27940,5,1.0000,35.68
46835,64782,5,1.0000,30.48
46835,32192,5,1.0000,27.09
46835,24316,5,1.0000,24.80
46835,11946,5,1.0000,23.22
46835,11947,5,1.0000,22.86
46835,94925,5,1.0000,22.86
46835,6629,5,1.0000,20.61
85959p02,44728,8,0.8000,5.34
85959p02,32064a,7,0.7000,10.34
85959p02,30031,6,0.6000,19.95
85959p02,63868,6,0.6000,8.28
85959p02,40490,6,0.6000,6.60
85959p02,3794b,6,0.6000,4.99
85959p02,2555,6,0.6000,4.48
85959p02,48336,6,0.6000,4.37
85959p02,30367b,5,0.5000,25.22
85959p02,6134,5,0.5000,6.36
85959p02,6019,5,0.5000,4.66
85959p02,62462,5,0.5000,4.46
76537,32523,11,1.0000,8.87
76537,32013,11,1.0000,8.56
76537,32054,11,1.0000,8.27
76537,4519,11,1.0000,5.67
76537,32062,11,1.0000,5.52
76537,3713,11,1.0000,5.19
76537,2780,11,1.0000,4.41
76537,32526,10,0.9091,9.30
76537,32140,10,0.9091,8.93
76537,6536,10,0.9091,7.92
76537,32073,10,0.9091,7.73
76537,43093,10,0.9091,6.55
15460,32073,6,1.0000,8.51
15460,59443,6,1.0000,8.04
15460,4519,6,1.0000,5.67
15460,32062,6,1.0000,5.52
15460,4274,6,1.0000,4.50
15460,11214,5,0.8333,12.07
15460,60483,5,0.8333,12.07
15460,32123b,5,0.8333,9.38
15460,98138,5,0.8333,6.48
15460,3673,5,0.8333,4.96
15460,3713,5,0.8333,4.32
15460,15461,4,0.6667,40.64
41897,6558,5,1.0000,7.17
41897,32062,5,1.0000,5.52
41897,3713,5,1.0000,5.19
41897,4274,5,1.0000,4.50
41897,2780,5,1.0000,4.41
41897,32018,4,0.8000,20.18
41897,2819,4,0.8000,17.21
41897,59426,4,0.8000,13.93
41897,32270,4,0.8000,8.87
41897,32184,4,0.8000,8.30
41897,32526,4,0.8000,8.18
41897,32523,4,0.8000,7.09
2637,3705,9,0.8182,4.38
2637,6628,6,0.5455,7.82
2637,6632,6,0.5455,5.36
2637,62462,6,0.5455,4.87
2637,32054,6,0.5455,4.51
2637,6232,5,0.4545,11.88
2637,87994,5,0.4545,8.75
2637,41678,5,0.4545,8.53
2637,2458,5,0.4545,8.42
2637,2736,5,0.4545,7.82
2637,18654,5,0.4545,7.39
2637,11214,5,0.4545,6.58
52730,52731,4,1.0000,365.75
52730,25214,4,1.0000,37.51
52730,18575,4,1.0000,35.68
52730,15458,4,1.0000,33.25
52730,64179,4,1.0000,33.25
52730,64782,4,1.0000,30.48
52730,32192,4,1.0000,27.09
52730,11478,4,1.0000,24.80
52730,24316,4,1.0000,24.80
52730,11946,4,1.0000,23.22
52730,11947,4,1.0000,22.86
52730,6629,4,1.0000,20.61
52731,52730,4,1.0000,365.75
52731,25214,4,1.0000,37.51
52731,18575,4,1.0000,35.68
52731,15458,4,1.0000,33.25
52731,64179,4,1.0000,33.25
52731,64782,4,1.0000,30.48
52731,32192,4,1.0000,27.09
52731,11478,4,1.0000,24.80
52731,24316,4,1.0000,24.80
52731,11946,4,1.0000,23.22
52731,11947,4,1.0000,22.86
52731,6629,4,1.0000,20.61
32294,4274,6,1.0000,4.50
32294,2780,6,1.0000,4.41
32294,3673,5,0.8333,4.96
32294,32293,4,0.6667,48.77
32294,6628,4,0.6667,9.56
32294,40490,4,0.6667,7.33
32294,32013,4,0.6667,5.70
32294,32054,4,0.6667,5.51
32294,6558,4,0.6667,4.78
32294,3706,4,0.6667,4.20
42135,32123b,8,1.0000,11.25
42135,6536,8,1.0000,8.71
42135,32073,8,1.0000,8.51
42135,4519,8,1.0000,5.67
42135,32062,8,1.0000,5.52
42135,4274,8,1.0000,4.50
42135,42924,7,0.8750,116.38
42135,15535,7,0.8750,20.65
42135,18651,7,0.8750,14.55
42135,18654,7,0.8750,14.22
42135,11214,7,0.8750,12.67
42135,60483,7,0.8750,12.67
42924,4519,11,1.0000,5.67
42924,32062,11,1.0000,5.52
42924,4274,11,1.0000,4.50
42924,11214,10,0.9091,13.17
42924,60483,10,0.9091,13.17
42924,32123b,10,0.9091,10.23
42924,6536,10,0.9091,7.92
42924,32013,10,0.9091,7.78
42924,32073,10,0.9091,7.73
42924,59443,10,0.9091,7.31
42924,43093,10,0.9091,6.55
42924,3706,10,0.9091,5.73
44874,63869,9,1.0000,16.26
44874,11214,9,1.0000,14.49
44874,60483,9,1.0000,14.49
44874,32034,9,1.0000,10.45
44874,32184,9,1.0000,10.38
44874,32526,9,1.0000,10.23
44874,32140,9,1.0000,9.82
44874,32523,9,1.0000,8.87
44874,32013,9,1.0000,8.56
44874,59443,9,1.0000,8.04
44874,43093,9,1.0000,7.21
44874,4519,9,1.0000,5.67
65487,44874,8,1.0000,162.56
65487,11947,8,1.0000,22.86
65487,63869,8,1.0000,16.26
65487,11214,8,1.0000,14.49
65487,60483,8,1.0000,14.49
65487,32270,8,1.0000,11.08
65487,32034,8,1.0000,10.45
65487,32184,8,1.0000,10.38
65487,32526,8,1.0000,10.23
65487,32140,8,1.0000,9.82
65487,32523,8,1.0000,8.87
65487,32013,8,1.0000,8.56
65489,65487,7,1.0000,182.88
65489,44874,7,1.0000,162.56
65489,11947,7,1.0000,22.86
65489,63869,7,1.0000,16.26
65489,11214,7,1.0000,14.49
65489,60483,7,1.0000,14.49
65489,32270,7,1.0000,11.08
65489,32034,7,1.0000,10.45
65489,32184,7,1.0000,10.38
65489,32526,7,1.0000,10.23
65489,32140,7,1.0000,9.82
65489,32523,7,1.0000,8.87
71709,44874,6,1.0000,162.56
71709,15462,6,1.0000,20.32
71709,18651,6,1.0000,16.62
71709,18654,6,1.0000,16.26
71709,63869,6,1.0000,16.26
71709,41239,6,1.0000,15.40
71709,11214,6,1.0000,14.49
71709,60483,6,1.0000,14.49
71709,32525,6,1.0000,13.30
71709,32002,6,1.0000,13.18
71709,42003,6,1.0000,11.89
71709,32123b,6,1.0000,11.25
61332,18674,7,0.8750,19.11
61332,98138,7,0.8750,6.81
61332,87079,7,0.8750,5.16
61332,44861,6,0.7500,91.44
61332,43898,6,0.7500,19.25
61332,15535,6,0.7500,17.70
61332,11212,6,0.7500,14.63
61332,11214,6,0.7500,10.86
61332,15068,6,0.7500,7.27
61332,32073,6,0.7500,6.38
61332,30374,6,0.7500,6.27
61332,63864,6,0.7500,6.16
65304,42924,6,1.0000,133.00
65304,11214,6,1.0000,14.49
65304,60483,6,1.0000,14.49
65304,32123b,6,1.0000,11.25
65304,6536,6,1.0000,8.71
65304,32013,6,1.0000,8.56
65304,32073,6,1.0000,8.51
65304,59443,6,1.0000,8.04
65304,98138,6,1.0000,7.78
65304,43093,6,1.0000,7.21
65304,3706,6,1.0000,6.31
65304,4519,6,1.0000,5.67
71708,65487,5,1.0000,182.88
71708,44874,5,1.0000,162.56
71708,42924,5,1.0000,133.00
71708,27940,5,1.0000,35.68
71708,24316,5,1.0000,24.80
71708,11947,5,1.0000,22.86
71708,18651,5,1.0000,16.62
71708,18654,5,1.0000,16.26
71708,63869,5,1.0000,16.26
71708,11214,5,1.0000,14.49
71708,60483,5,1.0000,14.49
71708,32525,5,1.0000,13.30
65098,18654,4,1.0000,16.26
65098,32123b,4,1.0000,11.25
65098,32526,4,1.0000,10.23
65098,32316,4,1.0000,9.62
65098,32073,4,1.0000,8.51
65098,4519,4,1.0000,5.67
65098,32062,4,1.0000,5.52
65098,4274,4,1.0000,4.50
2815,3706,10,0.7143,4.50
2815,6632,7,0.5000,4.91
2815,6587,6,0.4286,5.50
2815,32184,6,0.4286,4.45
2815,4185a,5,0.3571,17.42
2815,41239,5,0.3571,5.50
2815,3894,5,0.3571,4.71
2815,32123a,5,0.3571,4.18
2815,41669,4,0.2857,8.36
2815,3743,4,0.2857,7.60
2815,2817,4,0.2857,5.43
2815,60484,4,0.2857,4.75
71682,44874,4,1.0000,162.56
71682,26287,4,1.0000,35.68
71682,15462,4,1.0000,20.32
71682,18654,4,1.0000,16.26
71682,63869,4,1.0000,16.26
71682,41239,4,1.0000,15.40
71682,11214,4,1.0000,14.49
71682,60483,4,1.0000,14.49
71682,32002,4,1.0000,13.18
71682,42003,4,1.0000,11.89
71682,87083,4,1.0000,11.43
71682,32123b,4,1.0000,11.25
6573,6536,12,1.0000,8.71
6573,3706,12,1.0000,6.31
6573,4519,12,1.0000,5.67
6573,3705,12,1.0000,5.36
6573,3713,12,1.0000,5.19
6573,4274,12,1.0000,4.50
6573,6589,11,0.9167,11.66
6573,32034,11,0.9167,9.58
6573,6632,11,0.9167,9.00
6573,3673,11,0.9167,5.45
6573,3749,11,0.9167,5.16
6573,32062,11,0.9167,5.06
31794,42924,4,1.0000,133.00
31794,43857,4,1.0000,19.25
31794,59426,4,1.0000,17.42
31794,18651,4,1.0000,16.62
31794,63869,4,1.0000,16.26
31794,41239,4,1.0000,15.40
31794,11214,4,1.0000,14.49
31794,60483,4,1.0000,14.49
31794,6628,4,1.0000,14.34
31794,32123b,4,1.0000,11.25
31794,40490,4,1.0000,11.00
31794,32034,4,1.0000,10.45
65414c01,23816c02,5,1.0000,162.56
65414c01,49283,5,1.0000,162.56
65414c01,39794,5,1.0000,133.00
65414c01,18654,5,1.0000,16.26
65414c01,63869,5,1.0000,16.26
65414c01,11214,5,1.0000,14.49
65414c01,32525,5,1.0000,13.30
65414c01,87083,5,1.0000,11.43
65414c01,32123b,5,1.0000,11.25
65414c01,32184,5,1.0000,10.38
65414c01,32524,5,1.0000,10.30
65414c01,32526,5,1.0000,10.23
23816c01,26287,4,1.0000,35.68
23816c01,59426,4,1.0000,17.42
23816c01,18654,4,1.0000,16.26
23816c01,32525,4,1.0000,13.30
23816c01,87083,4,1.0000,11.43
23816c01,32123b,4,1.0000,11.25
23816c01,32524,4,1.0000,10.30
23816c01,32526,4,1.0000,10.23
23816c01,32316,4,1.0000,9.62
23816c01,59443,4,1.0000,8.04
23816c01,98138,4,1.0000,7.78
23816c01,43093,4,1.0000,7.21
18975,99207,5,1.0000,15.90
18975,99206,5,1.0000,12.40
18975,15068,5,1.0000,9.69
18975,11477,5,1.0000,8.27
18975,3002,5,1.0000,4.75
18975,30029,4,0.8000,167.20
18975,24201,4,0.8000,26.01
18975,99780,4,0.8000,9.14
18975,63864,4,0.8000,6.58
18975,85984,4,0.8000,5.16
30029,3002,7,1.0000,4.75
30029,15068,6,0.8571,8.30
30029,99207,5,0.7143,11.36
30029,11477,5,0.7143,5.90
30029,85984,5,0.7143,4.60
30029,18975,4,0.5714,167.20
30029,20482,4,0.5714,17.06
30029,4006,4,0.5714,13.06
30029,30136,4,0.5714,10.72
30029,99206,4,0.5714,7.08
30029,99780,4,0.5714,6.53
30029,59900,4,0.5714,5.93
32064b,6558,13,0.8125,5.83
32064b,32062,12,0.7500,4.14
32064b,43093,11,0.6875,4.95
32064b,32000,9,0.5625,5.92
32064b,6541,9,0.5625,5.34
32064b,30414,9,0.5625,4.52
32064b,6587,8,0.5000,6.42
32064b,60478,8,0.5000,5.12
32064b,6632,8,0.5000,4.91
32064b,50950,8,0.5000,4.09
32064b,6143,7,0.4375,5.77
32064b,32039,7,0.4375,4.89
47973,6632,4,1.0000,9.82
57783,52501,8,0.5000,21.51
57783,30413,8,0.5000,11.99
57783,3815b,8,0.5000,9.14
57783,52036,7,0.4375,64.01
57783,52038,7,0.4375,49.24
57783,45677,7,0.4375,11.64
57783,973,7,0.4375,4.18
57783,50745,6,0.3750,12.76
57783,6157,6,0.3750,4.00
57783,3626cp8h,5,0.3125,32.66
57783,87697,5,0.3125,19.88
57783,48183,4,0.2500,14.07
3069bps1,2357,8,0.7273,4.49
3069bps1,4286,8,0.7273,4.34
3069bps1,6134,6,0.5455,6.94
3069bps1,3029,6,0.5455,5.62
3069bps1,6231,6,0.5455,5.54
3069bps1,3298,6,0.5455,4.05
3069bps1,30364,5,0.4545,41.56
3069bps1,30365,5,0.4545,26.60
3069bps1,30363,5,0.4545,12.55
3069bps1,30357,5,0.4545,9.37
3069bps1,2450,5,0.4545,6.39
3069bps1,41677,5,0.4545,5.73
3069bps6,32018,6,1.0000,25.22
3069bps6,6541,6,1.0000,9.50
3069bps6,3701,6,1.0000,8.22
3069bps6,30414,6,1.0000,8.04
3069bps6,6558,6,1.0000,7.17
3069bps6,3035,6,1.0000,5.50
3069bps6,6636,6,1.0000,5.44
3069bps6,4477,6,1.0000,4.62
3069bps6,4162,6,1.0000,4.50
3069bps6,2780,6,1.0000,4.41
3069bps6,32064a,5,0.8333,12.31
3069bps6,6134,5,0.8333,10.60
6267,6134,5,1.0000,12.72
6267,6541,5,1.0000,9.50
6267,3701,5,1.0000,8.22
6267,2357,5,1.0000,6.17
6267,3713,5,1.0000,5.19
6267,3937,5,1.0000,5.04
6267,4477,5,1.0000,4.62
6267,4274,5,1.0000,4.50
6267,3700,5,1.0000,4.41
6267,3832,5,1.0000,4.34
6267,4460b,4,0.8000,29.26
6267,3703,4,0.8000,13.45
90498,32028,13,0.8667,5.33
90498,87087,12,0.8000,6.77
90498,59443,12,0.8000,6.43
90498,44728,12,0.8000,5.34
90498,85984,12,0.8000,5.16
90498,2357,12,0.8000,4.94
90498,87079,12,0.8000,4.72
90498,6636,12,0.8000,4.35
90498,60479,11,0.7333,11.66
90498,3702,11,0.7333,9.33
90498,3701,11,0.7333,6.03
90498,63864,11,0.7333,6.03
30244,3794b,14,0.5185,4.31
30244,6541,13,0.4815,4.57
30244,3894,12,0.4444,5.86
30244,32000,11,0.4074,4.29
30244,3029,11,0.4074,4.20
30244,3702,10,0.3704,4.71
30244,6134,10,0.3704,4.71
30244,32123a,10,0.3704,4.33
30244,6232,9,0.3333,8.71
30244,2444,9,0.3333,4.98
30244,6564,8,0.2963,12.04
30244,50746,8,0.2963,8.18
30249,4599a,5,0.8333,10.60
30249,4081b,5,0.8333,4.88
30249,6636,5,0.8333,4.53
30249,3007,4,0.6667,10.72
30249,2877,4,0.6667,6.02
30249,3036,4,0.6667,5.61
30249,30374,4,0.6667,5.57
30249,2555,4,0.6667,4.98
30249,4865a,4,0.6667,4.78
30135,30133,6,0.6667,75.03
30135,30141,6,0.6667,60.96
30135,30132,6,0.6667,44.33
30135,4865a,6,0.6667,4.78
30135,3069bp03,5,0.5556,81.28
30135,973pw2,4,0.4444,162.56
30135,3626bp39,4,0.4444,130.04
30135,2533c01,4,0.4444,81.28
30135,2527,4,0.4444,72.25
30135,4491b,4,0.4444,59.11
30135,70501c,4,0.4444,59.11
30135,2530,4,0.4444,43.35
50746,30244,8,0.1509,8.18
50746,98138pz0,8,0.1509,4.91
30360,4589,10,0.7143,4.47
30360,2555,9,0.6429,4.80
30360,30031,7,0.5000,16.62
30360,3942c,6,0.4286,14.93
30360,2569,6,0.4286,7.55
30360,32064a,6,0.4286,6.33
30360,52031,5,0.3571,13.75
30360,55981,5,0.3571,13.40
30360,32018,5,0.3571,9.01
30360,6587,5,0.3571,4.58
30360,30355,4,0.2857,14.93
30360,30367b,4,0.2857,14.41
30033,6587,8,0.6667,8.56
30033,6019,8,0.6667,6.21
30033,50950,8,0.6667,5.45
30033,30367b,7,0.5833,29.43
30033,62462,7,0.5833,5.20
30033,3794b,7,0.5833,4.85
30033,3701,7,0.5833,4.79
30033,3298,7,0.5833,4.33
30033,44126,6,0.5000,24.38
30033,63868,6,0.5000,6.90
30033,32000,6,0.5000,5.26
30033,32054,6,0.5000,4.13
4151b,6636,4,1.0000,5.44
4151b,4162,4,1.0000,4.50
90195,32028,9,1.0000,6.15
90195,63864,8,0.8889,7.31
90195,85984,8,0.8889,5.73
90195,6636,8,0.8889,4.83
90195,4162,8,0.8889,4.00
90195,61252,7,0.7778,13.55
90195,87580,7,0.7778,8.62
90195,87087,7,0.7778,6.58
90195,2357,7,0.7778,4.80
90195,87079,7,0.7778,4.59
90195,60592,6,0.6667,26.36
90195,60897,6,0.6667,9.47
2431pc0,6636,4,0.8000,4.35
98263,87087,5,0.8333,7.05
98263,63864,5,0.8333,6.85
98263,85984,5,0.8333,5.37
98263,93095,4,0.6667,46.44
98263,63868,4,0.6667,9.20
98263,99780,4,0.6667,7.62
98263,87580,4,0.6667,7.39
98263,2877,4,0.6667,6.02
98263,50950,4,0.6667,5.45
98263,30414,4,0.6667,5.36
98263,98138,4,0.6667,5.19
98263,2445,4,0.6667,4.95
3736,3706,17,1.0000,6.31
3736,3709b,16,0.9412,12.40
3736,3701,16,0.9412,7.74
3736,3673,16,0.9412,5.60
3736,3705,16,0.9412,5.04
3736,3713,16,0.9412,4.88
3736,3648a,15,0.8824,35.86
3736,3647,15,0.8824,15.74
3736,3703,15,0.8824,14.84
3736,3702,15,0.8824,11.23
3736,3737,15,0.8824,10.25
3736,3651,14,0.8235,25.63
3960,3956,25,0.3086,5.19
3960,3959,18,0.2222,4.71
3960,3962a,14,0.1728,4.68
3960,3039p34,13,0.1605,5.34
14682,59443,5,1.0000,8.04
14682,43093,5,1.0000,7.21
14682,55013,4,0.8000,13.77
14682,32009,4,0.8000,12.19
14682,87083,4,0.8000,9.14
14682,32526,4,0.8000,8.18
14682,32316,4,0.8000,7.70
14682,62462,4,0.8000,7.14
14682,32073,4,0.8000,6.80
14682,32054,4,0.8000,6.61
14682,6558,4,0.8000,5.74
14682,4519,4,0.8000,4.54
30355,30356,28,1.0000,50.45
30355,6636,23,0.8214,4.47
30355,2445,18,0.6429,4.77
30355,3701,16,0.5714,4.70
30355,3029,15,0.5357,5.52
30355,54384,14,0.5000,14.34
30355,2456,14,0.5000,5.42
30355,54383,13,0.4643,13.06
30355,2419,13,0.4643,7.00
30355,6134,13,0.4643,5.91
30355,32123a,13,0.4643,5.43
30355,32000,13,0.4643,4.89
30356,30355,28,0.9655,50.45
30356,6636,24,0.8276,4.50
30356,2445,19,0.6552,4.87
30356,3701,16,0.5517,4.53
30356,3029,15,0.5172,5.33
30356,54384,14,0.4828,13.85
30356,32123a,14,0.4828,5.65
30356,2456,14,0.4828,5.23
30356,54383,13,0.4483,12.61
30356,2419,13,0.4483,6.76
30356,6134,13,0.4483,5.70
30356,32000,13,0.4483,4.72
3942b,3938,20,0.6452,4.63
3942b,3838,15,0.4839,5.40
3942b,3956,13,0.4194,7.05
3942b,4276b,12,0.3871,5.01
3942b,3747a,12,0.3871,4.10
3942b,3680,11,0.3548,5.30
3942b,3679,11,0.3548,5.19
3942b,3943b,10,0.3226,14.30
3942b,4859,10,0.3226,4.37
3942b,3730,9,0.2903,9.44
3942b,2419,9,0.2903,4.38
3942b,4623,9,0.2903,4.25
3943b,3956,19,0.5758,9.68
3943b,3957a,19,0.5758,4.09
3943b,3838,18,0.5455,6.09
3943b,3963,12,0.3636,12.37
3943b,3933,12,0.3636,10.04
3943b,3934,12,0.3636,10.04
3943b,3839b,12,0.3636,5.43
3943b,973p90,11,0.3333,13.55
3943b,3842a,11,0.3333,10.16
3943b,2419,11,0.3333,5.03
3943b,3942b,10,0.3030,14.30
3943b,3959,10,0.3030,6.43
43712,2456,10,0.6667,7.22
43712,30414,10,0.6667,5.36
43712,44728,10,0.6667,4.45
43712,6134,9,0.6000,7.63
43712,42023,7,0.4667,25.29
43712,61678,7,0.4667,6.97
43712,6541,7,0.4667,4.43
43712,41767,6,0.4000,29.26
43712,41768,6,0.4000,29.26
43712,43713,6,0.4000,25.44
43712,44126,6,0.4000,19.51
43712,42022,6,0.4000,16.72
2419,3838,42,0.4330,4.84
2419,4276b,34,0.3505,4.54
2419,2450,32,0.3299,4.64
2419,4275b,26,0.2680,4.78
2419,4590,25,0.2577,5.31
2419,2569,24,0.2474,4.36
2419,4735,23,0.2371,4.28
2419,2452,20,0.2062,5.20
2419,4598,16,0.1649,6.35
2419,3933,16,0.1649,4.55
2419,3934,16,0.1649,4.55
2419,4730,15,0.1546,7.80
3069bpc1,32013,5,0.7143,6.11
3069bpc1,43093,5,0.7143,5.15
3069bpc1,4740,5,0.7143,4.11
3069bpc1,4519,5,0.7143,4.05
3069bpc1,6191,4,0.5714,22.59
3069bpc1,54384,4,0.5714,16.39
3069bpc1,54383,4,0.5714,16.08
3069bpc1,6081,4,0.5714,15.48
3069bpc1,42610,4,0.5714,11.94
3069bpc1,63868,4,0.5714,7.89
3069bpc1,6134,4,0.5714,7.27
3069bpc1,32000,4,0.5714,6.01
87615,2432,5,0.8333,6.04
87615,87611,4,0.6667,243.83
87615,32059,4,0.6667,36.12
87615,52501,4,0.6667,28.69
87615,47457,4,0.6667,17.11
87615,62462,4,0.6667,5.95
87615,43093,4,0.6667,4.80
87615,85984,4,0.6667,4.30
2444,3647,25,0.2551,4.55
2444,2730,19,0.1939,4.30
2444,4019,16,0.1633,5.83
2444,30363,15,0.1531,4.23
2444,3743,15,0.1531,4.07
32059,6636,22,0.8148,4.43
32059,3035,20,0.7407,4.07
32059,2456,18,0.6667,7.22
32059,30414,17,0.6296,5.06
32059,6179,16,0.5926,11.26
32059,2445,16,0.5926,4.40
32059,3701,15,0.5556,4.57
32059,32000,13,0.4815,5.07
32059,4282,13,0.4815,4.30
32059,3702,12,0.4444,5.65
32059,3029,12,0.4444,4.58
32059,6541,12,0.4444,4.22
3647,3713,80,0.9756,5.06
3647,3705,77,0.9390,5.03
3647,3706,70,0.8537,5.38
3647,3749,69,0.8415,4.73
3647,3673,62,0.7561,4.50
3647,3707,61,0.7439,6.93
3647,3737,55,0.6707,7.79
3647,3701,53,0.6463,5.31
3647,3702,48,0.5854,7.45
3647,3709b,43,0.5244,6.91
3647,3894,43,0.5244,6.91
3647,3895,40,0.4878,8.02
41532,3794b,7,0.5833,4.85
41532,50950,7,0.5833,4.77
41532,30553,6,0.5000,11.61
41532,2877,6,0.5000,4.52
41532,30414,6,0.5000,4.02
41532,59443,6,0.5000,4.02
41532,4150,5,0.4167,6.48
41532,2444,5,0.4167,6.22
41532,61678,5,0.4167,6.22
41532,32123a,5,0.4167,4.88
41532,3176,5,0.4167,4.45
41532,60478,5,0.4167,4.26
43121,54384,5,0.7143,20.49
43121,54383,5,0.7143,20.10
43121,2444,5,0.7143,10.66
43121,3673,5,0.7143,4.25
43121,41747,4,0.5714,23.22
43121,41748,4,0.5714,22.59
43121,30383,4,0.5714,13.48
43121,3033,4,0.5714,6.01
43121,30414,4,0.5714,4.59
43121,48336,4,0.5714,4.16
43121,43093,4,0.5714,4.12
48933,47457,6,0.6667,17.11
48933,99207,6,0.6667,10.60
48933,87087,6,0.6667,5.64
48933,44728,6,0.6667,4.45
48933,85984,6,0.6667,4.30
48933,30355,5,0.5556,29.03
48933,30356,5,0.5556,28.03
48933,54384,5,0.5556,15.94
48933,43898,5,0.5556,14.26
48933,42610,5,0.5556,11.61
48933,99781,5,0.5556,9.45
48933,93273,5,0.5556,8.13
44822,30414,10,0.6667,5.36
44822,2445,9,0.6000,4.46
44822,48336,9,0.6000,4.37
44822,6134,8,0.5333,6.78
44822,50950,8,0.5333,4.36
44822,3815b,7,0.4667,8.53
44822,2877,7,0.4667,4.21
44822,44570,6,0.4000,32.51
44822,2456,6,0.4000,4.33
44822,32000,6,0.4000,4.21
44822,6231,6,0.4000,4.06
44822,48183,5,0.3333,18.76
50955,50956,9,1.0000,162.56
50955,3701,9,1.0000,8.22
50955,2445,9,1.0000,7.43
50955,4162,9,1.0000,4.50
50955,6541,8,0.8889,8.44
50955,43093,8,0.8889,6.41
50955,44728,8,0.8889,5.94
50955,6636,8,0.8889,4.83
50955,3713,8,0.8889,4.61
50955,4477,8,0.8889,4.10
50955,4274,8,0.8889,4.00
50955,99207,7,0.7778,12.37
50956,50955,9,1.0000,162.56
50956,3701,9,1.0000,8.22
50956,2445,9,1.0000,7.43
50956,4162,9,1.0000,4.50
50956,6541,8,0.8889,8.44
50956,43093,8,0.8889,6.41
50956,44728,8,0.8889,5.94
50956,6636,8,0.8889,4.83
50956,3713,8,0.8889,4.61
50956,4477,8,0.8889,4.10
50956,4274,8,0.8889,4.00
50956,99207,7,0.7778,12.37
57909,2445,4,0.8000,5.94
57909,44728,4,0.8000,5.34
57909,4740,4,0.8000,4.61
30236,2456,19,0.3725,4.04
30236,3007,14,0.2745,4.41
30236,30377,12,0.2353,8.40
30236,30383,12,0.2353,5.55
30236,6179,12,0.2353,4.47
30236,30031,11,0.2157,7.17
30236,32018,11,0.2157,5.44
30236,4510,11,0.2157,4.93
30236,30162,10,0.1961,4.95
30236,30413,10,0.1961,4.70
30236,30553,10,0.1961,4.55
30236,42022,9,0.1765,7.38
2476b,6179,4,1.0000,19.00
2476b,32000,4,1.0000,10.53
2476b,30374,4,1.0000,8.36
2476b,2555,4,1.0000,7.46
2476b,6091,4,1.0000,7.46
2476b,6558,4,1.0000,7.17
2476b,6636,4,1.0000,5.44
2476b,4477,4,1.0000,4.62
2476b,4162,4,1.0000,4.50
2476b,4274,4,1.0000,4.50
2476b,2780,4,1.0000,4.41
44569,2555,4,1.0000,7.46
47457,48336,35,0.6140,4.47
47457,30414,33,0.5789,4.65
47457,60478,23,0.4035,4.13
47457,32064a,21,0.3684,5.44
47457,6134,21,0.3684,4.69
47457,63868,20,0.3509,4.84
47457,99207,18,0.3158,5.02
47457,6232,16,0.2807,7.33
47457,92280,16,0.2807,5.33
47457,99781,16,0.2807,4.78
47457,47397,15,0.2632,13.28
47457,32018,15,0.2632,6.64
47755,50943,6,0.6000,18.68
47755,32000,6,0.6000,6.32
47755,3794b,6,0.6000,4.99
47755,44728,6,0.6000,4.01
47755,60478,5,0.5000,5.12
47755,6019,5,0.5000,4.66
47755,3030,5,0.5000,4.25
47755,50950,5,0.5000,4.09
47755,30414,5,0.5000,4.02
47755,30236,4,0.4000,11.47
47755,2730,4,0.4000,8.87
47755,93273,4,0.4000,5.85
50967,48336,9,1.0000,7.28
50967,6636,9,1.0000,5.44
50967,4477,9,1.0000,4.62
50967,56145,7,0.7778,18.96
50967,50950,7,0.7778,6.36
50967,30414,7,0.7778,6.25
50967,44728,7,0.7778,5.20
50967,44309,6,0.6667,54.19
50967,32530,6,0.6667,18.76
50967,61678,6,0.6667,9.95
50967,2730,5,0.5556,12.31
50967,2819,5,0.5556,11.95
3044b,3037,9,0.6923,5.63
3044b,3038,6,0.4615,8.34
3044b,3046,5,0.3846,19.40
3044b,3853,4,0.3077,8.34
3044b,3297,4,0.3077,4.50
50943,6157,31,0.6596,7.04
50943,2436a,31,0.6596,4.11
50943,50950,28,0.5957,4.87
50943,51719,26,0.5532,14.71
50943,50951,26,0.5532,11.24
50943,3788,25,0.5319,4.58
50943,44674,21,0.4468,11.47
50943,50947,20,0.4255,13.83
50943,50949,18,0.3830,18.07
50943,30602,16,0.3404,6.47
50943,30027a,13,0.2766,10.94
50943,30553,11,0.2340,5.43
44661,6134,6,0.4615,5.87
44661,32000,5,0.3846,4.05
44661,54384,4,0.3077,8.83
44661,54383,4,0.3077,8.66
44661,60470a,4,0.3077,7.15
44661,88072,4,0.3077,7.03
44661,30602,4,0.3077,5.85
44661,3956,4,0.3077,5.17
44661,2460,4,0.3077,5.06
4150,3894,29,0.3085,4.07
4150,3895,24,0.2553,4.20
4150,3743,18,0.1915,5.09
52501,50745,18,0.5294,18.01
52501,30413,14,0.4118,9.88
52501,3815b,14,0.4118,7.53
52501,4488,14,0.4118,7.17
52501,47457,12,0.3529,9.06
52501,6015,11,0.3235,4.83
52501,52036,10,0.2941,43.03
52501,52038,10,0.2941,33.10
52501,4176,10,0.2941,10.25
52501,45677,9,0.2647,7.04
52501,61252,9,0.2647,4.61
52501,57783,8,0.2353,21.51
60470a,48336,46,0.7302,5.31
60470a,3747b,18,0.2857,6.74
60470a,47457,14,0.2222,5.70
60470a,32018,14,0.2222,5.61
60470a,30237,11,0.1746,6.08
60470a,52031,10,0.1587,6.11
60470a,54384,10,0.1587,4.55
60470a,54383,10,0.1587,4.47
87611,87615,4,1.0000,243.83
10314,14719,7,1.0000,19.77
10314,25269,7,1.0000,15.90
10314,60479,7,1.0000,15.90
10314,15712,7,1.0000,14.34
10314,99206,7,1.0000,12.40
10314,11211,7,1.0000,11.52
10314,99780,7,1.0000,11.43
10314,60478,7,1.0000,10.23
10314,15068,7,1.0000,9.69
10314,15573,7,1.0000,8.46
10314,87087,7,1.0000,8.46
10314,11477,7,1.0000,8.27
13547,87087,13,0.8667,7.33
13547,63864,13,0.8667,7.12
13547,32028,13,0.8667,5.33
13547,87079,13,0.8667,5.11
13547,6636,13,0.8667,4.71
13547,99207,12,0.8000,12.72
13547,99206,12,0.8000,9.92
13547,11211,12,0.8000,9.22
13547,99780,12,0.8000,9.14
13547,11477,12,0.8000,6.61
13547,85984,12,0.8000,5.16
13547,99781,11,0.7333,12.48
24309,99206,7,1.0000,12.40
24309,11211,7,1.0000,11.52
24309,15068,7,1.0000,9.69
24309,87087,7,1.0000,8.46
24309,98138,7,1.0000,7.78
24309,87079,7,1.0000,5.90
24309,4162,7,1.0000,4.50
24309,15535,6,0.8571,20.23
24309,60479,6,0.8571,13.63
24309,99207,6,0.8571,13.63
24309,15712,6,0.8571,12.29
24309,60897,6,0.8571,12.17
24607,11215,5,1.0000,47.19
24607,99207,5,1.0000,15.90
24607,99206,5,1.0000,12.40
24607,99780,5,1.0000,11.43
24607,60478,5,1.0000,10.23
24607,15068,5,1.0000,9.69
24607,62462,5,1.0000,8.92
24607,87087,5,1.0000,8.46
24607,30374,5,1.0000,8.36
24607,11477,5,1.0000,8.27
24607,63864,5,1.0000,8.22
24607,98138,5,1.0000,7.78
34816,11215,4,1.0000,47.19
34816,93606,4,1.0000,41.80
34816,24246,4,1.0000,40.64
34816,15672,4,1.0000,38.50
34816,60475b,4,1.0000,34.83
34816,60470b,4,1.0000,31.80
34816,48729b,4,1.0000,24.38
34816,15535,4,1.0000,23.60
34816,99781,4,1.0000,17.01
34816,85861,4,1.0000,16.82
34816,99207,4,1.0000,15.90
34816,15712,4,1.0000,14.34
64453,30414,8,1.0000,8.04
64453,6636,8,1.0000,5.44
64453,87079,7,0.8750,5.16
64453,4079,6,0.7500,5.41
64453,85984,6,0.7500,4.83
64453,32028,6,0.7500,4.61
64453,3035,6,0.7500,4.12
64453,50745,5,0.6250,21.26
64453,92280,5,0.6250,11.88
64453,4488,5,0.6250,10.89
64453,92593,5,0.6250,6.88
64453,4282,5,0.6250,5.58
4176,4488,24,0.5714,9.95
4176,30414,23,0.5476,4.40
4176,50745,20,0.4762,16.20
4176,3899,18,0.4286,7.04
4176,3822,18,0.4286,4.38
4176,3821,17,0.4048,4.23
4176,52031,15,0.3571,13.75
4176,3815b,14,0.3333,6.10
4176,6015,13,0.3095,4.62
4176,52501,10,0.2381,10.25
4176,87552,10,0.2381,6.97
4176,47457,10,0.2381,6.11
2653,6636,25,0.8065,4.39
2653,32028,21,0.6774,4.16
2653,2445,20,0.6452,4.79
2653,2432,20,0.6452,4.67
2653,2877,17,0.5484,4.95
2653,3701,17,0.5484,4.51
2653,3298,17,0.5484,4.07
2653,30414,16,0.5161,4.15
2653,60479,15,0.4839,7.69
2653,3176,15,0.4839,5.17
2653,30374,15,0.4839,4.05
2653,92280,14,0.4516,8.58
91884,92280,7,1.0000,19.00
91884,60478,7,1.0000,10.23
91884,87087,7,1.0000,8.46
91884,11477,7,1.0000,8.27
91884,63864,7,1.0000,8.22
91884,6091,7,1.0000,7.46
91884,48336,7,1.0000,7.28
91884,32028,7,1.0000,6.15
91884,87079,7,1.0000,5.90
91884,6636,7,1.0000,5.44
91884,4162,7,1.0000,4.50
91884,4274,7,1.0000,4.50
30132,30141,12,0.5455,49.87
30132,3069bp03,10,0.4545,66.50
30132,30133,9,0.4091,46.04
30132,3629,8,0.3636,31.29
30132,30136,8,0.3636,6.82
30132,973pw5,6,0.2727,66.50
30132,3626bpw1,6,0.2727,57.00
30132,30135,6,0.2727,44.33
30132,4491b,6,0.2727,36.27
30132,30137,6,0.2727,18.14
30132,6126a,6,0.2727,18.14
30132,2458,6,0.2727,5.05
4445,3037,28,0.6222,5.06
4445,3038,22,0.4889,8.83
4445,6541,20,0.4444,4.22
4445,2456,17,0.3778,4.09
4445,3041,14,0.3111,21.67
4445,3899,13,0.2889,4.75
4445,3043,11,0.2444,13.75
4445,3857,11,0.2444,7.61
4445,4510,11,0.2444,5.59
4445,30136,11,0.2444,4.58
4445,3659,11,0.2444,4.31
4445,61252,11,0.2444,4.26
23950,15573,11,1.0000,8.46
23950,87079,10,0.9091,5.36
23950,15207,9,0.8182,49.88
23950,85861,9,0.8182,13.76
23950,99207,9,0.8182,13.01
23950,11211,9,0.8182,9.43
23950,87580,9,0.8182,9.07
23950,30374,9,0.8182,6.84
23950,11477,9,0.8182,6.76
23950,63864,9,0.8182,6.72
23950,85984,9,0.8182,5.27
23950,6636,9,0.8182,4.45
93555,99781,7,1.0000,17.01
93555,60478,7,1.0000,10.23
93555,15573,7,1.0000,8.46
93555,98138,7,1.0000,7.78
93555,60479,6,0.8571,13.63
93555,99206,6,0.8571,10.63
93555,11211,6,0.8571,9.87
93555,99780,6,0.8571,9.80
93555,6541,6,0.8571,8.14
93555,87087,6,0.8571,7.25
93555,11477,6,0.8571,7.08
93555,63864,6,0.8571,7.04
65734,41682,4,1.0000,63.61
65734,36840,4,1.0000,34.83
65734,34103,4,1.0000,34.02
65734,11458,4,1.0000,29.86
65734,33909,4,1.0000,28.69
65734,32952,4,1.0000,26.60
65734,11212,4,1.0000,19.51
65734,60479,4,1.0000,15.90
65734,99207,4,1.0000,15.90
65734,15712,4,1.0000,14.34
65734,11476,4,1.0000,12.95
65734,99206,4,1.0000,12.40
6060,6091,17,1.0000,7.46
6060,4477,16,0.9412,4.34
6060,3832,16,0.9412,4.09
6060,6636,14,0.8235,4.48
6060,2445,13,0.7647,5.68
6060,3701,12,0.7059,5.80
6060,48336,12,0.7059,5.14
6060,44728,12,0.7059,4.72
6060,30414,11,0.6471,5.20
6060,3665a,11,0.6471,4.23
6060,3176,10,0.5882,6.28
6060,60478,10,0.5882,6.02
2711,3700,18,1.0000,4.41
2711,3706,17,0.9444,5.96
2711,3713,17,0.9444,4.90
2711,3704,16,0.8889,36.12
2711,3895,16,0.8889,14.61
2711,3707,16,0.8889,8.28
2711,3701,16,0.8889,7.31
2711,4519,16,0.8889,5.04
2711,3749,16,0.8889,5.00
2711,3705,16,0.8889,4.76
2711,4274,16,0.8889,4.00
2711,3894,15,0.8333,10.98
30505,2357,12,0.9231,5.70
30505,6636,12,0.9231,5.02
30505,3002,12,0.9231,4.38
30505,4162,12,0.9231,4.16
30505,3832,12,0.9231,4.01
30505,30414,11,0.8462,6.80
30505,2445,10,0.7692,5.71
30505,44728,10,0.7692,5.14
30505,63864,9,0.6923,5.69
30505,87079,9,0.6923,4.08
30505,3245c,8,0.6154,27.28
30505,60479,8,0.6154,9.79
42023,3701,16,0.5926,4.87
42023,3030,14,0.5185,4.41
42023,2456,13,0.4815,5.22
42023,54384,12,0.4444,12.75
42023,54383,12,0.4444,12.50
42023,32018,12,0.4444,11.21
42023,2450,12,0.4444,6.25
42023,3702,12,0.4444,5.65
42023,60478,12,0.4444,4.55
42023,6179,11,0.4074,7.74
42023,30503,10,0.3704,13.89
42023,61252,10,0.3704,6.45
14413,15535,6,1.0000,23.60
14413,99780,6,1.0000,11.43
14413,87087,6,1.0000,8.46
14413,63864,6,1.0000,8.22
14413,30414,6,1.0000,8.04
14413,6091,6,1.0000,7.46
14413,48336,6,1.0000,7.28
14413,2357,6,1.0000,6.17
14413,87079,6,1.0000,5.90
14413,6636,6,1.0000,5.44
14413,4162,6,1.0000,4.50
14413,3700,6,1.0000,4.41
30000,6636,23,0.8519,4.63
30000,44728,21,0.7778,5.20
30000,3701,20,0.7407,6.09
30000,30414,18,0.6667,5.36
30000,48336,18,0.6667,4.85
30000,43093,18,0.6667,4.80
30000,32028,18,0.6667,4.10
30000,6558,17,0.6296,4.52
30000,2445,16,0.5926,4.40
30000,2730,15,0.5556,12.31
30000,99207,15,0.5556,8.83
30000,11211,15,0.5556,6.40
33243,87087,7,0.8750,7.40
33243,48336,7,0.8750,6.37
33243,87079,7,0.8750,5.16
33243,30414,6,0.7500,6.03
33243,6091,6,0.7500,5.60
33243,2456,5,0.6250,6.77
33243,6231,5,0.6250,6.35
33243,85984,5,0.6250,4.03
33243,30350a,4,0.5000,52.25
33243,95820,4,0.5000,30.48
33243,59895,4,0.5000,24.38
33243,87552,4,0.5000,14.63
93061,11477,6,1.0000,8.27
93061,15712,5,0.8333,11.95
93061,60897,5,0.8333,11.84
93061,15573,5,0.8333,7.05
93061,44728,5,0.8333,5.57
93061,85984,5,0.8333,5.37
93061,2540,5,0.8333,4.25
93061,23443,4,0.6667,39.01
93061,15672,4,0.6667,25.67
93061,34103,4,0.6667,22.68
93061,60470b,4,0.6667,21.20
93061,87994,4,0.6667,12.83
14395,3665a,5,1.0000,6.53
14395,2357,5,1.0000,6.17
14395,34103,4,0.8000,27.22
14395,3830,4,0.8000,17.47
14395,3831,4,0.8000,17.47
14395,26603,4,0.8000,15.20
14395,85861,4,0.8000,13.45
14395,3007,4,0.8000,12.86
14395,15712,4,0.8000,11.47
14395,60897,4,0.8000,11.36
14395,63868,4,0.8000,11.04
14395,99206,4,0.8000,9.92
2569,6019,42,0.5060,4.72
2569,3838,35,0.4217,4.71
2569,4859,30,0.3614,4.90
2569,4276b,30,0.3614,4.68
2569,2419,24,0.2892,4.36
2569,2465,23,0.2771,4.10
2569,4623,23,0.2771,4.05
2569,4531,21,0.2530,5.00
2569,4275b,21,0.2530,4.51
2569,2433,20,0.2410,7.34
2569,2452,19,0.2289,5.77
2569,3069bp68,18,0.2169,12.69
2454b,60592,9,1.0000,39.54
2454b,87079,9,1.0000,5.90
2454b,20482,8,0.8889,26.54
2454b,33909,8,0.8889,25.50
2454b,32952,8,0.8889,23.64
2454b,15573,8,0.8889,7.52
2454b,63864,8,0.8889,7.31
2454b,85984,8,0.8889,5.73
2454b,2357,8,0.8889,5.49
2454b,3002,8,0.8889,4.22
2454b,14716,7,0.7778,51.72
2454b,98283,7,0.7778,29.18
65803,11212,4,1.0000,19.51
65803,2458,4,1.0000,18.52
65803,63864,4,1.0000,8.22
65803,2357,4,1.0000,6.17
65803,4162,4,1.0000,4.50
65803,2780,4,1.0000,4.41
50451,43093,7,0.8750,6.31
50451,32062,7,0.8750,4.83
50451,18677,6,0.7500,21.10
50451,18651,6,0.7500,12.47
50451,18654,6,0.7500,12.19
50451,60478,6,0.7500,7.67
50451,15068,6,0.7500,7.27
50451,32523,6,0.7500,6.65
50451,32073,6,0.7500,6.38
50451,11477,6,0.7500,6.20
50451,63864,6,0.7500,6.16
50451,98138,6,0.7500,5.84
35459,60479,9,1.0000,15.90
35459,15712,9,1.0000,14.34
35459,11211,9,1.0000,11.52
35459,15573,9,1.0000,8.46
35459,63864,9,1.0000,8.22
35459,6636,9,1.0000,5.44
35459,4162,9,1.0000,4.50
35459,33909,8,0.8889,25.50
35459,11212,8,0.8889,17.34
35459,26603,8,0.8889,16.89
35459,85861,8,0.8889,14.95
35459,25269,8,0.8889,14.14
35044,15068,7,1.0000,9.69
35044,26047,6,0.8571,33.89
35044,99206,6,0.8571,10.63
35044,15573,6,0.8571,7.25
35044,11477,6,0.8571,7.08
35044,30414,6,0.8571,6.89
35044,87079,6,0.8571,5.06
35044,6636,6,0.8571,4.66
35044,41682,5,0.7143,45.43
35044,64799,5,0.7143,30.74
35044,20482,5,0.7143,21.33
35044,99207,5,0.7143,11.36
3678b,48336,18,0.6429,4.68
3678b,44728,18,0.6429,4.29
3678b,30414,17,0.6071,4.88
3678b,87087,16,0.5714,4.83
3678b,63864,15,0.5357,4.40
3678b,4282,14,0.5000,4.46
3678b,11477,14,0.5000,4.13
3678b,60897,13,0.4643,6.59
3678b,6541,13,0.4643,4.41
3678b,62462,13,0.4643,4.14
3678b,60479,12,0.4286,6.82
3678b,32064a,12,0.4286,6.33
43711,43710,20,0.9524,69.67
43711,44728,13,0.6190,4.14
43711,30414,12,0.5714,4.59
43711,2555,12,0.5714,4.27
43711,30357,9,0.4286,8.83
43711,6541,9,0.4286,4.07
43711,30363,8,0.3810,10.52
43711,30553,8,0.3810,8.85
43711,2456,8,0.3810,4.13
43711,42022,7,0.3333,13.93
43711,6564,7,0.3333,13.55
43711,47457,7,0.3333,8.56
43713,4871,14,0.6087,9.79
43713,32064a,11,0.4783,7.07
43713,42023,8,0.3478,18.85
43713,60479,8,0.3478,5.53
43713,6134,8,0.3478,4.42
43713,47398,7,0.3043,15.90
43713,47397,7,0.3043,15.35
43713,43719,7,0.3043,13.49
43713,42022,7,0.3043,12.72
43713,30503,7,0.3043,11.42
43713,54384,7,0.3043,8.73
43713,30602,7,0.3043,5.78
6222,6636,17,0.8095,4.40
6222,44728,14,0.6667,4.45
6222,3037,13,0.6190,5.03
6222,2555,13,0.6190,4.62
6222,6587,12,0.5714,7.33
6222,3701,12,0.5714,4.70
6222,2432,12,0.5714,4.14
6222,2456,11,0.5238,5.68
6222,3029,11,0.5238,5.40
6222,6541,11,0.5238,4.98
6222,3036,11,0.5238,4.40
6222,30363,10,0.4762,13.14
99784,10247,4,1.0000,30.48
99784,32064a,4,1.0000,14.78
99784,3702,4,1.0000,12.72
99784,3701,4,1.0000,8.22
99784,30414,4,1.0000,8.04
99784,44728,4,1.0000,6.68
99784,2357,4,1.0000,6.17
99784,87079,4,1.0000,5.90
99784,6636,4,1.0000,5.44
99784,2540,4,1.0000,5.10
99784,4477,4,1.0000,4.62
99784,4162,4,1.0000,4.50
11399,87580,5,1.0000,11.08
11399,63864,5,1.0000,8.22
11399,30414,5,1.0000,8.04
11399,98138,5,1.0000,7.78
11399,48336,5,1.0000,7.28
11399,32028,5,1.0000,6.15
11399,4740,5,1.0000,5.76
11399,4274,5,1.0000,4.50
11399,2780,5,1.0000,4.41
11399,3700,5,1.0000,4.41
11399,60474,4,0.8000,17.47
11399,61252,4,0.8000,13.93
86208,2445,6,1.0000,7.43
86208,59900,5,0.8333,8.65
86208,63864,5,0.8333,6.85
86208,30414,5,0.8333,6.70
86208,48336,5,0.8333,6.07
86208,44728,5,0.8333,5.57
86208,32028,5,0.8333,5.12
86208,87079,5,0.8333,4.92
86208,6636,5,0.8333,4.53
86208,85861,4,0.6667,11.21
86208,15712,4,0.6667,9.56
86208,99206,4,0.6667,8.27
87990,85984,6,1.0000,6.44
87990,2357,6,1.0000,6.17
87990,60475b,5,0.8333,29.03
87990,99207,5,0.8333,13.25
87990,93273,5,0.8333,12.19
87990,15712,5,0.8333,11.95
87990,11211,5,0.8333,9.60
87990,99780,5,0.8333,9.52
87990,87580,5,0.8333,9.24
87990,3176,5,0.8333,8.90
87990,15068,5,0.8333,8.07
87990,4282,5,0.8333,7.43
91501,6231,11,0.7857,7.98
91501,6636,11,0.7857,4.27
91501,87580,10,0.7143,7.92
91501,87087,10,0.7143,6.04
91501,63864,10,0.7143,5.87
91501,98138,10,0.7143,5.56
91501,87079,10,0.7143,4.21
91501,4865b,9,0.6429,9.13
91501,3036,9,0.6429,5.41
91501,30414,9,0.6429,5.17
91501,2445,9,0.6429,4.77
91501,85984,9,0.6429,4.14
41767,41768,20,1.0000,73.15
41767,6636,17,0.8500,4.62
41767,44728,15,0.7500,5.01
41767,3035,15,0.7500,4.12
41767,30414,14,0.7000,5.63
41767,32000,13,0.6500,6.84
41767,6541,13,0.6500,6.18
41767,3701,13,0.6500,5.34
41767,6558,13,0.6500,4.66
41767,2456,12,0.6000,6.50
41767,2555,12,0.6000,4.48
41767,54384,11,0.5500,15.78
41768,41767,20,1.0000,73.15
41768,6636,17,0.8500,4.62
41768,44728,15,0.7500,5.01
41768,3035,15,0.7500,4.12
41768,30414,14,0.7000,5.63
41768,32000,13,0.6500,6.84
41768,6541,13,0.6500,6.18
41768,3701,13,0.6500,5.34
41768,6558,13,0.6500,4.66
41768,2456,12,0.6000,6.50
41768,2555,12,0.6000,4.48
41768,54384,11,0.5500,15.78
43720,43721,14,0.9333,97.53
43720,3037,10,0.6667,5.42
43720,30414,10,0.6667,5.36
43720,48336,9,0.6000,4.37
43720,44728,9,0.6000,4.01
43720,2450,8,0.5333,7.50
43720,2456,8,0.5333,5.78
43720,6231,8,0.5333,5.42
43720,3036,8,0.5333,4.48
43720,3701,8,0.5333,4.38
43720,2730,7,0.4667,10.34
43720,4287a,7,0.4667,9.10
47759,11477,6,0.7500,6.20
47759,44728,6,0.7500,5.01
47759,48336,5,0.6250,4.55
47759,99780,4,0.5000,5.71
47759,15068,4,0.5000,4.84
20877,3678b,4,1.0000,52.25
20877,3957b,4,1.0000,35.68
20877,85861,4,1.0000,16.82
20877,60479,4,1.0000,15.90
20877,15712,4,1.0000,14.34
20877,4865b,4,1.0000,14.20
20877,60897,4,1.0000,14.20
20877,63868,4,1.0000,13.80
20877,99780,4,1.0000,11.43
20877,15068,4,1.0000,9.69
20877,4282,4,1.0000,8.92
20877,15573,4,1.0000,8.46
30359b,4740,7,1.0000,5.76
30359b,3701,6,0.8571,7.04
30359b,2555,6,0.8571,6.40
30359b,2445,6,0.8571,6.37
30359b,4589,6,0.8571,5.36
30359b,6636,6,0.8571,4.66
30359b,42022,5,0.7143,29.86
30359b,2419,5,0.7143,10.77
30359b,6587,5,0.7143,9.17
30359b,6134,5,0.7143,9.09
30359b,4599a,5,0.7143,9.09
30359b,30374,5,0.7143,5.97
4285b,4286,12,0.7500,4.48
4285b,4589,11,0.6875,4.30
4285b,2555,9,0.5625,4.20
4285b,2432,9,0.5625,4.07
4285b,4276b,7,0.4375,5.66
4285b,3747a,7,0.4375,4.64
4285b,4531,6,0.3750,7.41
4285b,4275b,6,0.3750,6.69
4285b,2569,6,0.3750,6.61
4285b,4871,6,0.3750,6.03
4285b,4859,6,0.3750,5.08
4285b,4599a,6,0.3750,4.77
4588,4589,21,0.7241,4.53
4588,4592,20,0.6897,5.10
4588,4593,20,0.6897,5.10
4588,3838,18,0.6207,6.93
4588,4735,16,0.5517,9.97
4588,3956,13,0.4483,7.54
4588,4590,11,0.3793,7.82
4588,2419,11,0.3793,5.72
4588,4229,9,0.3103,13.35
4588,752,9,0.3103,10.09
4588,4595,9,0.3103,7.97
4588,4531,9,0.3103,6.14
4598,3838,32,0.8421,9.40
4598,4276b,22,0.5789,7.50
4598,4592,22,0.5789,4.28
4598,4593,22,0.5789,4.28
4598,4590,21,0.5526,11.39
4598,2419,16,0.4211,6.35
4598,4735,15,0.3947,7.13
4598,4595,13,0.3421,8.78
4598,3839b,13,0.3421,5.11
4598,2433,12,0.3158,9.62
4598,2452,12,0.3158,7.97
4598,4596,11,0.2895,13.23
30145,3794b,10,0.6667,5.54
30145,2445,10,0.6667,4.95
30145,2432,10,0.6667,4.83
30145,30414,9,0.6000,4.82
30145,44728,9,0.6000,4.01
30145,6179,8,0.5333,10.13
30145,4282,8,0.5333,4.76
30145,30374,8,0.5333,4.46
30145,3701,8,0.5333,4.38
30145,32018,7,0.4667,11.77
30145,3895,7,0.4667,7.67
30145,3007,7,0.4667,7.50
6583,2920,9,0.5294,24.98
6583,4022,9,0.5294,22.78
6583,4092a,7,0.4118,21.51
6583,4175,7,0.4118,5.91
6583,6584,6,0.3529,64.54
6583,2878c01,6,0.3529,21.51
6583,3833,5,0.2941,5.89
6583,973p82,4,0.2353,49.18
6583,3626bp04,4,0.2353,6.62
6583,2921,4,0.2353,4.65
95347,51739,4,1.0000,20.61
95347,61252,4,1.0000,17.42
95347,63868,4,1.0000,13.80
95347,4282,4,1.0000,8.92
95347,85984,4,1.0000,6.44
95347,32028,4,1.0000,6.15
95347,87079,4,1.0000,5.90
95347,3035,4,1.0000,5.50
95347,6636,4,1.0000,5.44
95347,3002,4,1.0000,4.75
95347,4477,4,1.0000,4.62
95347,3832,4,1.0000,4.34
4861,4865a,17,0.7391,5.30
4861,4625,16,0.6957,14.14
4861,4859,13,0.5652,7.66
4861,4624,13,0.5652,5.20
4861,4079,13,0.5652,4.07
4861,4858,12,0.5217,30.53
4861,4862,12,0.5217,20.63
4861,4856,11,0.4783,19.44
4861,4855,11,0.4783,13.99
4861,4854,11,0.4783,10.93
4861,4276b,11,0.4783,6.19
4861,3901,10,0.4348,6.56
32125,43093,7,0.5833,4.20
32125,6587,6,0.5000,6.42
32125,6589,6,0.5000,6.36
32125,32123a,6,0.5000,5.85
32125,4287a,5,0.4167,8.13
32125,32000,5,0.4167,4.39
32125,6632,5,0.4167,4.09
32125,32124,4,0.3333,9.20
32125,42610,4,0.3333,6.97
32125,32056,4,0.3333,5.95
32125,60479,4,0.3333,5.30
32125,32009,4,0.3333,5.08
4871,4854,30,0.3297,7.54
4871,4859,29,0.3187,4.32
4871,4855,26,0.2857,8.36
4871,2433,16,0.1758,5.36
4871,43713,14,0.1538,9.79
2340,4859,16,0.4444,6.02
2340,4276b,16,0.4444,5.75
2340,2569,15,0.4167,7.34
2340,3838,15,0.4167,4.65
2340,4315,14,0.3889,4.12
2340,2419,13,0.3611,5.45
2340,2465,12,0.3333,4.93
2340,4623,12,0.3333,4.88
2340,6111,12,0.3333,4.83
2340,4595,11,0.3056,7.84
2340,2450,11,0.3056,4.30
2340,2507,10,0.2778,20.32
85080,87079,17,0.7391,4.36
85080,87580,16,0.6957,7.71
85080,60478,15,0.6522,6.67
85080,63864,15,0.6522,5.36
85080,44728,15,0.6522,4.36
85080,85984,15,0.6522,4.20
85080,30357,14,0.6087,12.54
85080,60479,14,0.6087,9.68
85080,59900,14,0.6087,6.32
85080,6091,14,0.6087,4.54
85080,48336,14,0.6087,4.43
85080,63868,13,0.5652,7.80
43721,43720,14,1.0000,97.53
43721,3037,9,0.6429,5.23
43721,30414,9,0.6429,5.17
43721,6231,8,0.5714,5.81
43721,48336,8,0.5714,4.16
43721,2450,7,0.5000,7.03
43721,3894,7,0.5000,6.59
43721,32123a,7,0.5000,5.85
43721,2456,7,0.5000,5.42
43721,3036,7,0.5000,4.20
43721,3701,7,0.5000,4.11
43721,50950,7,0.5000,4.09
3049c,3665a,7,0.7000,4.57
3049c,4282,6,0.6000,5.35
3049c,25269,5,0.5000,7.95
3049c,99206,5,0.5000,6.20
3049c,15573,5,0.5000,4.23
3049c,15571,4,0.4000,30.80
3049c,3043,4,0.4000,22.51
3049c,87994,4,0.4000,7.70
3049c,3038,4,0.4000,7.22
3049c,15712,4,0.4000,5.74
3049c,11211,4,0.4000,4.61
3049c,60478,4,0.4000,4.09
2462,2357,15,0.7500,4.63
2462,2419,8,0.4000,6.03
2462,2450,8,0.4000,5.63
2462,3747a,8,0.4000,4.24
2462,3830,7,0.3500,7.64
2462,3831,7,0.3500,7.64
2462,6112,7,0.3500,7.42
2462,4085b,7,0.3500,6.65
2462,4735,7,0.3500,6.32
2462,3956,7,0.3500,5.89
2462,2458,6,0.3000,5.56
2462,3659,6,0.3000,5.29
4476,3838,17,0.6296,7.03
4476,3956,13,0.4815,8.10
4476,4315,13,0.4815,5.10
4476,4229,11,0.4074,17.53
4476,4276b,11,0.4074,5.27
4476,3747a,11,0.4074,4.32
4476,2569,10,0.3704,6.53
4476,3839b,10,0.3704,5.53
4476,4285a,9,0.3333,24.38
4476,3933,9,0.3333,9.20
4476,3934,9,0.3333,9.20
4476,4531,9,0.3333,6.59
2577,2357,7,0.7778,4.80
2577,30363,5,0.5556,15.34
2577,2458,5,0.5556,10.29
2577,3659,5,0.5556,9.79
2577,2456,5,0.5556,6.02
2577,3033,5,0.5556,5.85
2577,6231,5,0.5556,5.64
2577,3036,5,0.5556,4.67
2577,6259,4,0.4444,46.44
2577,3063b,4,0.4444,15.86
2577,2730,4,0.4444,9.85
2577,30565,4,0.4444,9.85
46413,2445,6,1.0000,7.43
46413,44728,6,1.0000,6.68
46413,6134,5,0.8333,10.60
46413,3701,5,0.8333,6.85
46413,6091,5,0.8333,6.22
46413,48336,5,0.8333,6.07
46413,6636,5,0.8333,4.53
46413,3937,5,0.8333,4.20
46413,44126,4,0.6667,32.51
46413,42022,4,0.6667,27.87
46413,32064a,4,0.6667,9.85
46413,2450,4,0.6667,9.38
42918,2654a,7,1.0000,28.69
42918,33909,7,1.0000,28.69
42918,60479,7,1.0000,15.90
42918,15712,7,1.0000,14.34
42918,99780,7,1.0000,11.43
42918,87087,7,1.0000,8.46
42918,3701,7,1.0000,8.22
42918,63864,7,1.0000,8.22
42918,30414,7,1.0000,8.04
42918,2445,7,1.0000,7.43
42918,44728,7,1.0000,6.68
42918,32028,7,1.0000,6.15
15397,15068,9,0.7500,7.27
15397,85984,9,0.7500,4.83
15397,99206,8,0.6667,8.27
15397,11211,8,0.6667,7.68
15397,87580,8,0.6667,7.39
15397,15573,8,0.6667,5.64
15397,15712,7,0.5833,8.37
15397,87087,7,0.5833,4.93
15397,11477,7,0.5833,4.82
15397,98138,7,0.5833,4.54
15397,87994,6,0.5000,9.62
15397,99781,6,0.5000,8.51
50340,11458,5,1.0000,29.86
50340,14719,5,1.0000,19.77
50340,11212,5,1.0000,19.51
50340,99207,5,1.0000,15.90
50340,15712,5,1.0000,14.34
50340,99780,5,1.0000,11.43
50340,15068,5,1.0000,9.69
50340,6541,5,1.0000,9.50
50340,15573,5,1.0000,8.46
50340,87087,5,1.0000,8.46
50340,11477,5,1.0000,8.27
50340,3701,5,1.0000,8.22
69729,73825,4,1.0000,292.60
69729,42918,4,1.0000,209.00
69729,44861,4,1.0000,121.92
69729,41682,4,1.0000,63.61
69729,23443,4,1.0000,58.52
69729,93606,4,1.0000,41.80
69729,4460b,4,1.0000,36.58
69729,36840,4,1.0000,34.83
69729,24201,4,1.0000,32.51
69729,60470b,4,1.0000,31.80
69729,2654a,4,1.0000,28.69
69729,33909,4,1.0000,28.69
73825,44861,5,1.0000,121.92
73825,41682,5,1.0000,63.61
73825,23443,5,1.0000,58.52
73825,24201,5,1.0000,32.51
73825,33909,5,1.0000,28.69
73825,32124,5,1.0000,27.60
73825,32952,5,1.0000,26.60
73825,18674,5,1.0000,21.84
73825,87994,5,1.0000,19.25
73825,25269,5,1.0000,15.90
73825,60479,5,1.0000,15.90
73825,99207,5,1.0000,15.90
44570,6636,14,0.7778,4.23
44570,30414,13,0.7222,5.81
44570,44568,11,0.6111,47.06
44570,6541,10,0.5556,5.28
44570,30374,10,0.5556,4.64
44570,48336,10,0.5556,4.04
44570,32000,9,0.5000,5.26
44570,3701,9,0.5000,4.11
44570,6134,8,0.4444,5.65
44570,2877,8,0.4444,4.01
44570,30413,7,0.3889,9.33
44570,30383,7,0.3889,9.18
43710,43711,20,1.0000,69.67
43710,2555,12,0.6000,4.48
43710,44728,12,0.6000,4.01
43710,30414,11,0.5500,4.42
43710,30357,9,0.4500,9.27
43710,30553,8,0.4000,9.29
43710,6564,7,0.3500,14.22
43710,30363,7,0.3500,9.66
43710,30383,7,0.3500,8.26
43710,6111,7,0.3500,5.07
43710,3894,7,0.3500,4.61
43710,6565,6,0.3000,12.54
6259,2357,10,0.7143,4.41
6259,2450,9,0.6429,9.04
6259,3659,8,0.5714,10.07
6259,6541,8,0.5714,5.43
6259,4282,8,0.5714,5.10
6259,3701,8,0.5714,4.70
6259,59443,8,0.5714,4.59
6259,3298,8,0.5714,4.24
6259,60474,7,0.5000,10.92
6259,6112,7,0.5000,10.60
6259,6111,7,0.5000,7.24
6259,2429,7,0.5000,6.47
3849,4495a,15,0.5769,26.38
3849,973p40,11,0.4231,56.27
3849,4497,11,0.4231,22.11
3849,3844,10,0.3846,31.26
3849,3847,10,0.3846,29.62
3849,4491a,10,0.3846,29.62
3849,4493c02,10,0.3846,29.62
3849,3033,10,0.3846,4.05
3849,4503,9,0.3462,50.64
3849,3848,9,0.3462,31.65
3849,2343,9,0.3462,9.04
3849,3830,9,0.3462,7.56
30554b,6541,4,1.0000,9.50
30554b,63864,4,1.0000,8.22
30554b,59443,4,1.0000,8.04
30554b,2445,4,1.0000,7.43
30554b,3298,4,1.0000,7.43
30554b,87079,4,1.0000,5.90
3039p05,3937,8,0.8000,4.04
3039p05,3938,7,0.7000,5.02
3039p05,2450,5,0.5000,7.03
3039p05,3838,5,0.5000,5.58
3039p05,4229,4,0.4000,17.21
3039p05,3962a,4,0.4000,10.84
3039p05,4590,4,0.4000,8.24
3039p05,4735,4,0.4000,7.22
3039p05,4871,4,0.4000,6.43
3039p05,32064a,4,0.4000,5.91
3039p05,3702,4,0.4000,5.09
3039p05,3176,4,0.4000,4.27
50373,6541,5,0.7143,6.79
50373,41747,4,0.5714,23.22
50373,41748,4,0.5714,22.59
50373,54384,4,0.5714,16.39
50373,32064a,4,0.5714,8.44
50373,3702,4,0.5714,7.27
50373,6134,4,0.5714,7.27
50373,32000,4,0.5714,6.01
50373,3701,4,0.5714,4.70
50373,30414,4,0.5714,4.59
50373,59443,4,0.5714,4.59
50373,3298,4,0.5714,4.24
4287b,3665a,7,0.7778,5.08
4287b,48336,6,0.6667,4.85
4287b,60479,4,0.4444,7.07
4287b,3894,4,0.4444,5.86
4287b,32123b,4,0.4444,5.00
4287b,6019,4,0.4444,4.14
61483,59895,5,1.0000,48.77
61483,85984,5,1.0000,6.44
61483,87079,5,1.0000,5.90
61483,3832,5,1.0000,4.34
61483,54384,4,0.8000,22.95
61483,54383,4,0.8000,22.51
61483,4624,4,0.8000,7.36
61482,48336,9,0.6923,5.04
61482,85984,9,0.6923,4.46
61482,4079,8,0.6154,4.44
61482,43898,7,0.5385,13.82
61482,2456,7,0.5385,5.84
61482,30414,7,0.5385,4.33
61482,3899,6,0.4615,7.59
61482,973,6,0.4615,4.41
61482,41334,5,0.3846,62.52
61482,3245a,5,0.3846,16.55
61482,3962b,5,0.3846,10.05
61482,60470a,5,0.3846,8.93
28621,2454b,4,1.0000,162.56
28621,14716,4,1.0000,66.50
28621,32607,4,1.0000,56.27
28621,60601,4,1.0000,47.19
28621,3245c,4,1.0000,44.33
28621,27925,4,1.0000,43.03
28621,60592,4,1.0000,39.54
28621,60594,4,1.0000,39.54
28621,98283,4,1.0000,37.51
28621,60475b,4,1.0000,34.83
28621,60596,4,1.0000,32.51
28621,20482,4,1.0000,29.86
13548,98138,8,0.8000,6.23
13548,85861,7,0.7000,11.77
13548,2456,7,0.7000,7.59
13548,85984,7,0.7000,4.51
13548,2357,7,0.7000,4.32
13548,87079,7,0.7000,4.13
13548,99207,6,0.6000,9.54
13548,99780,6,0.6000,6.86
13548,59900,6,0.6000,6.23
13548,60478,6,0.6000,6.14
13548,15068,6,0.6000,5.81
13548,87087,6,0.6000,5.07
60621,85984,4,1.0000,6.44
60621,2357,4,1.0000,6.17
60621,4740,4,1.0000,5.76
60621,6636,4,1.0000,5.44
60621,4477,4,1.0000,4.62
60621,3832,4,1.0000,4.34
61976,2445,4,1.0000,7.43
61976,3700,4,1.0000,4.41
61345,87079,6,0.7500,4.42
61345,60601,5,0.6250,29.50
61345,2456,5,0.6250,6.77
61345,99207,4,0.5000,7.95
61345,60897,4,0.5000,7.10
61345,63868,4,0.5000,6.90
61345,63864,4,0.5000,4.11
30089b,59900,6,0.8571,8.89
30089b,3958,6,0.8571,6.06
30089b,6636,6,0.8571,4.66
30089b,3002,6,0.8571,4.07
30089b,4865b,5,0.7143,10.15
30089b,60897,5,0.7143,10.15
30089b,87580,5,0.7143,7.92
30089b,63864,5,0.7143,5.87
30089b,98138,5,0.7143,5.56
30089b,48336,5,0.7143,5.20
30089b,44728,5,0.7143,4.77
30089b,85984,5,0.7143,4.60
30361d,44728,7,0.7778,5.20
30361d,60479,6,0.6667,10.60
30361d,59443,6,0.6667,5.36
30361d,3298,6,0.6667,4.95
30361d,43093,6,0.6667,4.80
30361d,85984,6,0.6667,4.30
30361d,92280,5,0.5556,10.56
30361d,60485,5,0.5556,10.29
30361d,32064a,5,0.5556,8.21
30361d,3709b,5,0.5556,7.32
30361d,6541,5,0.5556,5.28
30361d,2877,5,0.5556,5.02
2413,4599a,9,0.3333,4.24
2413,3006,8,0.2963,6.88
2413,4856,7,0.2593,10.54
2413,4625,7,0.2593,5.27
2413,2458,7,0.2593,4.80
2413,2460,7,0.2593,4.26
2413,3895,7,0.2593,4.26
2413,30365,6,0.2222,13.00
2413,4858,6,0.2222,13.00
2413,4095,6,0.2222,6.92
2413,4855,6,0.2222,6.50
2413,3626bp04,6,0.2222,6.25
41531,6587,7,0.7778,9.98
41531,32000,6,0.6667,7.02
41531,6541,6,0.6667,6.33
41531,4589,6,0.6667,4.17
41531,63868,5,0.5556,7.67
41531,3894,5,0.5556,7.32
41531,3176,5,0.5556,5.93
41531,60478,5,0.5556,5.68
41531,32054,5,0.5556,4.59
41531,3701,5,0.5556,4.57
41531,63864,5,0.5556,4.57
41531,2445,5,0.5556,4.13
56902,3045,6,0.6667,15.99
56902,44728,6,0.6667,4.45
56902,87087,5,0.5556,4.70
56902,3794b,5,0.5556,4.62
56902,6091,5,0.5556,4.15
56902,2445,5,0.5556,4.13
56902,62810,4,0.4444,29.56
56902,3245a,4,0.4444,19.12
56902,3048b,4,0.4444,18.58
56902,47457,4,0.4444,11.41
56902,30136,4,0.4444,8.34
56902,87580,4,0.4444,4.93
85941,32028,8,1.0000,6.15
85941,6587,7,0.8750,11.23
85941,62462,7,0.8750,7.81
85941,3701,7,0.8750,7.19
85941,32062,7,0.8750,4.83
85941,6636,7,0.8750,4.76
85941,32064a,6,0.7500,11.08
85941,3702,6,0.7500,9.54
85941,40490,6,0.7500,8.25
85941,32034,6,0.7500,7.84
85941,30414,6,0.7500,6.03
85941,48336,6,0.7500,5.46
4515,6111,9,0.3750,5.43
4515,2456,9,0.3750,4.06
4515,3007,8,0.3333,5.36
4515,6134,8,0.3333,4.24
4515,2465,7,0.2917,4.31
4515,4175,7,0.2917,4.18
4515,2450,7,0.2917,4.10
4515,3624,7,0.2917,4.10
4515,2730,6,0.2500,5.54
4515,6179,6,0.2500,4.75
4515,2458,6,0.2500,4.63
4515,2569,6,0.2500,4.41
30193,30228,4,0.6667,108.37
30193,30194,4,0.6667,81.28
30193,4770,4,0.6667,75.03
30193,30162,4,0.6667,16.82
30193,6015,4,0.6667,9.95
30193,3176,4,0.6667,7.12
30193,4865a,4,0.6667,4.78
6538a,3705,15,1.0000,5.36
6538a,3706,14,0.9333,5.89
6538a,3749,13,0.8667,4.88
6538a,3713,13,0.8667,4.50
6538a,3894,12,0.8000,10.54
6538a,4519,11,0.7333,4.16
6538a,3647,10,0.6667,11.89
6538a,3895,10,0.6667,10.96
6538a,3702,10,0.6667,8.48
6538a,3708,10,0.6667,8.48
6538a,3707,10,0.6667,6.21
6538a,3701,10,0.6667,5.48
48723,4282,6,1.0000,8.92
48723,2357,6,1.0000,6.17
48723,4477,6,1.0000,4.62
48723,2780,6,1.0000,4.41
48723,98283,5,0.8333,31.26
48723,4460b,5,0.8333,30.48
48723,3957b,5,0.8333,29.74
48723,85861,5,0.8333,14.01
48723,60479,5,0.8333,13.25
48723,15712,5,0.8333,11.95
48723,60897,5,0.8333,11.84
48723,87580,5,0.8333,9.24
3626cp8x,15712,4,1.0000,14.34
3626cp8x,99780,4,1.0000,11.43
3626cp8x,15068,4,1.0000,9.69
3626cp8x,15573,4,1.0000,8.46
3626cp8x,11477,4,1.0000,8.27
973p1z,30565,4,1.0000,22.17
973p1z,85861,4,1.0000,16.82
973p1z,15712,4,1.0000,14.34
973p1z,99780,4,1.0000,11.43
973p1z,15068,4,1.0000,9.69
973p1z,15573,4,1.0000,8.46
973p1z,11477,4,1.0000,8.27
973p1z,4477,4,1.0000,4.62
86035,30414,8,1.0000,8.04
86035,85984,7,0.8750,5.64
86035,32028,7,0.8750,5.38
86035,87079,7,0.8750,5.16
86035,6636,7,0.8750,4.76
86035,87552,6,0.7500,21.95
86035,87580,6,0.7500,8.31
86035,92593,6,0.7500,8.25
86035,63864,6,0.7500,6.16
86035,6091,6,0.7500,5.60
86035,2445,6,0.7500,5.57
86035,2432,6,0.7500,5.43
6182,2357,8,0.6667,4.12
6182,30044,6,0.5000,29.26
6182,2456,6,0.5000,5.42
6182,6231,6,0.5000,5.08
6182,2877,6,0.5000,4.52
6182,30374,6,0.5000,4.18
6182,88072,5,0.4167,9.52
6182,32064a,5,0.4167,6.16
6182,60897,5,0.4167,5.92
6182,87580,5,0.4167,4.62
6182,59900,5,0.4167,4.32
6182,3307,4,0.3333,28.69
3070bp07,32028,13,0.6842,4.21
3070bp07,30414,11,0.5789,4.65
3070bp07,4150,8,0.4211,6.55
3070bp07,60478,8,0.4211,4.31
3070bp07,6231,8,0.4211,4.28
3070bp07,3747b,7,0.3684,8.69
3070bp07,88930,7,0.3684,7.59
3070bp07,3815b,7,0.3684,6.74
3070bp07,60479,7,0.3684,5.86
3070bp07,32064a,7,0.3684,5.44
3070bp07,6143,7,0.3684,4.86
3070bp07,87580,7,0.3684,4.08
2440,3938,7,0.8750,6.28
2440,2452,4,0.5000,12.61
2440,3680,4,0.5000,7.46
2440,4276b,4,0.5000,6.47
2440,4282,4,0.5000,4.46
2440,3030,4,0.5000,4.25
76289,6589,4,1.0000,12.72
76289,6558,4,1.0000,7.17
76289,3713,4,1.0000,5.19
76289,4274,4,1.0000,4.50
76289,2780,4,1.0000,4.41
30261,4274,6,1.0000,4.50
30261,6157,5,0.8333,8.90
30261,44728,5,0.8333,5.57
30261,32028,5,0.8333,5.12
30261,30374,4,0.6667,5.57
30261,59443,4,0.6667,5.36
30261,2555,4,0.6667,4.98
3626cp8c,99206,4,1.0000,12.40
3626cp8c,63864,4,1.0000,8.22
3626cp8c,32028,4,1.0000,6.15
3626cp8c,87079,4,1.0000,5.90
3626cp8c,4162,4,1.0000,4.50
88704,92593,8,1.0000,11.00
88704,87079,8,1.0000,5.90
88704,99206,7,0.8750,10.85
88704,63864,7,0.8750,7.19
88704,6091,7,0.8750,6.53
88704,11476,6,0.7500,9.71
88704,11211,6,0.7500,8.64
88704,15573,6,0.7500,6.34
88704,87087,6,0.7500,6.34
88704,85984,6,0.7500,4.83
88704,26603,5,0.6250,11.88
88704,25269,5,0.6250,9.94
92262,98283,4,1.0000,37.51
92262,3836,4,1.0000,25.67
92262,14719,4,1.0000,19.77
92262,87994,4,1.0000,19.25
92262,60479,4,1.0000,15.90
92262,4865b,4,1.0000,14.20
92262,99780,4,1.0000,11.43
92262,87580,4,1.0000,11.08
92262,15068,4,1.0000,9.69
92262,6541,4,1.0000,9.50
92262,4079,4,1.0000,7.21
92262,2357,4,1.0000,6.17
2039,2357,14,0.9333,5.76
2039,3008,14,0.9333,4.84
2039,4477,14,0.9333,4.31
2039,4162,14,0.9333,4.20
2039,3035,12,0.8000,4.40
2039,2877,11,0.7333,6.62
2039,4282,11,0.7333,6.54
2039,3036,11,0.7333,6.17
2039,2445,11,0.7333,5.45
2039,4079,11,0.7333,5.29
2039,3033,10,0.6667,7.02
2039,4150p03,9,0.6000,46.20
2495c01,4079,10,0.7692,5.54
2495c01,4282,8,0.6154,5.49
2495c01,3297,7,0.5385,7.88
2495c01,3624,7,0.5385,7.57
2495c01,2877,7,0.5385,4.86
2495c01,3027,6,0.4615,7.59
2495c01,3007,6,0.4615,7.42
2495c01,3901,6,0.4615,6.96
2495c01,6015,6,0.4615,6.89
2495c01,3821,6,0.4615,4.82
2495c01,3822,6,0.4615,4.72
2495c01,4624,6,0.4615,4.25
88286,87079,7,1.0000,5.90
88286,6636,7,1.0000,5.44
88286,87552,6,0.8571,25.08
88286,60897,6,0.8571,12.17
88286,63864,6,0.8571,7.04
88286,30414,6,0.8571,6.89
88286,6091,6,0.8571,6.40
88286,2445,6,0.8571,6.37
88286,2357,6,0.8571,5.29
88286,32028,6,0.8571,5.27
88286,3035,6,0.8571,4.71
88286,60623,5,0.7143,41.80
2335,6112,12,0.2222,4.71
2335,30031,10,0.1852,6.16
2335,44674,10,0.1852,4.75
2335,3684a,9,0.1667,8.41
30365,30364,15,0.6000,54.86
30365,4592,14,0.5600,4.14
30365,4593,14,0.5600,4.14
30365,3747a,11,0.4400,4.66
30365,30383,10,0.4000,9.44
30365,6112,10,0.4000,8.48
30365,2456,10,0.4000,4.33
30365,32000,10,0.4000,4.21
30365,30363,9,0.3600,9.94
30365,3895,9,0.3600,5.92
30365,4150,9,0.3600,5.60
30365,6134,9,0.3600,4.58
4219b,4218b,6,1.0000,182.88
4219b,4216,6,1.0000,50.45
4219b,3832,6,1.0000,4.34
4219b,4740,5,0.8333,4.80
4219b,3008,5,0.8333,4.32
4219b,4217,4,0.6667,60.96
4219b,4006,4,0.6667,15.24
4219b,3901,4,0.6667,10.05
4219b,3680,4,0.6667,9.95
4219b,4282,4,0.6667,5.95
4219b,50950,4,0.6667,5.45
4219b,30414,4,0.6667,5.36
3626cp8k,48336,5,0.7143,5.20
3626cp8k,4286,5,0.7143,4.27
3626cp8k,60623,4,0.5714,33.44
3626cp8k,60596,4,0.5714,18.58
3626cp8k,4599b,4,0.5714,13.27
3626cp8k,3899,4,0.5714,9.39
3626cp8k,59900,4,0.5714,5.93
3626cp8k,973,4,0.5714,5.46
3626cp8k,30414,4,0.5714,4.59
3626cp8k,2432,4,0.5714,4.14
3626cp8k,4079,4,0.5714,4.12
4218b,4219b,6,0.7500,182.88
4218b,4216,6,0.7500,37.84
4218b,48336,6,0.7500,5.46
4218b,44728,6,0.7500,5.01
4218b,4740,6,0.7500,4.32
4218b,6112,5,0.6250,13.25
4218b,3680,5,0.6250,9.33
4218b,2877,5,0.6250,5.64
4218b,63864,5,0.6250,5.14
4218b,30414,5,0.6250,5.02
4218b,6091,5,0.6250,4.67
4218b,2445,5,0.6250,4.64
30041,6636,4,1.0000,5.44
30041,2540,4,1.0000,5.10
4523,3741a,4,0.8000,68.85
4523,2877,4,0.8000,7.22
4523,87087,4,0.8000,6.77
4523,48336,4,0.8000,5.82
4523,44728,4,0.8000,5.34
4523,2540,4,0.8000,4.08
6187,973,9,0.4737,4.53
6187,63082,5,0.2632,22.65
6187,32530,5,0.2632,7.40
6187,3626bp04,5,0.2632,7.40
6187,47457,5,0.2632,6.75
6187,92280,5,0.2632,5.00
6187,3815b,5,0.2632,4.81
6187,3007,5,0.2632,4.23
6187,62361,4,0.2105,13.39
6187,30027a,4,0.2105,8.32
6187,52031,4,0.2105,8.11
6187,55981,4,0.2105,7.90
3626bp39,973pw2,4,0.8000,292.60
3626bp39,30135,4,0.8000,130.04
3626bp39,3069bp03,4,0.8000,117.04
3626bp39,30133,4,0.8000,90.03
3626bp39,2530,4,0.8000,78.03
3626bp39,30141,4,0.8000,73.15
3626bp39,30132,4,0.8000,53.20
3626bp39,3008,4,0.8000,4.15
6264,u9100,11,0.6111,21.81
6264,u9101,11,0.6111,21.81
6264,u9103,11,0.6111,21.81
6264,4222a,9,0.5000,60.96
6264,3029,9,0.5000,5.15
6264,4223,7,0.3889,81.28
6264,u9102,7,0.3889,17.78
6264,4429,6,0.3333,54.19
6264,3741ac01,5,0.2778,9.45
6264,3890c01,4,0.2222,46.44
6264,4072,4,0.2222,40.64
6264,4071,4,0.2222,25.01
2412a,4276b,20,0.3774,4.89
2412a,4625,15,0.2830,5.75
2412a,2460,14,0.2642,4.34
2412a,4531,12,0.2264,4.48
2412a,2452,11,0.2075,5.24
2412a,4854,11,0.2075,4.74
2412a,3069bp52,9,0.1698,11.83
2412a,3069bp25,9,0.1698,9.20
2412a,4857,8,0.1509,11.62
2412a,2507,8,0.1509,11.04
2412a,4033,8,0.1509,8.18
2412a,2610,8,0.1509,6.50
4035,4079,7,0.6364,4.59
4035,4865a,7,0.6364,4.56
4035,3956,6,0.5455,9.17
4035,2445,6,0.5455,4.05
4035,4036,5,0.4545,133.00
4035,3901,5,0.4545,6.86
4035,3033,5,0.4545,4.78
4035,2877,5,0.4545,4.10
4035,4033,4,0.3636,19.70
4035,4022,4,0.3636,15.65
4035,4530,4,0.3636,12.37
4035,88930,4,0.3636,7.49
3070a,4865a,35,0.6250,4.48
3070a,3823,28,0.5000,5.22
3070a,4315,27,0.4821,5.11
3070a,4213,26,0.4643,5.15
3070a,3821,26,0.4643,4.85
3070a,3822,26,0.4643,4.75
3070a,4600,26,0.4643,4.27
3070a,6015,22,0.3929,5.86
3070a,4599a,21,0.3750,4.77
3070a,4625,20,0.3571,7.26
3070a,3901,19,0.3393,5.12
3070a,2348b,17,0.3036,10.33
30367a,2877,14,0.6364,5.75
30367a,6111,11,0.5000,7.24
30367a,3037,11,0.5000,4.06
30367a,4599a,10,0.4545,5.78
30367a,2456,10,0.4545,4.93
30367a,6019,10,0.4545,4.24
30367a,4510,9,0.4091,9.35
30367a,2444,8,0.3636,5.43
30367a,6587,8,0.3636,4.67
30367a,3678a,7,0.3182,29.09
30367a,2730,7,0.3182,7.05
30367a,2921,7,0.3182,6.29
3326b,3712,13,1.0000,69.67
3326b,3705,13,1.0000,5.36
3326b,3713,13,1.0000,5.19
3326b,3673,12,0.9231,5.49
3326b,3647,11,0.8462,15.10
3326b,3707,11,0.8462,7.88
3326b,3706,11,0.8462,5.34
3326b,4519,11,0.8462,4.80
3326b,3702,10,0.7692,9.79
3326b,3701,10,0.7692,6.32
3326b,3749,10,0.7692,4.33
3326b,3894,9,0.6923,9.12
3712,3705,21,1.0000,5.36
3712,3713,21,1.0000,5.19
3712,3647,19,0.9048,16.14
3712,3706,19,0.9048,5.71
3712,3673,19,0.9048,5.38
3712,3707,18,0.8571,7.99
3712,3702,17,0.8095,10.30
3712,3701,17,0.8095,6.65
3712,3737,16,0.7619,8.85
3712,3703,15,0.7143,12.01
3712,3708,15,0.7143,9.09
3712,3749,15,0.7143,4.02
3684a,2335,9,0.3103,8.41
3684a,4085a,9,0.3103,6.78
3684a,2449,8,0.2759,9.84
3684a,32018,8,0.2759,6.96
3684a,4460a,8,0.2759,5.61
3684a,3038,8,0.2759,4.98
3684a,3738,8,0.2759,4.64
3684a,3680,8,0.2759,4.12
3684a,2465,8,0.2759,4.08
3684a,3679,8,0.2759,4.04
3684a,6179,7,0.2414,4.59
3684a,30383,6,0.2069,4.88
3839b,3838,45,0.4592,5.13
3839b,3956,28,0.2857,4.80
3839b,3933,19,0.1939,5.35
3839b,3934,19,0.1939,5.35
3839b,2452,19,0.1939,4.89
3839b,3959,19,0.1939,4.11
3839b,4229,18,0.1837,7.90
3839b,3963,16,0.1633,5.55
3839b,4730,15,0.1531,7.72
4623,4735,24,0.2400,4.33
4623,2569,23,0.2300,4.05
4623,4590,20,0.2000,4.12
4623,4854,18,0.1800,4.11
22888,87079,12,1.0000,5.90
22888,15573,11,0.9167,7.75
22888,85984,11,0.9167,5.91
22888,35480,10,0.8333,24.88
22888,33909,10,0.8333,23.91
22888,85861,10,0.8333,14.01
22888,30136,9,0.7500,14.07
22888,25269,9,0.7500,11.93
22888,15712,9,0.7500,10.76
22888,59900,9,0.7500,7.78
22888,15068,9,0.7500,7.27
22888,11477,9,0.7500,6.20
15208,85984,13,0.8125,5.24
15208,11477,11,0.6875,5.68
15208,11211,10,0.6250,7.20
15208,15068,10,0.6250,6.06
15208,15573,10,0.6250,5.29
15208,14704,7,0.4375,22.86
15208,49668,7,0.4375,14.22
15208,99781,7,0.4375,7.44
15208,15712,7,0.4375,6.28
15208,99780,7,0.4375,5.00
15208,14417,6,0.3750,22.86
15208,26603,6,0.3750,7.12
18646,15573,9,0.9000,7.61
18646,85984,9,0.9000,5.80
18646,24307,7,0.7000,25.60
18646,33909,7,0.7000,20.08
18646,25269,7,0.7000,11.13
18646,11477,7,0.7000,5.79
18646,87079,7,0.7000,4.13
18646,24299,6,0.6000,23.72
18646,35480,6,0.6000,17.91
18646,26603,6,0.6000,11.40
18646,63868,6,0.6000,8.28
18646,22885,6,0.6000,7.98
30386,30365,5,0.4545,26.60
30386,51739,5,0.4545,9.37
30386,2456,5,0.4545,4.93
30386,3176,5,0.4545,4.85
30386,2877,5,0.4545,4.10
30386,3245a,4,0.3636,15.65
30386,3045,4,0.3636,8.72
30386,30383,4,0.3636,8.58
30386,4510,4,0.3636,8.31
30386,2730,4,0.3636,8.06
30386,3815b,4,0.3636,6.65
30386,6015,4,0.3636,5.43
30540,30383,5,0.8333,19.66
92013,3700,5,1.0000,4.41
92013,44728,4,0.8000,5.34
92013,87079,4,0.8000,4.72
92013,4740,4,0.8000,4.61
92013,4519,4,0.8000,4.54
92013,32062,4,0.8000,4.42
62743,32124,4,0.8000,22.08
92099,87079,14,0.9333,5.51
92099,6636,13,0.8667,4.71
92099,85984,12,0.8000,5.16
92099,63864,11,0.7333,6.03
92099,30414,11,0.7333,5.89
92099,48336,11,0.7333,5.34
92099,3035,11,0.7333,4.03
92099,87087,10,0.6667,5.64
92099,32028,10,0.6667,4.10
92099,87552,9,0.6000,17.56
92099,4510,9,0.6000,13.72
92099,63868,9,0.6000,8.28
42060,42061,5,1.0000,292.60
42060,2419,5,1.0000,15.08
42060,6636,5,1.0000,5.44
42060,4162,5,1.0000,4.50
42060,3700,5,1.0000,4.41
42060,6232,4,0.8000,20.90
42060,4510,4,0.8000,18.29
42060,6134,4,0.8000,10.18
42060,2456,4,0.8000,8.67
42060,6541,4,0.8000,7.60
42060,3701,4,0.8000,6.58
42060,30414,4,0.8000,6.43
42061,42060,5,1.0000,292.60
42061,2419,5,1.0000,15.08
42061,6636,5,1.0000,5.44
42061,4162,5,1.0000,4.50
42061,3700,5,1.0000,4.41
42061,6232,4,0.8000,20.90
42061,4510,4,0.8000,18.29
42061,6134,4,0.8000,10.18
42061,2456,4,0.8000,8.67
42061,6541,4,0.8000,7.60
42061,3701,4,0.8000,6.58
42061,30414,4,0.8000,6.43
4150ps4,6636,11,0.8462,4.60
4150ps4,30414,9,0.6923,5.57
4150ps4,2456,8,0.6154,6.67
4150ps4,48336,8,0.6154,4.48
4150ps4,6111,7,0.5385,7.80
4150ps4,6134,7,0.5385,6.85
4150ps4,32000,7,0.5385,5.67
4150ps4,3297,6,0.4615,6.75
4150ps4,6541,6,0.4615,4.38
4150ps4,6019,6,0.4615,4.30
4150ps4,4282,6,0.4615,4.12
4150ps4,30363,5,0.3846,10.62
43708,30414,4,1.0000,8.04
43708,44728,4,1.0000,6.68
43708,4519,4,1.0000,5.67
43708,6636,4,1.0000,5.44
43708,3700,4,1.0000,4.41
4856,4859,24,0.6667,9.03
4856,4865a,22,0.6111,4.38
4856,4855,19,0.5278,15.44
4856,4854,19,0.5278,12.06
4856,4625,19,0.5278,10.72
4856,4276b,16,0.4444,5.75
4856,3747a,16,0.4444,4.71
4856,4315,16,0.4444,4.71
4856,4624,16,0.4444,4.09
4856,4857,14,0.3889,29.94
4856,4858,14,0.3889,22.76
4856,4868a,11,0.3056,37.25
30258,30414,8,0.7273,5.85
30258,2432,8,0.7273,5.27
30258,44728,8,0.7273,4.86
30258,2436a,8,0.7273,4.53
30258,32028,8,0.7273,4.47
30258,6231,7,0.6364,6.47
30258,30374,7,0.6364,5.32
30258,3794b,7,0.6364,5.29
30258,2877,6,0.5455,4.93
30258,30237,5,0.4545,15.83
30258,44674,5,0.4545,11.67
30258,4150,5,0.4545,7.07
92244,92245,30,1.0000,45.72
92244,92248,27,0.9000,43.89
92244,33291,19,0.6333,20.14
92244,59900,15,0.5000,5.19
92244,4865b,14,0.4667,6.63
92244,87580,13,0.4333,4.80
92244,4599b,12,0.4000,9.29
92244,92255,9,0.3000,43.89
92244,92257,9,0.3000,43.89
92244,92410,9,0.3000,20.90
92244,6191,9,0.3000,11.86
92244,30357,9,0.3000,6.18
92245,92244,30,0.9375,45.72
92245,92248,28,0.8750,42.67
92245,33291,21,0.6562,20.87
92245,59900,16,0.5000,5.19
92245,4865b,14,0.4375,6.21
92245,87580,14,0.4375,4.85
92245,4599b,12,0.3750,8.71
92245,30357,10,0.3125,6.44
92245,92255,9,0.2812,41.15
92245,92257,9,0.2812,41.15
92245,92410,9,0.2812,19.59
92245,93095,9,0.2812,19.59
92248,92245,28,0.9333,42.67
92248,92244,27,0.9000,43.89
92248,33291,19,0.6333,20.14
92248,4865b,15,0.5000,7.10
92248,59900,15,0.5000,5.19
92248,87580,14,0.4667,5.17
92248,4599b,11,0.3667,8.51
92248,92257,10,0.3333,48.77
92248,93095,10,0.3333,23.22
92248,92255,9,0.3000,43.89
92248,92410,9,0.3000,20.90
92248,6191,9,0.3000,11.86
2453a,3857,12,0.3243,10.10
2453a,3899,12,0.3243,5.33
2453a,3027,12,0.3243,5.33
2453a,3901,12,0.3243,4.89
2453a,2465,12,0.3243,4.79
2453a,6111,11,0.2973,4.31
2453a,3742,10,0.2703,19.77
2453a,3815b,10,0.2703,4.94
2453a,6112,9,0.2432,5.16
2453a,3659,9,0.2432,4.29
2453a,59349,8,0.2162,13.18
2453a,3455,8,0.2162,8.32
2571,2453a,6,0.6667,26.36
2571,4079,6,0.6667,4.80
2571,2572,5,0.5556,116.11
2571,973p71,5,0.5556,50.80
2571,973p18,5,0.5556,36.94
2571,4530,5,0.5556,18.90
2571,3857,5,0.5556,17.29
2571,3901,5,0.5556,8.38
2571,2518,4,0.4444,81.28
2571,4217,4,0.4444,40.64
2571,3742,4,0.4444,32.51
2571,6180,4,0.4444,12.04
92255,92244,9,0.9000,43.89
92255,92248,9,0.9000,43.89
92255,92245,9,0.9000,41.15
92255,92198p01,8,0.8000,130.04
92255,33291,8,0.8000,25.44
92255,4865b,7,0.7000,9.94
92255,6231,7,0.7000,7.11
92255,59900,6,0.6000,6.23
92255,44728,6,0.6000,4.01
92255,92241p01,5,0.5000,146.30
92255,4599b,5,0.5000,11.61
92255,87580,5,0.5000,5.54
92198p02,92248,7,1.0000,48.77
92198p02,92258,6,0.8571,179.14
92198p02,92244,6,0.8571,41.80
92198p02,92245,6,0.8571,39.19
92198p02,92241p04,5,0.7143,209.00
92198p02,33291,5,0.7143,22.72
92198p02,30357,5,0.7143,14.72
92198p02,4865b,5,0.7143,10.15
92198p02,59900,5,0.7143,7.41
92198p02,93095,4,0.5714,39.81
92241p04,92198p02,5,1.0000,209.00
92241p04,92244,5,1.0000,48.77
92241p04,92248,5,1.0000,48.77
92241p04,92245,5,1.0000,45.72
92241p04,92258,4,0.8000,167.20
92241p04,33291,4,0.8000,25.44
92241p04,30357,4,0.8000,16.48
92257,92248,10,1.0000,48.77
92257,92244,9,0.9000,43.89
92257,92245,9,0.9000,41.15
92257,33291,9,0.9000,28.62
92257,92198p05,7,0.7000,146.30
92257,48336,7,0.7000,5.10
92257,4865b,6,0.6000,8.52
92257,87580,6,0.6000,6.65
92257,59900,6,0.6000,6.23
92257,3741a,5,0.5000,43.03
92257,30176,5,0.5000,38.50
92257,6191,5,0.5000,19.77
92258,92248,7,1.0000,48.77
92258,92198p02,6,0.8571,179.14
92258,92244,6,0.8571,41.80
92258,92245,6,0.8571,39.19
92258,4865b,6,0.8571,12.17
92258,92241p04,4,0.5714,167.20
92258,92410,4,0.5714,39.81
92258,33291,4,0.5714,18.17
92258,30357,4,0.5714,11.77
92258,59900,4,0.5714,5.93
92258,6231,4,0.5714,5.81
96479,96489,4,1.0000,365.75
96479,96490,4,1.0000,365.75
96479,92248,4,1.0000,48.77
96479,30367c,4,1.0000,35.68
96479,33291,4,1.0000,31.80
96479,4865b,4,1.0000,14.20
96479,59900,4,1.0000,10.38
96479,6231,4,1.0000,10.16
96489,96479,4,1.0000,365.75
96489,96490,4,1.0000,365.75
96489,92248,4,1.0000,48.77
96489,30367c,4,1.0000,35.68
96489,33291,4,1.0000,31.80
96489,4865b,4,1.0000,14.20
96489,59900,4,1.0000,10.38
96489,6231,4,1.0000,10.16
96490,96479,4,1.0000,365.75
96490,96489,4,1.0000,365.75
96490,92248,4,1.0000,48.77
96490,30367c,4,1.0000,35.68
96490,33291,4,1.0000,31.80
96490,4865b,4,1.0000,14.20
96490,59900,4,1.0000,10.38
96490,6231,4,1.0000,10.16
3069bpc0,60596,4,1.0000,32.51
3069bpc0,48336,4,1.0000,7.28
3069bpc0,87079,4,1.0000,5.90
3680c02,44728,4,1.0000,6.68
92198p04,92244,7,1.0000,48.77
92198p04,92248,7,1.0000,48.77
92198p04,92245,7,1.0000,45.72
92198p04,92250p05,5,0.7143,209.00
92198p04,48336,5,0.7143,5.20
92198p04,87079,5,0.7143,4.21
92198p04,93352,4,0.5714,209.00
92198p04,4599b,4,0.5714,13.27
92198p04,4865b,4,0.5714,8.12
92198p04,30414,4,0.5714,4.59
92250p05,92198p04,5,1.0000,209.00
92250p05,92244,5,1.0000,48.77
92250p05,92248,5,1.0000,48.77
92250p05,92245,5,1.0000,45.72
92250p04,92244,4,1.0000,48.77
92250p04,92248,4,1.0000,48.77
92250p04,92245,4,1.0000,45.72
52031,6636,28,0.7368,4.01
52031,30414,27,0.7105,5.71
52031,3815b,19,0.5000,9.14
52031,4488,19,0.5000,8.71
52031,50745,17,0.4474,15.22
52031,4176,15,0.3947,13.75
52031,92280,11,0.2895,5.50
52031,3899,11,0.2895,4.76
52031,58176,10,0.2632,8.19
52031,47457,10,0.2632,6.75
52031,60470a,10,0.2632,6.11
52031,3833,10,0.2632,5.27
50949,2436a,26,0.8387,5.22
50949,6157,25,0.8065,8.61
50949,51719,23,0.7419,19.74
50949,50951,23,0.7419,15.08
50949,3788,22,0.7097,6.11
50949,32028,21,0.6774,4.16
50949,44674,20,0.6452,16.56
50949,50950,19,0.6129,5.01
50949,50943,18,0.5806,18.07
50949,50947,14,0.4516,14.68
50949,45677,10,0.3226,8.58
50949,50948,9,0.2903,23.60
44568,6636,16,0.8421,4.58
44568,44570,11,0.5789,47.06
44568,3701,11,0.5789,4.76
44568,2555,11,0.5789,4.32
44568,30363,10,0.5263,14.53
44568,30414,10,0.5263,4.23
44568,3033,9,0.4737,4.99
44568,4085c,9,0.4737,4.33
44568,2877,9,0.4737,4.28
44568,2730,8,0.4211,9.33
44568,6111,8,0.4211,6.10
44568,2456,8,0.4211,4.56
64727,30031,4,0.5714,19.00
64727,59900,4,0.5714,5.93
3939,3938,16,0.6667,4.78
3939,3957a,15,0.6250,4.44
3939,3963,12,0.5000,17.01
3939,3838,12,0.5000,5.58
3939,4085a,11,0.4583,10.01
3939,3956,11,0.4583,7.71
3939,3842a,9,0.3750,11.43
3939,3962a,9,0.3750,10.16
3939,4006,9,0.3750,8.57
3939,3028,9,0.3750,5.49
3939,973p90,8,0.3333,13.55
3939,3039p34,8,0.3333,11.08
4285a,3838,14,0.7000,7.82
4285a,3957a,14,0.7000,4.97
4285a,3956,11,0.5500,9.25
4285a,4476,9,0.4500,24.38
4285a,3959,9,0.4500,9.54
4285a,2569,9,0.4500,7.93
4285a,4623,9,0.4500,6.58
4285a,3747a,9,0.4500,4.77
4285a,4229,8,0.4000,17.21
4285a,4590,8,0.4000,8.24
4285a,3839b,8,0.4000,5.97
4285a,4276b,8,0.4000,5.18
6087,6553,8,0.3636,6.05
6087,32123a,8,0.3636,4.26
6087,3738,7,0.3182,5.35
6087,3709b,7,0.3182,4.19
6087,6587,7,0.3182,4.08
6087,2340,6,0.2727,11.08
6087,52031,6,0.2727,10.50
6087,32001,6,0.2727,10.50
6087,3747b,6,0.2727,6.44
6087,2569,6,0.2727,4.81
6087,4488,6,0.2727,4.75
6087,2419,6,0.2727,4.11
3048b,3038,10,0.2857,5.16
3048b,6111,10,0.2857,4.14
3048b,3045,9,0.2571,6.17
3048b,3007,9,0.2571,4.13
3048b,30383,8,0.2286,5.39
3048b,2458,8,0.2286,4.23
3048b,30237,7,0.2000,6.97
3048b,4445,7,0.2000,6.50
3048b,3006,7,0.2000,4.64
3048b,6112,7,0.2000,4.24
3048b,3043,6,0.1714,9.65
3048b,3626b,6,0.1714,7.17
2572,4477,7,1.0000,4.62
2572,2453a,6,0.8571,33.89
2572,3857,6,0.8571,26.68
2572,3901,6,0.8571,12.93
2572,4079,6,0.8571,6.18
2572,2571,5,0.7143,116.11
2572,4217,5,0.7143,65.31
2572,973p71,5,0.7143,65.31
2572,3742,5,0.7143,52.25
2572,973p18,5,0.7143,47.50
2572,4530,5,0.7143,24.30
2572,4599a,5,0.7143,9.09
30094,6019,5,1.0000,9.32
30094,2540,5,1.0000,5.10
30094,2921,4,0.8000,15.82
30094,2432,4,0.8000,5.79
30194,4085c,9,0.7500,6.86
30194,6015,8,0.6667,9.95
30194,2584,7,0.5833,29.43
30194,2585,7,0.5833,23.71
30194,4599a,7,0.5833,7.42
30194,2432,7,0.5833,4.22
30194,4865a,7,0.5833,4.18
30194,30228,6,0.5000,81.28
30194,30162,6,0.5000,12.61
30194,973,6,0.5000,4.78
30194,6019,6,0.5000,4.66
30194,3626bp03,5,0.4167,21.77
61072,30414,5,0.8333,6.70
61072,52031,4,0.6667,25.67
61072,6179,4,0.6667,12.67
61072,3036,4,0.6667,5.61
61072,59443,4,0.6667,5.36
61072,48336,4,0.6667,4.85
61072,2432,4,0.6667,4.83
6126a,2555,12,0.5455,4.07
6126a,4491b,6,0.2727,36.27
6126a,30141,6,0.2727,24.94
6126a,30132,6,0.2727,18.14
6126a,6020,6,0.2727,13.76
6126a,50943,6,0.2727,8.49
6126a,3069bp03,5,0.2273,33.25
6126a,30133,5,0.2273,25.58
6126a,4493c01,5,0.2273,19.56
6126a,2489,5,0.2273,10.73
6126a,2335,5,0.2273,6.16
6126a,6179,5,0.2273,4.32
4532,4533,29,0.9062,34.89
4532,4079,21,0.6562,4.73
4532,4085c,17,0.5312,4.86
4532,4599a,14,0.4375,5.57
4532,3901,13,0.4062,6.13
4532,3821,13,0.4062,4.25
4532,3822,13,0.4062,4.16
4532,6015,11,0.3438,5.13
4532,4488,10,0.3125,5.44
4532,4859,10,0.3125,4.23
4532,3680c01,9,0.2812,7.22
4532,3899,9,0.2812,4.62
55295,55296,22,1.0000,66.50
55295,55297,22,1.0000,66.50
55295,55298,22,1.0000,66.50
55295,55299,22,1.0000,66.50
55295,55300,22,1.0000,66.50
55295,4085c,17,0.7727,7.07
55295,2555,13,0.5909,4.41
55295,4592,13,0.5909,4.37
55295,4593,13,0.5909,4.37
55295,4599a,12,0.5455,6.94
55295,4624,12,0.5455,5.02
55295,2445,12,0.5455,4.05
55296,55295,22,1.0000,66.50
55296,55297,22,1.0000,66.50
55296,55298,22,1.0000,66.50
55296,55299,22,1.0000,66.50
55296,55300,22,1.0000,66.50
55296,4085c,17,0.7727,7.07
55296,2555,13,0.5909,4.41
55296,4592,13,0.5909,4.37
55296,4593,13,0.5909,4.37
55296,4599a,12,0.5455,6.94
55296,4624,12,0.5455,5.02
55296,2445,12,0.5455,4.05
55297,55295,22,1.0000,66.50
55297,55296,22,1.0000,66.50
55297,55298,22,1.0000,66.50
55297,55299,22,1.0000,66.50
55297,55300,22,1.0000,66.50
55297,4085c,17,0.7727,7.07
55297,2555,13,0.5909,4.41
55297,4592,13,0.5909,4.37
55297,4593,13,0.5909,4.37
55297,4599a,12,0.5455,6.94
55297,4624,12,0.5455,5.02
55297,2445,12,0.5455,4.05
55298,55295,22,1.0000,66.50
55298,55296,22,1.0000,66.50
55298,55297,22,1.0000,66.50
55298,55299,22,1.0000,66.50
55298,55300,22,1.0000,66.50
55298,4085c,17,0.7727,7.07
55298,2555,13,0.5909,4.41
55298,4592,13,0.5909,4.37
55298,4593,13,0.5909,4.37
55298,4599a,12,0.5455,6.94
55298,4624,12,0.5455,5.02
55298,2445,12,0.5455,4.05
55299,55295,22,1.0000,66.50
55299,55296,22,1.0000,66.50
55299,55297,22,1.0000,66.50
55299,55298,22,1.0000,66.50
55299,55300,22,1.0000,66.50
55299,4085c,17,0.7727,7.07
55299,2555,13,0.5909,4.41
55299,4592,13,0.5909,4.37
55299,4593,13,0.5909,4.37
55299,4599a,12,0.5455,6.94
55299,4624,12,0.5455,5.02
55299,2445,12,0.5455,4.05
55300,55295,22,1.0000,66.50
55300,55296,22,1.0000,66.50
55300,55297,22,1.0000,66.50
55300,55298,22,1.0000,66.50
55300,55299,22,1.0000,66.50
55300,4085c,17,0.7727,7.07
55300,2555,13,0.5909,4.41
55300,4592,13,0.5909,4.37
55300,4593,13,0.5909,4.37
55300,4599a,12,0.5455,6.94
55300,4624,12,0.5455,5.02
55300,2445,12,0.5455,4.05
30554a,30553,4,0.8000,18.58
30554a,4592,4,0.8000,5.91
30554a,4593,4,0.8000,5.91
30554a,4740,4,0.8000,4.61
30554a,2540,4,0.8000,4.08
40234,60479,5,1.0000,15.90
40234,6541,5,1.0000,9.50
40234,4740,5,1.0000,5.76
40234,6636,5,1.0000,5.44
40234,3008,5,1.0000,5.19
40234,3700,5,1.0000,4.41
40234,3747b,4,0.8000,18.88
40234,30136,4,0.8000,15.01
40234,3028,4,0.8000,11.70
40234,6111,4,0.8000,11.59
40234,4599a,4,0.8000,10.18
40234,6134,4,0.8000,10.18
6019,2569,42,0.2675,4.72
30237,30414,23,0.5476,4.40
30237,6111,12,0.2857,4.14
30237,3747b,11,0.2619,6.18
30237,60470a,11,0.2619,6.08
30237,3837,10,0.2381,4.64
30237,2653,9,0.2143,10.11
30237,30236,9,0.2143,6.15
30237,43898,9,0.2143,5.50
30237,32018,9,0.2143,5.41
30237,6179,9,0.2143,4.07
30237,3245a,8,0.1905,8.20
30237,52031,8,0.1905,7.33
4864b,2877,24,0.4615,4.17
4864b,4315,20,0.3846,4.08
4864b,4599a,18,0.3462,4.40
4864b,3070a,16,0.3077,8.04
4864b,4625,16,0.3077,6.25
4864b,6015,16,0.3077,4.59
4864b,6111,16,0.3077,4.46
4864b,3901,14,0.2692,4.06
4864b,4862,12,0.2308,9.12
4864b,2362b,12,0.2308,8.88
4864b,4854,12,0.2308,5.28
4864b,4488,12,0.2308,4.02
40620,4488,7,0.7000,12.19
40620,32000,7,0.7000,7.37
40620,30414,7,0.7000,5.63
40620,4176,6,0.6000,20.90
40620,50745,6,0.6000,20.41
40620,48336,6,0.6000,4.37
40620,3837,5,0.5000,9.75
40620,3899,5,0.5000,8.22
40620,6134,5,0.5000,6.36
40620,87697,4,0.4000,25.44
40620,52031,4,0.4000,15.40
40620,30237,4,0.4000,13.93
30602,6157,31,0.4026,4.30
30602,50951,21,0.2727,5.54
30602,51719,19,0.2468,6.56
30602,50947,17,0.2208,7.18
30602,50943,16,0.2078,6.47
30602,44674,16,0.2078,5.33
48183,61678,7,0.2692,4.02
48183,30503,6,0.2308,8.66
48183,54384,6,0.2308,6.62
48183,54383,6,0.2308,6.49
48183,30413,6,0.2308,5.53
48183,44822,5,0.1923,18.76
48183,43719,5,0.1923,8.53
48183,2340,5,0.1923,7.82
48183,47457,5,0.1923,4.94
48183,30162,5,0.1923,4.85
48183,3747b,5,0.1923,4.54
48183,60470a,5,0.1923,4.47
4854,4859,40,0.6250,8.47
4854,4855,38,0.5938,17.37
4854,4865a,37,0.5781,4.15
4854,4871,30,0.4688,7.54
4854,4315,26,0.4062,4.31
4854,4276b,24,0.3750,4.86
4854,4625,22,0.3438,6.98
4854,4856,19,0.2969,12.06
4854,2437,18,0.2812,7.91
4854,4623,18,0.2812,4.11
4854,4857,15,0.2344,18.05
4854,4590,15,0.2344,4.83
4865a,4854,37,0.1814,4.15
4865a,3070a,35,0.1716,4.48
4865a,4855,31,0.1520,4.45
6239,4856,8,0.5333,21.67
6239,3626cp8h,5,0.3333,34.83
6239,4858,5,0.3333,19.51
6239,2413,5,0.3333,18.06
6239,3962b,5,0.3333,8.71
6239,47457,5,0.3333,8.56
6239,2458,5,0.3333,6.17
6239,3039pc9,4,0.2667,55.73
6239,4617b,4,0.2667,35.47
6239,43713,4,0.2667,16.96
6239,4861,4,0.2667,16.96
6239,6233,4,0.2667,15.61
6269,4150,5,0.6250,9.73
6269,3701,5,0.6250,5.14
6269,48336,5,0.6250,4.55
6269,92244,4,0.5000,24.38
6269,92245,4,0.5000,22.86
6269,33291,4,0.5000,15.90
6269,6143,4,0.5000,6.59
6269,87087,4,0.5000,4.23
3039pc9,2432,5,0.7143,5.17
3039pc9,4079,5,0.7143,5.15
3039pc9,4589,5,0.7143,4.47
3039pc9,6239,4,0.5714,55.73
30592,42022,5,0.6250,26.12
30592,2432,5,0.6250,4.53
30592,4079,5,0.6250,4.50
30592,44126,4,0.5000,24.38
30592,6112,4,0.5000,10.60
30592,3815b,4,0.5000,9.14
30592,4488,4,0.5000,8.71
30592,2456,4,0.5000,5.42
30592,3036,4,0.5000,4.20
30592,30414,4,0.5000,4.02
60219,85984,9,0.8182,5.27
60219,87079,9,0.8182,4.83
60219,2432,8,0.7273,5.27
60219,4079,7,0.6364,4.59
60219,47457,6,0.5455,14.00
60219,4865b,6,0.5455,7.75
60219,98138,6,0.5455,4.24
60219,63868,5,0.4545,6.27
60219,62462,5,0.4545,4.05
60219,50305,4,0.3636,21.28
60219,32059,4,0.3636,19.70
60219,50304,4,0.3636,19.70
3245b,6091,12,0.5714,4.27
3245b,6111,8,0.3810,5.52
3245b,3899,7,0.3333,5.48
3245b,4864b,6,0.2857,8.04
3245b,30136,6,0.2857,5.36
3245b,92410,5,0.2381,16.59
3245b,3069bp01,5,0.2381,15.14
3245b,92244,5,0.2381,11.61
3245b,92245,5,0.2381,10.89
3245b,4533,5,0.2381,9.17
3245b,47457,5,0.2381,6.11
3245b,6112,5,0.2381,5.05
76766,99207,6,1.0000,15.90
76766,63868,6,1.0000,13.80
76766,32000,6,1.0000,10.53
76766,60478,6,1.0000,10.23
76766,63864,6,1.0000,8.22
76766,32028,6,1.0000,6.15
76766,87079,6,1.0000,5.90
76766,3035,6,1.0000,5.50
76766,4162,6,1.0000,4.50
76766,4274,6,1.0000,4.50
76766,2780,6,1.0000,4.41
76766,11212,5,0.8333,16.26
30274,6111,4,1.0000,14.49
30274,2357,4,1.0000,6.17
30274,3035,4,1.0000,5.50
30274,6636,4,1.0000,5.44
30274,3008,4,1.0000,5.19
30274,4477,4,1.0000,4.62
30274,4162,4,1.0000,4.50
3626cp8h,3815b,11,0.7857,14.37
3626cp8h,2432,9,0.6429,4.66
3626cp8h,3962b,7,0.5000,13.06
3626cp8h,4488,7,0.5000,8.71
3626cp8h,52501,6,0.4286,18.44
3626cp8h,30413,6,0.4286,10.28
3626cp8h,3833,6,0.4286,8.59
3626cp8h,6239,5,0.3571,34.83
3626cp8h,57783,5,0.3571,32.66
3626cp8h,50745,5,0.3571,12.15
3626cp8h,45677,5,0.3571,9.50
3626cp8h,48183,4,0.2857,16.08
57779,30395,4,0.8000,33.44
57779,32278,4,0.8000,11.25
57779,32123a,4,0.8000,9.36
57779,2432,4,0.8000,5.79
57779,3706,4,0.8000,5.04
57779,32062,4,0.8000,4.42
87697,6157,12,0.5217,5.57
87697,973,12,0.5217,4.99
87697,50745,11,0.4783,16.27
87697,4488,11,0.4783,8.33
87697,2456,9,0.3913,4.24
87697,3821,9,0.3913,4.09
87697,3822,9,0.3913,4.00
87697,52031,8,0.3478,13.39
87697,4176,8,0.3478,12.12
87697,3815b,8,0.3478,6.36
87697,3899,8,0.3478,5.72
87697,87609,7,0.3043,11.72
2479,2460,28,0.8485,13.95
2479,4488,21,0.6364,11.08
2479,2421,18,0.5455,24.94
2479,3176,18,0.5455,5.82
2479,4315,18,0.5455,5.78
2479,3747a,16,0.4848,5.14
2479,6019,15,0.4545,4.24
2479,2483,13,0.3939,36.02
2479,4859,13,0.3939,5.34
2479,6140,12,0.3636,18.34
2479,3070a,11,0.3333,8.71
2479,3962b,10,0.3030,7.92
4488,2421,31,0.3690,16.87
4488,50745,29,0.3452,11.75
4488,3815b,25,0.2976,5.44
4488,4176,24,0.2857,9.95
4488,6015,24,0.2857,4.27
4488,2479,21,0.2500,11.08
4488,52031,19,0.2262,8.71
4488,3962b,17,0.2024,5.29
4488,52501,14,0.1667,7.17
4488,4215a,13,0.1548,5.03
30228,3829c01,8,0.8889,4.14
30228,30194,6,0.6667,81.28
30228,6015,6,0.6667,9.95
30228,2926,5,0.5556,22.58
30228,3833,5,0.5556,11.13
30228,3837,5,0.5556,10.84
30228,3176,5,0.5556,5.93
30228,4085c,5,0.5556,5.08
30228,30193,4,0.4444,108.37
30228,4770,4,0.4444,50.02
30228,3626bp03,4,0.4444,23.22
30228,2584,4,0.4444,22.42
87414,4624,6,0.7500,6.90
87414,4600,5,0.6250,5.75
87414,30377,4,0.5000,17.84
87414,59900,4,0.5000,5.19
87414,30374,4,0.5000,4.18
87617,48336,6,0.8571,6.24
87617,30374,5,0.7143,5.97
87617,63864,5,0.7143,5.87
87617,85984,5,0.7143,4.60
87617,32028,5,0.7143,4.39
87617,60581,4,0.5714,26.12
87617,52031,4,0.5714,22.00
87617,4176,4,0.5714,19.90
87617,87552,4,0.5714,16.72
87617,92280,4,0.5714,10.86
87617,3899,4,0.5714,9.39
87617,63868,4,0.5714,7.89
50745,3829c01,37,0.8605,4.01
50745,4488,29,0.6744,11.75
50745,30414,27,0.6279,5.05
50745,3815b,22,0.5116,9.36
50745,4176,20,0.4651,16.20
50745,52501,18,0.4186,18.01
50745,52031,17,0.3953,15.22
50745,6015,17,0.3953,5.90
50745,30413,16,0.3721,8.92
50745,3899,16,0.3721,6.12
50745,87697,11,0.2558,16.27
50745,87609,11,0.2558,9.85
6158,3834,5,1.0000,56.27
6158,3838,5,1.0000,11.17
6158,3829c01,5,1.0000,4.66
6158,4085c,4,0.8000,7.32
6158,4865a,4,0.8000,5.74
15303,87079,9,1.0000,5.90
15303,2780,9,1.0000,4.41
15303,3701,8,0.8889,7.31
15303,85984,8,0.8889,5.73
15303,6636,8,0.8889,4.83
15303,3713,8,0.8889,4.61
15303,4274,8,0.8889,4.00
15303,92280,7,0.7778,14.78
15303,2450,7,0.7778,10.94
15303,32054,7,0.7778,6.43
15303,63864,7,0.7778,6.39
15303,32028,7,0.7778,4.78
15400,15303,6,1.0000,162.56
15400,87079,6,1.0000,5.90
15400,2780,6,1.0000,4.41
15400,2450,5,0.8333,11.72
15400,3701,5,0.8333,6.85
15400,63864,5,0.8333,6.85
15400,98138,5,0.8333,6.48
15400,85984,5,0.8333,5.37
15400,32028,5,0.8333,5.12
15400,6636,5,0.8333,4.53
15400,3713,5,0.8333,4.32
15400,47398,4,0.6667,34.83
4229,3838,33,0.9706,10.84
4229,3957a,22,0.6471,4.60
4229,3938,21,0.6176,4.43
4229,3956,20,0.5882,9.89
4229,3839b,18,0.5294,7.90
4229,4315,18,0.5294,5.61
4229,3933,16,0.4706,12.99
4229,3934,16,0.4706,12.99
4229,3747a,16,0.4706,4.99
4229,3963,15,0.4412,15.01
4229,3479,14,0.4118,17.72
4229,2569,14,0.4118,7.26
30375,2555,7,0.7778,5.81
30375,30374,6,0.6667,5.57
30375,48336,6,0.6667,4.85
30375,4589,6,0.6667,4.17
30375,30377,5,0.5556,19.82
30375,3794b,5,0.5556,4.62
30375,2445,5,0.5556,4.13
30375,2432,5,0.5556,4.02
30375,61184,4,0.4444,19.70
30375,30237,4,0.4444,15.48
30375,30363,4,0.4444,12.27
30375,47457,4,0.4444,11.41
3069bpc3,48336,11,0.6111,4.45
3069bpc3,50950,10,0.5556,4.54
3069bpc3,30414,10,0.5556,4.47
3069bpc3,32018,9,0.5000,12.61
3069bpc3,6019,9,0.5000,4.66
3069bpc3,30413,8,0.4444,10.66
3069bpc3,6134,7,0.3889,4.95
3069bpc3,32000,7,0.3889,4.09
3069bpc3,41747,6,0.3333,13.55
3069bpc3,41748,6,0.3333,13.18
3069bpc3,2819,6,0.3333,7.17
3069bpc3,4488,6,0.3333,5.81
6070,2444,7,0.3684,5.50
6070,32064a,7,0.3684,5.44
6070,30383,6,0.3158,7.45
6070,4349,6,0.3158,5.85
6070,2460,6,0.3158,5.19
6070,42022,5,0.2632,11.00
6070,30553,5,0.2632,6.11
6070,6041,4,0.2105,19.25
6070,41764,4,0.2105,14.67
6070,41765,4,0.2105,14.67
6070,44302a,4,0.2105,8.56
6070,30363,4,0.2105,5.81
3838,3956,45,0.3435,5.78
3838,3839b,45,0.3435,5.13
3838,4276b,45,0.3435,4.45
3838,4590,44,0.3359,6.92
3838,2419,42,0.3206,4.84
3838,3959,39,0.2977,6.31
3838,973p90,36,0.2748,11.17
3838,3842a,36,0.2748,8.38
3838,3962a,36,0.2748,7.45
3838,2569,35,0.2672,4.71
3838,4229,33,0.2519,10.84
3838,4598,32,0.2443,9.40
3963,3957a,32,0.7442,5.29
3963,3838,31,0.7209,8.05
3963,3938,27,0.6279,4.50
3963,3956,23,0.5349,8.99
3963,3641,21,0.4884,4.01
3963,973p90,20,0.4651,18.90
3963,3842a,19,0.4419,13.47
3963,3959,18,0.4186,8.88
3963,4315,17,0.3953,4.19
3963,3039p34,16,0.3721,12.37
3963,4085a,16,0.3721,8.12
3963,3839b,16,0.3721,5.55
12939,87087,7,0.8750,7.40
12939,11477,7,0.8750,7.23
12939,98138,6,0.7500,5.84
12939,6091,6,0.7500,5.60
12939,87079,6,0.7500,4.42
12939,33291,5,0.6250,19.88
12939,11211,5,0.6250,7.20
12939,87580,5,0.6250,6.93
12939,15068,5,0.6250,6.06
12939,15573,5,0.6250,5.29
12939,63864,5,0.6250,5.14
12939,85984,5,0.6250,4.03
11208,15712,4,0.8000,11.47
11208,99206,4,0.8000,9.92
11208,85984,4,0.8000,5.16
93092,87580,7,0.8750,9.70
93092,6091,6,0.7500,5.60
93092,92245,5,0.6250,28.57
93092,33291,5,0.6250,19.88
93092,15068,5,0.6250,6.06
93092,98138,5,0.6250,4.86
93092,85984,5,0.6250,4.03
93092,92248,4,0.5000,24.38
93092,92244,4,0.5000,24.38
93092,3626c,4,0.5000,17.42
93092,4599b,4,0.5000,11.61
93092,63868,4,0.5000,6.90
2496,2445,13,0.6842,5.08
2496,4592,12,0.6316,4.67
2496,4593,12,0.6316,4.67
2496,2655,10,0.5263,59.23
2496,2877,10,0.5263,4.75
2496,973,8,0.4211,4.03
2496,2460,7,0.3684,6.06
2496,3901,7,0.3684,5.56
2496,4488,6,0.3158,5.50
2496,3899,6,0.3158,5.19
2496,6015,6,0.3158,4.71
2496,3624,6,0.3158,4.44
30350a,48336,13,0.9286,6.76
30350a,30414,11,0.7857,6.32
30350a,32028,11,0.7857,4.83
30350a,2555,9,0.6429,4.80
30350a,2432,9,0.6429,4.66
30350a,44728,9,0.6429,4.29
30350a,3794b,8,0.5714,4.75
30350a,50950,8,0.5714,4.67
30350a,2445,8,0.5714,4.24
30350a,6019,7,0.5000,4.66
30350a,50943,6,0.4286,13.34
30350a,51719,6,0.4286,11.40
98288,59895,5,1.0000,48.77
98288,4176,5,1.0000,34.83
98288,85984,5,1.0000,6.44
98288,87079,5,1.0000,5.90
98288,6636,5,1.0000,5.44
98288,3829c01,5,1.0000,4.66
98288,50745,4,0.8000,27.22
98288,3837,4,0.8000,15.61
98288,92280,4,0.8000,15.20
98288,4488,4,0.8000,13.93
98288,3899,4,0.8000,13.15
98288,3822,4,0.8000,8.18
97787,97793,4,1.0000,365.75
97787,6191,4,1.0000,39.54
97787,4599b,4,1.0000,23.22
97787,4865b,4,1.0000,14.20
97787,87580,4,1.0000,11.08
97787,87087,4,1.0000,8.46
97787,30414,4,1.0000,8.04
97787,48336,4,1.0000,7.28
97787,87079,4,1.0000,5.90
97793,97787,4,1.0000,365.75
97793,6191,4,1.0000,39.54
97793,4599b,4,1.0000,23.22
97793,4865b,4,1.0000,14.20
97793,87580,4,1.0000,11.08
97793,87087,4,1.0000,8.46
97793,30414,4,1.0000,8.04
97793,48336,4,1.0000,7.28
97793,87079,4,1.0000,5.90
92583,3829c01,6,1.0000,4.66
92583,98138,5,0.8333,6.48
92583,85984,5,0.8333,5.37
92583,87079,5,0.8333,4.92
92583,87552,4,0.6667,19.51
92583,92593,4,0.6667,7.33
92583,48336,4,0.6667,4.85
98286,85984,8,1.0000,6.44
98286,87079,8,1.0000,5.90
98286,4162,8,1.0000,4.50
98286,2780,8,1.0000,4.41
98286,6636,7,0.8750,4.76
98286,92280,6,0.7500,14.25
98286,32000,6,0.7500,7.89
98286,63864,6,0.7500,6.16
98286,32028,6,0.7500,4.61
98286,30237,5,0.6250,21.77
98286,6179,5,0.6250,11.88
98286,99206,5,0.6250,7.75
2823,2432,6,0.8571,6.21
2823,3176,4,0.5714,6.10
2823,4085c,4,0.5714,5.22
4742,3894,7,0.6364,8.39
4742,63864,6,0.5455,4.48
4742,59443,6,0.5455,4.38
4742,3298,6,0.5455,4.05
4742,4592,6,0.5455,4.03
4742,4593,6,0.5455,4.03
4742,60477,5,0.4545,16.62
4742,6232,5,0.4545,11.88
4742,60474,5,0.4545,9.93
4742,4287a,5,0.4545,8.87
4742,87580,5,0.4545,5.04
4742,60478,5,0.4545,4.65
41862,32028,14,0.8750,5.38
41862,44728,11,0.6875,4.59
41862,3794b,10,0.6250,5.20
41862,50950,10,0.6250,5.11
41862,3957a,10,0.6250,4.44
41862,6157,8,0.5000,5.34
41862,30374,8,0.5000,4.18
41862,30414,8,0.5000,4.02
41862,59443,8,0.5000,4.02
41862,51719,7,0.4375,11.64
41862,4085a,7,0.4375,9.55
41862,50951,7,0.4375,8.89
4869,4868a,11,0.7857,95.79
4869,4856,11,0.7857,31.93
4869,4859,11,0.7857,10.64
4869,4624,11,0.7857,7.23
4869,4625,10,0.7143,14.51
4869,4282,10,0.7143,6.37
4869,4865a,10,0.7143,5.12
4869,3585,9,0.6429,62.70
4869,3586,9,0.6429,62.70
4869,4857,9,0.6429,49.50
4869,4861,9,0.6429,40.89
4869,4862,9,0.6429,25.42
6178,6636,13,0.8667,4.71
6178,3035,11,0.7333,4.03
6178,6558,10,0.6667,4.78
6178,6180,9,0.6000,16.26
6178,2445,9,0.6000,4.46
6178,6179,8,0.5333,10.13
6178,2456,8,0.5333,5.78
6178,32000,8,0.5333,5.61
6178,32523,8,0.5333,4.73
6178,32013,8,0.5333,4.56
6178,3036,8,0.5333,4.48
6178,3701,8,0.5333,4.38
2341,3938,12,0.6667,4.78
2341,4315,11,0.6111,6.48
2341,4079,11,0.6111,4.40
2341,4864b,9,0.5000,14.07
2341,4625,9,0.5000,10.16
2341,4213,9,0.5000,5.54
2341,4624,9,0.5000,4.60
2341,4276b,8,0.4444,5.75
2341,4599a,8,0.4444,5.65
2341,3033,8,0.4444,4.68
2341,4600,8,0.4444,4.09
2341,4085c,8,0.4444,4.06
3626bp68,3747a,5,1.0000,10.60
3626bp68,4589,5,1.0000,6.25
3626bp68,4286,5,1.0000,5.97
3626bp68,973p64,4,0.8000,292.60
3626bp68,6104,4,0.8000,117.04
3626bp68,3626bp69,4,0.8000,83.60
3626bp68,2507,4,0.8000,58.52
3626bp68,4275b,4,0.8000,14.27
3626bp68,2569,4,0.8000,14.10
3626bp68,2419,4,0.8000,12.07
3626bp68,4859,4,0.8000,10.84
3626bp68,4276b,4,0.8000,10.36
973ps1,3069bps1,4,0.8000,106.40
973ps1,30359a,4,0.8000,97.53
973ps1,30364,4,0.8000,73.15
973ps1,30365,4,0.8000,46.82
973ps1,30355,4,0.8000,41.80
973ps1,30356,4,0.8000,40.36
973ps1,3680,4,0.8000,11.94
973ps1,3679,4,0.8000,11.70
973ps1,3747a,4,0.8000,8.48
973ps1,4085c,4,0.8000,7.32
973ps1,2445,4,0.8000,5.94
973ps1,3298,4,0.8000,5.94
30039,4625,6,0.3529,7.17
30039,4150,6,0.3529,5.49
30039,3679,6,0.3529,5.16
30039,4092a,5,0.2941,15.37
30039,4531,5,0.2941,5.81
30039,3901,5,0.2941,4.44
30039,3680,5,0.2941,4.39
30039,2875,4,0.2353,43.03
30039,2582,4,0.2353,28.69
30039,2878c01,4,0.2353,14.34
30039,4022,4,0.2353,10.12
30039,2921,4,0.2353,4.65
18974,18977,4,1.0000,243.83
18974,99207,4,1.0000,15.90
18974,99206,4,1.0000,12.40
18974,3829c01,4,1.0000,4.66
2905,3713,29,1.0000,5.19
2905,4519,27,0.9310,5.28
2905,3749,27,0.9310,5.24
2905,3705,27,0.9310,4.99
2905,3706,25,0.8621,5.44
2905,3707,23,0.7931,7.39
2905,32062,23,0.7931,4.38
2905,6536,22,0.7586,6.61
2905,3647,21,0.7241,12.92
2905,3737,21,0.7241,8.41
2905,6632,21,0.7241,7.11
2905,32140,20,0.6897,6.77
32069,6558,11,1.0000,7.17
32069,3749,11,1.0000,5.63
32069,3713,11,1.0000,5.19
32069,32068,10,0.9091,83.12
32069,2780,10,0.9091,4.01
32069,32062,9,0.8182,4.52
32069,2819,8,0.7273,15.65
32069,3647,8,0.7273,12.98
32069,3709b,8,0.7273,9.59
32069,3708,8,0.7273,9.25
32069,32270,8,0.7273,8.06
32069,32013,8,0.7273,6.22
41896,2819,8,1.0000,21.51
41896,6558,8,1.0000,7.17
41896,3706,8,1.0000,6.31
41896,32062,8,1.0000,5.52
41896,3713,8,1.0000,5.19
41896,4274,8,1.0000,4.50
41896,2780,8,1.0000,4.41
41896,41677,7,0.8750,11.04
41896,32526,7,0.8750,8.95
41896,32523,7,0.8750,7.76
41896,3705,7,0.8750,4.69
41896,32184,6,0.7500,7.78
4459,3701,19,0.5588,4.59
4459,3737,15,0.4412,5.12
4459,3707,15,0.4412,4.11
4459,3702,13,0.3824,4.86
4459,3647,12,0.3529,6.30
4459,3895,12,0.3529,5.80
4459,3894,12,0.3529,4.65
4459,3703,11,0.3235,5.44
4459,2444,11,0.3235,4.83
4459,3709b,11,0.3235,4.26
4459,4265a,9,0.2647,8.24
4459,3738,9,0.2647,4.45
61070,60483,5,1.0000,14.49
61070,32034,5,1.0000,10.45
61070,32184,5,1.0000,10.38
61070,32524,5,1.0000,10.30
61070,44294,5,1.0000,10.30
61070,32526,5,1.0000,10.23
61070,32140,5,1.0000,9.82
61070,32073,5,1.0000,8.51
61070,32054,5,1.0000,8.27
61070,43093,5,1.0000,7.21
61070,6558,5,1.0000,7.17
61070,4519,5,1.0000,5.67
61071,61070,4,1.0000,292.60
61071,6553,4,1.0000,16.62
61071,60483,4,1.0000,14.49
61071,41677,4,1.0000,12.61
61071,32034,4,1.0000,10.45
61071,32184,4,1.0000,10.38
61071,32524,4,1.0000,10.30
61071,44294,4,1.0000,10.30
61071,32526,4,1.0000,10.23
61071,32140,4,1.0000,9.82
61071,32073,4,1.0000,8.51
61071,32054,4,1.0000,8.27
6046,4519,4,1.0000,5.67
30106,60474,4,0.8000,17.47
30106,6231,4,0.8000,8.13
30106,87087,4,0.8000,6.77
30106,48336,4,0.8000,5.82
30106,2357,4,0.8000,4.94
30106,87079,4,0.8000,4.72
30106,4740,4,0.8000,4.61
3742,3741a,12,0.6000,51.64
3742,2453a,10,0.5000,19.77
3742,3901,10,0.5000,7.54
3742,3626ap01,8,0.4000,8.24
3742,92244,7,0.3500,17.07
3742,92248,7,0.3500,17.07
3742,92245,7,0.3500,16.00
3742,4530,7,0.3500,11.91
3742,2460,7,0.3500,5.75
3742,4217,6,0.3000,27.43
3742,91405,6,0.3000,19.08
3742,2423,6,0.3000,12.19
30229,4081b,5,0.8333,4.88
65426,65429,5,1.0000,292.60
65426,24307,5,1.0000,36.58
65426,11212,5,1.0000,19.51
65426,26603,5,1.0000,19.00
65426,87079,5,1.0000,5.90
65426,24299,4,0.8000,31.63
65426,33909,4,0.8000,22.95
65426,2654a,4,0.8000,22.95
65426,25269,4,0.8000,12.72
65426,2450,4,0.8000,11.25
65426,3176,4,0.8000,8.54
65426,15573,4,0.8000,6.77
65429,65426,5,1.0000,292.60
65429,24307,5,1.0000,36.58
65429,11212,5,1.0000,19.51
65429,26603,5,1.0000,19.00
65429,87079,5,1.0000,5.90
65429,24299,4,0.8000,31.63
65429,33909,4,0.8000,22.95
65429,2654a,4,0.8000,22.95
65429,25269,4,0.8000,12.72
65429,2450,4,0.8000,11.25
65429,3176,4,0.8000,8.54
65429,15573,4,0.8000,6.77
3878,30136,8,0.8889,16.67
3878,2357,8,0.8889,5.49
3878,4286,7,0.7778,4.64
3878,3035,7,0.7778,4.28
3878,6636,7,0.7778,4.23
3878,4733,6,0.6667,10.27
3878,3176,6,0.6667,7.12
3878,6231,6,0.6667,6.77
3878,2423,5,0.5556,22.58
3878,30357,5,0.5556,11.45
3878,2456,5,0.5556,6.02
3878,3033,5,0.5556,5.85
2655,3002,11,0.8462,4.02
2655,2496,10,0.7692,59.23
2655,2432,10,0.7692,5.57
2655,4624,9,0.6923,6.37
2655,4865a,9,0.6923,4.96
2655,4085c,8,0.6154,5.63
2655,2555,8,0.6154,4.59
2655,2445,8,0.6154,4.57
2655,4079,8,0.6154,4.44
2655,4599a,7,0.5385,6.85
2655,2877,7,0.5385,4.86
2655,3641,7,0.5385,4.43
67139,11212,4,1.0000,19.51
67139,2465,4,1.0000,14.78
67139,4282,4,1.0000,8.92
67139,63864,4,1.0000,8.22
67139,2357,4,1.0000,6.17
67139,3008,4,1.0000,5.19
67139,4162,4,1.0000,4.50
67139,2780,4,1.0000,4.41
2348b,2349a,37,0.8605,27.37
2348b,3823,33,0.7674,8.02
2348b,3821,28,0.6512,6.80
2348b,3822,28,0.6512,6.66
2348b,4624,26,0.6047,5.56
2348b,4315,23,0.5349,5.67
2348b,3788,22,0.5116,4.40
2348b,3641,21,0.4884,4.01
2348b,4600,20,0.4651,4.28
2348b,4214,19,0.4419,9.23
2348b,3070a,17,0.3953,10.33
2348b,6015,17,0.3953,5.90
2349a,2348b,37,0.8043,27.37
2349a,3823,33,0.7174,7.50
2349a,3821,30,0.6522,6.82
2349a,3822,30,0.6522,6.67
2349a,4624,29,0.6304,5.80
2349a,3788,26,0.5652,4.86
2349a,3641,26,0.5652,4.65
2349a,4315,25,0.5435,5.76
2349a,4600,23,0.5000,4.60
2349a,4214,20,0.4348,9.09
2349a,3070a,17,0.3696,9.65
2349a,4599a,17,0.3696,4.70
2486,4865a,15,0.5769,4.14
2486,3033,13,0.5000,5.26
2486,3901,11,0.4231,6.38
2486,4085b,10,0.3846,7.31
2486,2569,10,0.3846,6.78
2486,4315,10,0.3846,4.08
2486,3823,10,0.3846,4.02
2486,3070a,9,0.3462,9.04
2486,4175,9,0.3462,4.96
2486,3624,9,0.3462,4.87
2486,4859,9,0.3462,4.69
2486,4488,8,0.3077,5.36
4033,4079,18,0.6667,4.80
4033,4315,16,0.5926,6.28
4033,3901,14,0.5185,7.82
4033,3855b,13,0.4815,32.02
4033,4530,13,0.4815,16.38
4033,4625,12,0.4444,9.03
4033,3033,12,0.4444,4.68
4033,3624,11,0.4074,5.73
4033,3821,11,0.4074,4.26
4033,3822,11,0.4074,4.17
4033,4854,10,0.3704,8.47
4033,973p1e,9,0.3333,32.51
4034,3832,8,1.0000,4.34
4034,4183,7,0.8750,80.01
4034,3794a,7,0.8750,4.04
4034,4033,6,0.7500,40.64
4034,4150,6,0.7500,11.67
4034,3901,6,0.7500,11.31
4034,4175,6,0.7500,10.76
4034,2877,6,0.7500,6.77
4034,4079,6,0.7500,5.41
4034,2357,6,0.7500,4.63
4034,3941,6,0.7500,4.16
4034,4092a,5,0.6250,32.66
4151a,4531,8,0.8889,17.57
4151a,4276b,8,0.8889,11.51
4151a,2452,7,0.7778,19.62
4151a,4275b,7,0.7778,13.88
4151a,4859,7,0.7778,10.54
4151a,4315,7,0.7778,8.25
4151a,2445,7,0.7778,5.78
4151a,3298,7,0.7778,5.78
4151a,2357,7,0.7778,4.80
4151a,4286,7,0.7778,4.64
4151a,4081b,7,0.7778,4.55
4151a,2569,6,0.6667,11.75
2923,4531,15,0.7895,15.61
2923,4276b,14,0.7368,9.54
2923,4275b,12,0.6316,11.27
2923,3956,11,0.5789,9.74
2923,4315,11,0.5789,6.14
2923,2445,11,0.5789,4.30
2923,3298,11,0.5789,4.30
2923,4592,11,0.5789,4.28
2923,4593,11,0.5789,4.28
2923,4865a,11,0.5789,4.15
2923,4085c,10,0.5263,4.81
2923,6111,9,0.4737,6.86
6155,6154,5,1.0000,133.00
6155,6019,4,0.8000,7.45
6155,4085c,4,0.8000,7.32
6155,2436a,4,0.8000,4.98
2719,3743,8,1.0000,26.60
2719,3647,8,1.0000,17.84
2719,3703,8,1.0000,16.82
2719,3895,8,1.0000,16.44
2719,3709b,8,1.0000,13.18
2719,3708,8,1.0000,12.72
2719,3737,8,1.0000,11.61
2719,3701,8,1.0000,8.22
2719,3706,8,1.0000,6.31
2719,3749,8,1.0000,5.63
2719,3705,8,1.0000,5.36
2719,3713,8,1.0000,5.19
4261,3706,30,1.0000,6.31
4261,3749,30,1.0000,5.63
4261,3713,30,1.0000,5.19
4261,3705,29,0.9667,5.18
4261,3894,28,0.9333,12.30
4261,3700,28,0.9333,4.11
4261,3707,27,0.9000,8.39
4261,3647,26,0.8667,15.46
4261,3895,26,0.8667,14.25
4261,3701,26,0.8667,7.12
4261,3702,25,0.8333,10.60
4261,3737,25,0.8333,9.68
4183,4079,12,0.7500,5.41
4183,3298,11,0.6875,5.11
4183,4092a,10,0.6250,32.66
4183,4022,10,0.6250,26.89
4183,3624,9,0.5625,7.91
4183,3029,9,0.5625,5.80
4183,2877,9,0.5625,5.08
4183,2920,8,0.5000,23.60
4183,3901,8,0.5000,7.54
4183,4175,8,0.5000,7.17
4183,4034,7,0.4375,80.01
4183,4509,7,0.4375,64.01
4181,4183,4,1.0000,91.44
4181,3029,4,1.0000,10.30
4181,6091,4,1.0000,7.46
4697a,3701,5,1.0000,8.22
4697a,3703,4,0.8000,13.45
4697a,3738,4,0.8000,13.45
4697a,3895,4,0.8000,13.15
4697a,3709b,4,0.8000,10.54
4697a,3737,4,0.8000,9.29
4697a,3707,4,0.8000,7.45
4697a,3706,4,0.8000,5.04
4697a,3749,4,0.8000,4.50
4697a,3705,4,0.8000,4.29
4697a,3713,4,0.8000,4.15
3856,3853,34,1.0000,27.09
3856,4213,19,0.5588,6.19
3856,3823,17,0.5000,5.22
3856,3624,16,0.4706,6.62
3856,4214,13,0.3824,7.99
3856,4211,11,0.3235,7.28
3856,4175,11,0.3235,4.64
3856,3625,9,0.2647,14.34
3856,4084,9,0.2647,7.17
3856,122c01,9,0.2647,5.38
3856,4215a,8,0.2353,7.65
3856,3680c01,8,0.2353,6.04
4276b,4275b,64,0.5664,10.10
4276b,4315,48,0.4248,4.50
4276b,2452,47,0.4159,10.49
4276b,4859,45,0.3982,5.39
4276b,3838,45,0.3982,4.45
4276b,4531,39,0.3451,6.82
4276b,2419,34,0.3009,4.54
4276b,4625,32,0.2832,5.75
4276b,2569,30,0.2655,4.68
4276b,2433,28,0.2478,7.55
4276b,4085b,28,0.2478,4.71
4276b,4590,26,0.2301,4.74
3403c01,3833,7,0.4375,8.77
3403c01,4213,6,0.3750,4.16
3403c01,2376,5,0.3125,32.66
3403c01,4214,5,0.3125,6.53
3403c01,4175,5,0.3125,4.48
3403c01,3709b,5,0.3125,4.12
3403c01,70278,4,0.2500,52.25
3403c01,3063b,4,0.2500,8.92
3403c01,4215a,4,0.2500,8.13
3403c01,4084,4,0.2500,6.77
3403c01,3070a,4,0.2500,6.53
3403c01,3959,4,0.2500,5.30
4019,3713,39,0.9512,4.93
4019,3749,37,0.9024,5.08
4019,3705,34,0.8293,4.44
4019,3706,33,0.8049,5.08
4019,3737,31,0.7561,8.78
4019,3707,31,0.7561,7.05
4019,4519,31,0.7561,4.29
4019,3673,29,0.7073,4.21
4019,3647,28,0.6829,12.18
4019,3894,27,0.6585,8.68
4019,3702,27,0.6585,8.38
4019,3701,26,0.6341,5.21
4694c01-f1,4265a,5,1.0000,31.13
4694c01-f1,3703,5,1.0000,16.82
4694c01-f1,3895,5,1.0000,16.44
4694c01-f1,3709b,5,1.0000,13.18
4694c01-f1,3894,5,1.0000,13.18
4694c01-f1,3702,5,1.0000,12.72
4694c01-f1,3737,5,1.0000,11.61
4694c01-f1,3707,5,1.0000,9.32
4694c01-f1,3701,5,1.0000,8.22
4694c01-f1,3706,5,1.0000,6.31
4694c01-f1,3673,5,1.0000,5.95
4694c01-f1,3749,5,1.0000,5.63
4263,3706,17,0.9444,5.96
4263,3700,17,0.9444,4.16
4263,3705,16,0.8889,4.76
4263,3704,15,0.8333,33.87
4263,3894,15,0.8333,10.98
4263,3707,15,0.8333,7.77
4263,3701,15,0.8333,6.85
4263,3713,15,0.8333,4.32
4263,3749,14,0.7778,4.38
4263,3651,13,0.7222,22.48
4263,3702,13,0.7222,9.19
4263,4265a,12,0.6667,20.75
30055,3035,16,0.8000,4.40
30055,6636,15,0.7500,4.08
30055,2357,14,0.7000,4.32
30055,2877,12,0.6000,5.42
30055,6231,11,0.5500,5.59
30055,6091,11,0.5500,4.11
30055,30136,10,0.5000,9.38
30055,6111,10,0.5000,7.24
30055,30414,10,0.5000,4.02
30055,4282,9,0.4500,4.01
30055,60596,8,0.4000,13.00
30055,2921,8,0.4000,7.91
33125,4740,8,1.0000,5.76
33125,3035,8,1.0000,5.50
33125,2877,6,0.7500,6.77
33125,4282,6,0.7500,6.69
33125,2445,6,0.7500,5.57
33125,48336,6,0.7500,5.46
33125,6636,6,0.7500,4.08
33125,2039,5,0.6250,60.96
33125,4150p03,5,0.6250,48.12
33125,4216,5,0.6250,31.53
33125,3659,5,0.6250,11.02
33125,6111,5,0.6250,9.05
60616a,30414,11,1.0000,8.04
60616a,48336,10,0.9091,6.62
60616a,3035,10,0.9091,5.00
60616a,60596,9,0.8182,26.60
60616a,4282,9,0.8182,7.30
60616a,6636,9,0.8182,4.45
60616a,3008,9,0.8182,4.24
60616a,57895,8,0.7273,44.33
60616a,60623,8,0.7273,42.56
60616a,60594,8,0.7273,28.76
60616a,6231,8,0.7273,7.39
60616a,2877,8,0.7273,6.57
973p8j,6636,5,1.0000,5.44
973p8j,4162,5,1.0000,4.50
973p8j,2039,4,0.8000,78.03
973p8j,30383,4,0.8000,18.88
973p8j,30136,4,0.8000,15.01
973p8j,3901,4,0.8000,12.07
973p8j,3680,4,0.8000,11.94
973p8j,3679,4,0.8000,11.70
973p8j,2877,4,0.8000,7.22
973p8j,30374,4,0.8000,6.69
973p8j,6091,4,0.8000,5.97
973p8j,48336,4,0.8000,5.82
30176,87580,9,0.4737,5.25
30176,92248,8,0.4211,20.53
30176,33291,8,0.4211,13.39
30176,30136,7,0.3684,6.91
30176,92244,6,0.3158,15.40
30176,92245,6,0.3158,14.44
30176,30357,6,0.3158,6.51
30176,92257,5,0.2632,38.50
30176,47457,5,0.2632,6.75
30176,3045,5,0.2632,6.31
30176,3747b,5,0.2632,6.21
30176,4599b,5,0.2632,6.11
3688,59900,7,0.7000,7.26
3688,4490,6,0.6000,21.41
3688,87087,6,0.6000,5.07
3688,3958,6,0.6000,4.24
3688,3045,5,0.5000,11.99
3688,30357,5,0.5000,10.30
3688,3659,5,0.5000,8.81
3688,6266,4,0.4000,23.41
3688,49668,4,0.4000,13.00
3688,30136,4,0.4000,7.50
3688,4733,4,0.4000,6.16
3688,87580,4,0.4000,4.43
3068bp73,48336,5,1.0000,7.28
3068bp73,4162,5,1.0000,4.50
3068bp73,3815b,4,0.8000,14.63
3068bp73,3901,4,0.8000,12.07
3068bp73,3033,4,0.8000,8.42
3068bp73,4079,4,0.8000,5.77
3068bp73,44728,4,0.8000,5.34
973p8z,3815b,5,1.0000,18.29
973p8z,4282,5,1.0000,8.92
973p8z,48336,5,1.0000,7.28
973p8z,3035,5,1.0000,5.50
973p8z,30414,4,0.8000,6.43
973p8z,6091,4,0.8000,5.97
973p8z,4079,4,0.8000,5.77
973p8z,4865a,4,0.8000,5.74
973p8z,44728,4,0.8000,5.34
973p8z,3665a,4,0.8000,5.23
973p8z,32028,4,0.8000,4.92
973p8z,6636,4,0.8000,4.35
85863,15573,4,1.0000,8.46
85863,2445,4,1.0000,7.43
85863,6636,4,1.0000,5.44
85863,4162,4,1.0000,4.50
2951,4716,5,1.0000,25.67
2951,3706,5,1.0000,6.31
2951,4519,5,1.0000,5.67
2951,3705,5,1.0000,5.36
2951,3713,5,1.0000,5.19
2951,4274,5,1.0000,4.50
2951,2780,5,1.0000,4.41
2951,32250,4,0.8000,24.90
2951,32525,4,0.8000,10.64
2951,42003,4,0.8000,9.52
2951,32039,4,0.8000,8.93
2951,32270,4,0.8000,8.87
61481,32526,6,1.0000,10.23
61481,32062,6,1.0000,5.52
61481,3705,6,1.0000,5.36
61481,3713,6,1.0000,5.19
61481,4274,6,1.0000,4.50
61481,56145,5,0.8333,20.32
61481,32291,5,0.8333,12.83
61481,3708,5,0.8333,10.60
61481,87083,5,0.8333,9.52
61481,32034,5,0.8333,8.71
61481,62462,5,0.8333,7.43
61481,3749,5,0.8333,4.69
24947,60478,4,0.8000,8.18
24947,15573,4,0.8000,6.77
24947,98138,4,0.8000,6.23
24947,85984,4,0.8000,5.16
24947,87079,4,0.8000,4.72
30391,44728,6,0.6000,4.01
30391,55981,5,0.5000,18.76
30391,55982,4,0.4000,16.72
30391,30395,4,0.4000,16.72
30391,2817,4,0.4000,7.60
30391,32123a,4,0.4000,4.68
30391,32270,4,0.4000,4.43
3639,3640,22,0.9167,60.96
3639,3839b,11,0.4583,6.84
3639,3838,11,0.4583,5.12
3639,3833,9,0.3750,7.52
3639,3962a,7,0.2917,7.90
3639,4085b,7,0.2917,5.54
3639,3680,7,0.2917,4.35
3639,3679,7,0.2917,4.27
3639,2346,6,0.2500,16.62
3639,3482,6,0.2500,7.46
3639,4590,6,0.2500,5.15
3639,4275b,6,0.2500,4.46
3640,3639,22,1.0000,60.96
3640,3839b,11,0.5000,7.46
3640,3838,11,0.5000,5.58
3640,3833,9,0.4091,8.20
3640,3962a,7,0.3182,8.62
3640,4085b,7,0.3182,6.05
3640,3680,7,0.3182,4.75
3640,3679,7,0.3182,4.65
3640,4859,7,0.3182,4.31
3640,2346,6,0.2727,18.14
3640,3482,6,0.2727,8.14
3640,4590,6,0.2727,5.62
3483,3482,17,0.8095,24.17
3483,3706,15,0.7143,4.50
3483,3749,15,0.7143,4.02
3483,3707,11,0.5238,4.88
3483,3895,10,0.4762,7.83
3483,3894,10,0.4762,6.28
3483,3648a,9,0.4286,17.42
3483,3651,9,0.4286,13.34
3483,3647,9,0.4286,7.65
3483,3702,9,0.4286,5.45
3483,3737,9,0.4286,4.98
3483,3709b,8,0.3810,5.02
3648a,3706,36,1.0000,6.31
3648a,3705,36,1.0000,5.36
3648a,3713,36,1.0000,5.19
3648a,3647,34,0.9444,16.85
3648a,3707,34,0.9444,8.80
3648a,3700,34,0.9444,4.16
3648a,3702,33,0.9167,11.66
3648a,3701,32,0.8889,7.31
3648a,3709b,31,0.8611,11.35
3648a,3651,30,0.8333,25.94
3648a,3673,30,0.8333,4.96
3648a,3749,29,0.8056,4.53
3650a,3709b,19,1.0000,13.18
3650a,3706,19,1.0000,6.31
3650a,3705,19,1.0000,5.36
3650a,3713,19,1.0000,5.19
3650a,3700,19,1.0000,4.41
3650a,3647,18,0.9474,16.90
3650a,3702,17,0.8947,11.38
3650a,3707,17,0.8947,8.34
3650a,3737,16,0.8421,9.78
3650a,3701,16,0.8421,6.92
3650a,3673,16,0.8421,5.01
3650a,3648a,15,0.7895,32.08
2040,2041,4,1.0000,292.60
2040,u9100,4,1.0000,35.68
2040,u9101,4,1.0000,35.68
2040,u9103,4,1.0000,35.68
2041,u9100,5,1.0000,35.68
2041,u9101,5,1.0000,35.68
2041,u9103,5,1.0000,35.68
2041,2040,4,0.8000,292.60
2041,4727,4,0.8000,130.04
4727,4728,6,0.6667,108.37
4727,u9100,6,0.6667,23.79
4727,u9101,6,0.6667,23.79
4727,u9103,6,0.6667,23.79
4727,2041,4,0.4444,130.04
3890c04,u9102,6,1.0000,45.72
3890c04,u9100,6,1.0000,35.68
3890c04,u9101,6,1.0000,35.68
3890c04,u9103,6,1.0000,35.68
3890c04,4072,4,0.6667,121.92
3890c04,4071,4,0.6667,75.03
4071,4072,8,0.6154,112.54
4071,u9100,8,0.6154,21.96
4071,u9101,8,0.6154,21.96
4071,u9103,8,0.6154,21.96
4071,3027,8,0.6154,10.12
4071,3029,7,0.5385,5.55
4071,4611,5,0.3846,112.54
4071,4222a,5,0.3846,46.89
4071,u9102,5,0.3846,17.58
4071,4495a,5,0.3846,17.58
4071,3857,5,0.3846,11.97
4071,3633,5,0.3846,6.39
4072,4071,8,1.0000,112.54
4072,u9100,8,1.0000,35.68
4072,u9101,8,1.0000,35.68
4072,u9103,8,1.0000,35.68
4072,4222a,5,0.6250,76.20
4072,u9102,5,0.6250,28.57
4072,3027,5,0.6250,10.27
4072,3890c04,4,0.5000,121.92
4072,4223,4,0.5000,104.50
4072,3334,4,0.5000,104.50
4072,4429,4,0.5000,81.28
4072,6264,4,0.5000,40.64
u9102,u9100,32,1.0000,35.68
u9102,u9101,32,1.0000,35.68
u9102,u9103,32,1.0000,35.68
u9102,3741ac01,9,0.2812,9.57
u9102,4222a,7,0.2188,26.67
u9102,6264,7,0.2188,17.78
u9102,4095,7,0.2188,6.81
u9102,3890c04,6,0.1875,45.72
u9102,3890c01,6,0.1875,39.19
u9102,4094a,6,0.1875,34.29
u9102,4461,6,0.1875,34.29
u9102,u9140p01c01,5,0.1562,45.72
4429,u9100,9,1.0000,35.68
4429,u9101,9,1.0000,35.68
4429,u9103,9,1.0000,35.68
4429,6264,6,0.6667,54.19
4429,u9102,5,0.5556,25.40
4429,4072,4,0.4444,81.28
4429,4094a,4,0.4444,81.28
4429,4222a,4,0.4444,54.19
4429,4071,4,0.4444,50.02
u9100,u9101,41,1.0000,35.68
u9100,u9103,41,1.0000,35.68
u9100,u9102,32,0.7805,35.68
u9100,4222a,12,0.2927,35.68
u9100,6264,11,0.2683,21.81
u9100,3741ac01,10,0.2439,8.30
u9100,4429,9,0.2195,35.68
u9100,4095,9,0.2195,6.83
u9100,4072,8,0.1951,35.68
u9100,4094a,8,0.1951,35.68
u9100,4461,8,0.1951,35.68
u9100,4071,8,0.1951,21.96
u9101,u9100,41,1.0000,35.68
u9101,u9103,41,1.0000,35.68
u9101,u9102,32,0.7805,35.68
u9101,4222a,12,0.2927,35.68
u9101,6264,11,0.2683,21.81
u9101,3741ac01,10,0.2439,8.30
u9101,4429,9,0.2195,35.68
u9101,4095,9,0.2195,6.83
u9101,4072,8,0.1951,35.68
u9101,4094a,8,0.1951,35.68
u9101,4461,8,0.1951,35.68
u9101,4071,8,0.1951,21.96
u9103,u9100,41,1.0000,35.68
u9103,u9101,41,1.0000,35.68
u9103,u9102,32,0.7805,35.68
u9103,4222a,12,0.2927,35.68
u9103,6264,11,0.2683,21.81
u9103,3741ac01,10,0.2439,8.30
u9103,4429,9,0.2195,35.68
u9103,4095,9,0.2195,6.83
u9103,4072,8,0.1951,35.68
u9103,4094a,8,0.1951,35.68
u9103,4461,8,0.1951,35.68
u9103,4071,8,0.1951,21.96
4094a,u9100,8,1.0000,35.68
4094a,u9101,8,1.0000,35.68
4094a,u9103,8,1.0000,35.68
4094a,4095,7,0.8750,27.24
4094a,u9102,6,0.7500,34.29
4094a,4429,4,0.5000,81.28
4095,6111,13,0.2766,4.01
4095,4349,12,0.2553,4.73
4095,3741ac01,11,0.2340,7.96
4095,4864b,10,0.2128,5.99
4095,4460a,10,0.2128,4.32
4095,u9100,9,0.1915,6.83
4095,u9101,9,0.1915,6.83
4095,u9103,9,0.1915,6.83
4095,3455,8,0.1702,6.55
4095,30162,8,0.1702,4.29
4728,4727,6,0.6667,108.37
4728,u9100,5,0.5556,19.82
4728,u9101,5,0.5556,19.82
4728,u9103,5,0.5556,19.82
4876,u9100,4,1.0000,35.68
4876,u9101,4,1.0000,35.68
4876,u9103,4,1.0000,35.68
u9102p03,u9106p03c01,4,1.0000,365.75
u9102p03,u9100,4,1.0000,35.68
u9102p03,u9101,4,1.0000,35.68
u9102p03,u9103,4,1.0000,35.68
u9106p03c01,u9102p03,4,1.0000,365.75
u9106p03c01,u9100,4,1.0000,35.68
u9106p03c01,u9101,4,1.0000,35.68
u9106p03c01,u9103,4,1.0000,35.68
4461,u9100,8,1.0000,35.68
4461,u9101,8,1.0000,35.68
4461,u9103,8,1.0000,35.68
4461,u608,7,0.8750,182.88
4461,4463,7,0.8750,182.88
4461,u609,6,0.7500,182.88
4461,u9102,6,0.7500,34.29
4461,4452,4,0.5000,182.88
4461,4362ac01,4,0.5000,146.30
u608,4461,7,1.0000,182.88
u608,u9100,7,1.0000,35.68
u608,u9101,7,1.0000,35.68
u608,u9103,7,1.0000,35.68
u608,u609,6,0.8571,209.00
u608,4463,6,0.8571,179.14
u608,u9102,5,0.7143,32.66
u608,4452,4,0.5714,209.00
u608,4362ac01,4,0.5714,167.20
u9204c01,u9100,6,1.0000,35.68
u9204c01,u9101,6,1.0000,35.68
u9204c01,u9103,6,1.0000,35.68
u9204c01,u9102,5,0.8333,38.10
u9204c01,749,4,0.6667,195.07
3041,3008,17,0.8095,4.20
3041,4445,14,0.6667,21.67
3041,3038,13,0.6190,11.18
3041,3037,13,0.6190,5.03
3041,4448,10,0.4762,36.67
3041,4447,10,0.4762,34.83
3041,3043,10,0.4762,26.79
3041,73312,7,0.3333,60.96
3041,3855b,7,0.3333,22.17
3041,4528,7,0.3333,15.73
3041,4530,7,0.3333,11.34
3041,3857,7,0.3333,10.38
3042,3037,4,0.8000,6.50
3042,3008,4,0.8000,4.15
76116,11477,6,1.0000,8.27
76116,15535,5,0.8333,19.66
76116,60478,5,0.8333,8.53
76116,30136,4,0.6667,12.50
76116,63868,4,0.6667,9.20
76116,11211,4,0.6667,7.68
76116,99780,4,0.6667,7.62
76116,59900,4,0.6667,6.92
76116,15068,4,0.6667,6.46
76116,87087,4,0.6667,5.64
76116,50950,4,0.6667,5.45
76116,98138,4,0.6667,5.19
3898,3626bp01,13,1.0000,4.64
3898,973p2a,10,0.7692,102.31
3898,4079,10,0.7692,5.54
3898,3675,8,0.6154,29.04
3898,3899,8,0.6154,10.12
3898,973p18,7,0.5385,35.81
3898,4530,7,0.5385,18.32
3898,3853,7,0.5385,14.59
3898,3901,7,0.5385,8.12
3898,4161,6,0.4615,25.01
3898,3039p34,6,0.4615,15.35
3898,3633,6,0.4615,7.67
2714a,3749,5,1.0000,5.63
2714a,4274,5,1.0000,4.50
2714a,2780,5,1.0000,4.41
2714a,3700,5,1.0000,4.41
2714a,6541,4,0.8000,7.60
2714a,4286,4,0.8000,4.78
3005pf0,33291,4,1.0000,31.80
3005pf0,4346,4,1.0000,31.13
3005pf0,4345b,4,1.0000,29.86
3005pf0,4865b,4,1.0000,14.20
3741ac03,87580,4,1.0000,11.08
47456,6157,10,0.6667,7.12
47456,51719,9,0.6000,15.96
47456,50951,9,0.6000,12.19
47456,3788,9,0.6000,5.16
47456,2555,9,0.6000,4.48
47456,50950,8,0.5333,4.36
47456,44674,7,0.4667,11.98
47456,32014,7,0.4667,9.89
47456,32064a,7,0.4667,6.90
47456,50947,5,0.3333,10.84
47456,45677,5,0.3333,8.87
47456,30602,5,0.3333,6.33
56898,56904,7,1.0000,121.92
56898,2780,7,1.0000,4.41
56898,62462,6,0.8571,7.65
56898,44728,6,0.8571,5.73
56898,60478,5,0.7143,7.31
56898,6541,5,0.7143,6.79
56898,30374,5,0.7143,5.97
56898,4592,5,0.7143,5.28
56898,4593,5,0.7143,5.28
56898,48336,5,0.7143,5.20
56898,6558,5,0.7143,5.12
56898,32028,5,0.7143,4.39
30093,30374,4,0.5714,4.78
30093,2432,4,0.5714,4.14
44674,6157,46,0.8070,8.62
44674,3788,38,0.6667,5.74
44674,2436a,38,0.6667,4.15
44674,50951,37,0.6491,13.19
44674,51719,35,0.6140,16.33
44674,50947,21,0.3684,11.98
44674,50943,21,0.3684,11.47
44674,50949,20,0.3509,16.56
44674,30602,16,0.2807,5.33
44674,30027a,14,0.2456,9.71
44674,88930,14,0.2456,5.06
44674,4081a,12,0.2105,4.40
3678a,30367a,7,0.4375,29.09
3678a,3960,7,0.4375,7.90
3678a,2456,7,0.4375,4.74
3678a,4510,6,0.3750,8.57
3678a,2921,6,0.3750,7.41
3678a,3680,6,0.3750,5.60
3678a,3679,6,0.3750,5.49
3678a,6111,6,0.3750,5.43
3678a,3703,5,0.3125,5.26
3678a,3028,5,0.3125,4.57
3678a,3297,5,0.3125,4.57
3678a,3961,4,0.2500,17.42
2546,2357,8,0.8889,5.49
2546,3008,8,0.8889,4.61
2546,4865a,6,0.6667,4.78
2546,6020,5,0.5556,28.03
2546,4460a,5,0.5556,11.29
2546,3029,5,0.5556,5.72
2546,6231,5,0.5556,5.64
2546,6083,4,0.4444,65.02
2546,4491b,4,0.4444,59.11
2546,70501c,4,0.4444,59.11
2546,30141,4,0.4444,40.64
2546,4493c01,4,0.4444,38.25
3040p06,48336,6,1.0000,7.28
3040p06,4079,6,1.0000,7.21
3040p06,44728,6,1.0000,6.68
3040p06,973,5,0.8333,7.97
3040p06,30414,5,0.8333,6.70
3040p06,2445,5,0.8333,6.19
3040p06,3665a,5,0.8333,5.44
3040p06,6636,5,0.8333,4.53
3040p06,2540,5,0.8333,4.25
3040p06,3815b,4,0.6667,12.19
3040p06,3899,4,0.6667,10.96
3040p06,3901,4,0.6667,10.05
57894,57895,7,1.0000,60.96
57894,6231,7,1.0000,10.16
57894,48336,7,1.0000,7.28
57894,60596,6,0.8571,27.87
57894,6636,6,0.8571,4.66
57894,2877,5,0.7143,6.45
57894,4282,5,0.7143,6.37
57894,30414,5,0.7143,5.74
57894,32028,5,0.7143,4.39
57894,60623,4,0.5714,33.44
57894,60592,4,0.5714,22.59
57894,60594,4,0.5714,22.59
2377,4862,25,0.7353,29.07
2377,4079,20,0.5882,4.24
2377,3901,13,0.3824,5.77
2377,2878c01,10,0.2941,17.93
2377,4625,10,0.2941,5.98
2377,3624,10,0.2941,4.14
2377,2920,9,0.2647,12.49
2377,2348b,9,0.2647,9.01
2377,2349a,9,0.2647,8.42
2377,3070a,9,0.2647,6.92
2377,2921,9,0.2647,5.23
2377,2460,9,0.2647,4.35
2434,2569,13,0.5909,10.42
2434,3838,12,0.5455,6.09
2434,4531,11,0.5000,9.89
2434,4276b,11,0.5000,6.47
2434,2452,10,0.4545,11.47
2434,4275b,10,0.4545,8.11
2434,3747a,10,0.4545,4.82
2434,973p51,9,0.4091,39.90
2434,2466,9,0.4091,23.02
2434,3479,9,0.4091,17.60
2434,2458,9,0.4091,7.58
2434,3956,9,0.4091,6.88
4093c,4079,10,1.0000,7.21
4093c,2877,9,0.9000,8.13
4093c,4092a,8,0.8000,41.80
4093c,4022,8,0.8000,34.42
4093c,2920,7,0.7000,33.04
4093c,2878c01,5,0.5000,30.48
4093c,2377,5,0.5000,21.51
4093c,4862,5,0.5000,19.77
4093c,4864b,5,0.5000,14.07
4093c,30136,5,0.5000,9.38
4093c,3899,5,0.5000,8.22
4093c,3901,5,0.5000,7.54
4862,2377,25,0.6757,29.07
4862,4079,24,0.6486,4.67
4862,4865a,23,0.6216,4.46
4862,4624,20,0.5405,4.97
4862,4863,18,0.4865,37.46
4862,4625,18,0.4865,9.89
4862,4859,17,0.4595,6.22
4862,3821,17,0.4595,4.80
4862,3822,17,0.4595,4.70
4862,3624,16,0.4324,6.08
4862,4315,16,0.4324,4.58
4862,3823,16,0.4324,4.52
3626bp03,3626bp04,14,0.5000,14.07
3626bp03,4085c,14,0.5000,4.57
3626bp03,4624,13,0.4643,4.27
3626bp03,6015,12,0.4286,6.40
3626bp03,3823,11,0.3929,4.11
3626bp03,3070a,10,0.3571,9.33
3626bp03,3901,10,0.3571,5.39
3626bp03,3680c01,9,0.3214,8.25
3626bp03,3833,9,0.3214,6.44
3626bp03,4623,9,0.3214,4.70
3626bp03,6111,9,0.3214,4.66
3626bp03,4859,9,0.3214,4.35
973p82,3833,7,1.0000,20.04
973p82,3626bp03,6,0.8571,44.79
973p82,3626bp04,6,0.8571,24.12
973p82,4022,5,0.7143,30.74
973p82,6583,4,0.5714,49.18
973p82,2920,4,0.5714,26.97
973p82,3007,4,0.5714,9.19
973p82,2465,4,0.5714,8.44
973p82,3624,4,0.5714,8.04
973p82,3821,4,0.5714,5.97
973p82,3822,4,0.5714,5.85
973p82,4085c,4,0.5714,5.22
973p84,3624,8,1.0000,14.07
973p84,4079,8,1.0000,7.21
973p84,3626bp01,8,1.0000,4.64
973p84,4477,7,0.8750,4.04
973p84,2920,6,0.7500,35.40
973p84,2877,6,0.7500,6.77
973p84,4092a,5,0.6250,32.66
973p84,4022,5,0.6250,26.89
973p84,3036,5,0.6250,5.26
973p84,2871a,4,0.5000,146.30
973p84,2876,4,0.5000,146.30
973p84,973p19,4,0.5000,104.50
30133,2555,10,0.7692,5.74
30133,3069bp03,9,0.6923,101.28
30133,30141,9,0.6923,63.30
30133,30132,9,0.6923,46.04
30133,3629,8,0.6154,52.96
30133,3626bpw1,7,0.5385,112.54
30133,973pw5,6,0.4615,112.54
30133,30135,6,0.4615,75.03
30133,4491b,6,0.4615,61.38
30133,30139,5,0.3846,112.54
30133,2470,5,0.3846,80.38
30133,4493c01,5,0.3846,33.10
92198p01,92255,8,0.8889,130.04
92198p01,92244,8,0.8889,43.35
92198p01,92248,8,0.8889,43.35
92198p01,92245,8,0.8889,40.64
92198p01,33291,7,0.7778,24.74
92198p01,92241p01,5,0.5556,162.56
92198p01,4599b,5,0.5556,12.90
92198p01,4865b,5,0.5556,7.89
92198p01,87580,5,0.5556,6.16
92198p01,6231,5,0.5556,5.64
92198p01,2877,5,0.5556,5.02
92198p01,87087,5,0.5556,4.70
2878,2445,4,1.0000,7.43
30364,30365,15,0.9375,54.86
30364,2445,11,0.6875,5.11
30364,3037,10,0.6250,5.08
30364,4592,10,0.6250,4.62
30364,4593,10,0.6250,4.62
30364,4150,9,0.5625,8.75
30364,2456,9,0.5625,6.10
30364,2877,9,0.5625,5.08
30364,3036,9,0.5625,4.73
30364,30414,9,0.5625,4.52
30364,6558,9,0.5625,4.03
30364,6134,8,0.5000,6.36
30387,3833,4,0.6667,13.36
30387,2456,4,0.6667,7.22
30387,30414,4,0.6667,5.36
47508,2780,5,1.0000,4.41
47508,50950,4,0.8000,6.54
30361a,4081b,5,0.8333,4.88
30361a,2877,4,0.6667,6.02
30359a,2555,9,0.7500,5.60
30359a,30374,7,0.5833,4.88
30359a,30365,6,0.5000,29.26
30359a,30355,6,0.5000,26.12
30359a,30356,6,0.5000,25.22
30359a,3029,6,0.5000,5.15
30359a,2877,6,0.5000,4.52
30359a,3037,6,0.5000,4.06
30359a,30364,5,0.4167,38.10
30359a,6565,5,0.4167,17.42
30359a,6564,5,0.4167,16.93
30359a,3045,5,0.4167,9.99
30541,47457,5,0.8333,21.39
30541,6636,5,0.8333,4.53
30541,3245a,4,0.6667,28.69
30541,2445,4,0.6667,4.95
30541,6558,4,0.6667,4.78
30541,3958,4,0.6667,4.71
4855,4859,41,0.8200,11.11
4855,4854,38,0.7600,17.37
4855,4865a,31,0.6200,4.45
4855,4871,26,0.5200,8.36
4855,4315,21,0.4200,4.45
4855,4856,19,0.3800,15.44
4855,2437,19,0.3800,10.69
4855,4625,17,0.3400,6.91
4855,4862,14,0.2800,11.07
4855,3070a,14,0.2800,7.32
4855,4858,13,0.2600,15.22
4855,3730,13,0.2600,8.45
44237,2357,8,0.6667,4.12
44237,2569,6,0.5000,8.81
44237,6019,6,0.5000,4.66
44237,4282,6,0.5000,4.46
44237,4591,5,0.4167,24.38
44237,2419,5,0.4167,6.28
44237,4865b,5,0.4167,5.92
44237,4859,5,0.4167,5.64
44237,6143,5,0.4167,5.49
44237,3838,5,0.4167,4.65
44237,6231,5,0.4167,4.23
44237,4595,4,0.3333,8.56
30389b,30414,4,0.5714,4.59
30389b,2445,4,0.5714,4.24
30389b,3298,4,0.5714,4.24
2362b,4085c,18,0.4737,4.33
2362b,2877,18,0.4737,4.28
2362b,6015,17,0.4474,6.68
2362b,4213,17,0.4474,4.96
2362b,4315,17,0.4474,4.74
2362b,6019,17,0.4474,4.17
2362b,3821,16,0.4211,4.40
2362b,3822,16,0.4211,4.31
2362b,4599a,14,0.3684,4.69
2362b,4864b,12,0.3158,8.88
2362b,3070a,12,0.3158,8.25
2362b,3901,12,0.3158,4.76
4150p02,4740,4,1.0000,5.76
3961,3036,12,0.5714,4.80
3961,3680,9,0.4286,6.40
3961,3679,9,0.4286,6.27
3961,3830,8,0.3810,8.32
3961,3831,8,0.3810,8.32
3961,3959,8,0.3810,8.08
3961,3956,8,0.3810,6.41
3961,3747a,8,0.3810,4.04
3961,3933,7,0.3333,9.20
3961,3934,7,0.3333,9.20
3961,3960,7,0.3333,6.02
3961,3895,7,0.3333,5.48
47720,44728,7,0.7778,5.20
47720,2555,6,0.6667,4.98
47720,48336,6,0.6667,4.85
47720,32028,6,0.6667,4.10
47720,55981,5,0.5556,20.84
47720,45677,5,0.5556,14.78
47720,6231,5,0.5556,5.64
47720,30374,5,0.5556,4.64
47720,50950,5,0.5556,4.54
47720,42610,4,0.4444,9.29
47720,4599a,4,0.4444,5.65
47720,59900,4,0.4444,4.61
6108,44728,5,0.8333,5.57
6108,6019,4,0.6667,6.21
6108,2555,4,0.6667,4.98
6108,48336,4,0.6667,4.85
48245,59900,6,1.0000,10.38
48245,92248,5,0.8333,40.64
48245,33291,5,0.8333,26.50
48245,4865b,5,0.8333,11.84
48245,6231,5,0.8333,8.47
48245,93095,4,0.6667,46.44
48245,92244,4,0.6667,32.51
48245,92245,4,0.6667,30.48
48245,4599b,4,0.6667,15.48
48245,87580,4,0.6667,7.39
48245,44728,4,0.6667,4.45
92198p05,92257,7,1.0000,146.30
92198p05,92244,7,1.0000,48.77
92198p05,92248,7,1.0000,48.77
92198p05,92245,7,1.0000,45.72
92198p05,33291,6,0.8571,27.26
92198p05,3741a,5,0.7143,61.47
92198p05,87580,5,0.7143,7.92
92198p05,48336,5,0.7143,5.20
92198p05,92241p05,4,0.5714,209.00
92198p05,6191,4,0.5714,22.59
92198p05,4599b,4,0.5714,13.27
92198p05,59900,4,0.5714,5.93
87079pz5,98138pz0,4,1.0000,32.51
87079pz5,22885,4,1.0000,13.30
87079pz5,11476,4,1.0000,12.95
87079pz5,92593,4,1.0000,11.00
87079pz5,85984,4,1.0000,6.44
87079pz5,32028,4,1.0000,6.15
87079pz5,87079,4,1.0000,5.90
32474p01,14704,4,0.8000,41.80
32474p01,6019,4,0.8000,7.45
32474p01,44728,4,0.8000,5.34
87079pz0,22885,12,1.0000,13.30
87079pz0,6143,12,1.0000,13.18
87079pz0,92593,12,1.0000,11.00
87079pz0,11476,11,0.9167,11.87
87079pz0,98138pz0,10,0.8333,27.09
87079pz0,15068,8,0.6667,6.46
87079pz0,85984,8,0.6667,4.30
87079pz0,50746,7,0.5833,16.10
87079pz0,99206,7,0.5833,7.23
87079pz0,11477,6,0.5000,4.13
87079pz3,22885,6,1.0000,13.30
87079pz3,11476,6,1.0000,12.95
87079pz3,92593,6,1.0000,11.00
87079pz3,3958,6,1.0000,7.07
87079pz3,87079,6,1.0000,5.90
87079pz3,3941,6,1.0000,5.54
87079pz3,32028,5,0.8333,5.12
87079pz3,98138pz0,4,0.6667,21.67
87079pz3,25269,4,0.6667,10.60
87079pz3,11477,4,0.6667,5.51
3626bp0b,44728,5,0.8333,5.57
3626bp0b,85984,5,0.8333,5.37
3626bp0b,6636,5,0.8333,4.53
3626bp0b,3815b,4,0.6667,12.19
3626bp0b,48336,4,0.6667,4.85
3626bp0b,4079,4,0.6667,4.80
3626bp0b,3665a,4,0.6667,4.35
3626bp0b,32028,4,0.6667,4.10
30115,4497,4,0.5000,26.12
30115,3837,4,0.5000,9.75
98285,98286,4,1.0000,182.88
98285,85984,4,1.0000,6.44
98285,87079,4,1.0000,5.90
98285,4162,4,1.0000,4.50
98285,2780,4,1.0000,4.41
98285,3832,4,1.0000,4.34
44675,50950,6,0.6000,4.90
44675,30031,5,0.5000,16.62
44675,6157,5,0.5000,5.34
44675,30414,5,0.5000,4.02
44675,50949,4,0.4000,18.88
44675,44674,4,0.4000,10.27
44675,60470a,4,0.4000,9.29
44675,32064a,4,0.4000,5.91
44675,32123a,4,0.4000,4.68
44675,32039,4,0.4000,4.47
44675,2456,4,0.4000,4.33
44675,32000,4,0.4000,4.21
6936,6231,4,0.8000,8.13
6936,30414,4,0.8000,6.43
6936,6636,4,0.8000,4.35
87079pzd,22885,4,1.0000,13.30
87079pzd,92593,4,1.0000,11.00
87079pzd,3958,4,1.0000,7.07
87079pzd,87079,4,1.0000,5.90
2435,4315,9,0.6429,6.82
2435,3821,9,0.6429,6.72
2435,3822,9,0.6429,6.58
2435,3823,8,0.5714,5.97
2435,3788,8,0.5714,4.92
2435,2349a,7,0.5000,15.90
2435,4213,7,0.5000,5.54
2435,4624,7,0.5000,4.60
2435,3641,7,0.5000,4.11
2435,4447,6,0.4286,31.35
2435,4528,6,0.4286,20.23
2435,4530,6,0.4286,14.58
30396,45677,4,0.8000,21.28
30396,3833,4,0.8000,16.03
30396,3815b,4,0.8000,14.63
30396,4085c,4,0.8000,7.32
30396,3941,4,0.8000,4.43
6117,3838,7,0.5833,6.51
6117,3069bp61,6,0.5000,104.50
6117,6120,6,0.5000,66.50
6117,973p62,5,0.4167,101.60
6117,3298p61,4,0.3333,97.53
6117,3626bp62,4,0.3333,54.19
6117,3069bp13,4,0.3333,48.77
6117,6118,4,0.3333,48.77
6117,2516,4,0.3333,27.09
6117,2452,4,0.3333,8.41
6117,4590,4,0.3333,6.87
6117,2817,4,0.3333,6.33
2527,2533c01,8,0.8889,162.56
2527,2530,8,0.8889,86.70
2527,2357,7,0.7778,4.80
2527,3008,7,0.7778,4.04
2527,70501c,6,0.6667,88.67
2527,2489,6,0.6667,31.46
2527,4213,6,0.6667,7.39
2527,2555,6,0.6667,4.98
2527,4865a,6,0.6667,4.78
2527,70501a,5,0.5556,90.31
2527,70501b,5,0.5556,81.28
2527,6020,5,0.5556,28.03
2530,2527,8,0.5333,86.70
2530,2533c01,7,0.4667,85.34
2530,70501c,7,0.4667,62.07
2530,2489,7,0.4667,22.02
2530,2543,6,0.4000,83.60
2530,70501a,6,0.4000,65.02
2530,70501d,6,0.4000,65.02
2530,70501b,6,0.4000,58.52
2530,2562,5,0.3333,97.53
2530,2542,5,0.3333,48.77
2530,3626bp35,5,0.3333,48.77
2530,6020,5,0.3333,16.82
2533c01,2527,8,1.0000,162.56
2533c01,2530,7,0.8750,85.34
2533c01,4865a,6,0.7500,5.38
2533c01,2357,6,0.7500,4.63
2533c01,70501c,5,0.6250,83.12
2533c01,2489,5,0.6250,29.50
2533c01,4213,5,0.6250,6.93
2533c01,4282,5,0.6250,5.58
2533c01,2555,5,0.6250,4.67
2533c01,70501a,4,0.5000,81.28
2533c01,30135,4,0.5000,81.28
2533c01,70501b,4,0.5000,73.15
50254,2456,4,0.8000,8.67
61800,32073,5,1.0000,8.51
61800,4519,5,1.0000,5.67
61800,32062,5,1.0000,5.52
61800,11946,4,0.8000,18.58
61800,11947,4,0.8000,18.29
61800,63869,4,0.8000,13.00
61800,11214,4,0.8000,11.59
61800,32278,4,0.8000,11.25
61800,32034,4,0.8000,8.36
61800,32140,4,0.8000,7.86
61800,6536,4,0.8000,6.97
61800,32054,4,0.8000,6.61
52036,52038,10,1.0000,112.54
52036,52501,10,1.0000,43.03
52036,3829c01,10,1.0000,4.66
52036,6157,9,0.9000,9.61
52036,50745,8,0.8000,27.22
52036,30413,8,0.8000,19.19
52036,57783,7,0.7000,64.01
52036,45677,7,0.7000,18.62
52036,973,7,0.7000,6.69
52036,3815b,6,0.6000,10.97
52036,87697,5,0.5000,31.80
52036,3821,5,0.5000,5.22
52038,52036,10,0.7692,112.54
52038,52501,10,0.7692,33.10
52038,50745,9,0.6923,23.55
52038,30413,9,0.6923,16.60
52038,6157,9,0.6923,7.39
52038,57783,7,0.5385,49.24
52038,45677,7,0.5385,14.32
52038,973,7,0.5385,5.15
52038,3815b,6,0.4615,8.44
52038,87697,5,0.3846,24.46
52038,3821,5,0.3846,4.02
52038,44302a,4,0.3077,12.50
3069bp02,4865a,11,0.7857,5.63
3069bp02,2432,10,0.7143,5.17
3069bp02,4286,10,0.7143,4.27
3069bp02,4315,9,0.6429,6.82
3069bp02,4624,9,0.6429,5.92
3069bp02,4079,9,0.6429,4.63
3069bp02,2436a,9,0.6429,4.00
3069bp02,3176,8,0.5714,6.10
3069bp02,3823,8,0.5714,5.97
3069bp02,4085c,8,0.5714,5.22
3069bp02,3962b,7,0.5000,13.06
3069bp02,2460,7,0.5000,8.22
6238a,3794b,8,0.8000,6.65
6238a,2432,8,0.8000,5.79
6238a,2436a,8,0.8000,4.98
6238a,6231,7,0.7000,7.11
6238a,2555,7,0.7000,5.22
6238a,4599a,6,0.6000,7.63
6238a,6157,6,0.6000,6.41
6238a,2445,6,0.6000,4.46
6238a,3788,5,0.5000,4.30
6238a,50949,4,0.4000,18.88
6238a,30027a,4,0.4000,15.82
6238a,50947,4,0.4000,13.00
93792,94148,5,0.6250,152.40
93792,3665a,5,0.6250,4.08
93792,30071,4,0.5000,121.92
93792,973,4,0.5000,4.78
94148,93792,5,0.8333,152.40
94148,4079,4,0.6667,4.80
2441,4624,28,0.9655,8.88
2441,3829c01,27,0.9310,4.34
2441,3641,25,0.8621,7.09
2441,3788,17,0.5862,5.04
2441,4865a,17,0.5862,4.20
2441,3821,14,0.4828,5.04
2441,3822,14,0.4828,4.94
2441,3823,13,0.4483,4.68
2441,4530,10,0.3448,11.73
2441,3901,10,0.3448,5.20
2441,3624,9,0.3103,4.37
2441,2437,8,0.2759,7.76
4870,4624,15,0.9375,8.63
4870,4865a,13,0.8125,5.83
4870,3624,12,0.7500,10.55
4870,4856,11,0.6875,27.94
4870,4862,11,0.6875,27.18
4870,4857,10,0.6250,48.12
4870,4863,10,0.6250,48.12
4870,4854,10,0.6250,14.29
4870,4625,10,0.6250,12.70
4870,4859,10,0.6250,8.47
4870,3585,9,0.5625,54.86
4870,3586,9,0.5625,54.86
2495,2496,4,1.0000,77.00
2495,3832,4,1.0000,4.34
4360,4315,12,0.5217,5.53
4360,3838,10,0.4348,4.86
4360,3956,9,0.3913,6.58
4360,3747a,9,0.3913,4.15
4360,4595,8,0.3478,8.93
4360,3959,8,0.3478,7.37
4360,4859,8,0.3478,4.71
4360,2569,7,0.3043,5.36
4360,3633,7,0.3043,5.06
4360,4175,7,0.3043,4.37
4360,3069bp02,6,0.2609,27.26
4360,4476,6,0.2609,14.14
6083,2357,8,0.8000,4.94
6083,2540,8,0.8000,4.08
6083,2555,7,0.7000,5.22
6083,4286,7,0.7000,4.18
6083,6019,6,0.6000,5.59
6083,6082,5,0.5000,121.92
6083,4460a,5,0.5000,10.16
6083,3007,5,0.5000,8.04
6083,4085c,5,0.5000,4.57
6083,2546,4,0.4000,65.02
6083,4491b,4,0.4000,53.20
6083,3841,4,0.4000,30.80
2421,4488,31,0.9688,16.87
2421,2479,18,0.5625,24.94
2421,2460,17,0.5312,8.73
2421,4315,17,0.5312,5.63
2421,4859,16,0.5000,6.77
2421,3176,14,0.4375,4.67
2421,3747a,13,0.4062,4.31
2421,2483,12,0.3750,34.29
2421,4855,10,0.3125,9.14
2421,3901,10,0.3125,4.71
2421,6140,9,0.2812,14.19
2421,4856,9,0.2812,11.43
973p2d,4079,5,1.0000,7.21
973p2d,2540,4,0.8000,4.08
30069,4079,4,0.6667,4.80
14769p01,14417,4,0.8000,48.77
14769p01,87087,4,0.8000,6.77
14769p01,44728,4,0.8000,5.34
44772,64782,4,1.0000,30.48
44772,32269,4,1.0000,29.26
44772,32014,4,1.0000,21.20
44772,43857,4,1.0000,19.25
44772,41678,4,1.0000,18.76
44772,32056,4,1.0000,17.84
44772,48989,4,1.0000,17.21
44772,32291,4,1.0000,15.40
44772,41239,4,1.0000,15.40
44772,32278,4,1.0000,14.07
44772,32525,4,1.0000,13.30
44772,6587,4,1.0000,12.83
4732,3838,14,0.6364,7.11
4732,3938,13,0.5909,4.24
4732,2419,9,0.4091,6.17
4732,3747a,9,0.4091,4.34
4732,4590,8,0.3636,7.49
4732,4735,8,0.3636,6.57
4732,2569,8,0.3636,6.41
4732,4859,8,0.3636,4.93
4732,4276b,8,0.3636,4.71
4732,3839b,7,0.3182,4.75
4732,4591,6,0.2727,15.96
4732,4596,6,0.2727,12.47
973p0a,4624,8,0.7273,6.69
973p0a,3641,8,0.7273,5.98
973p0a,3901,6,0.5455,8.23
973p0a,4315,6,0.5455,5.78
973p0a,4859,5,0.4545,6.16
973p0a,973p16,4,0.3636,66.50
973p0a,4870,4,0.3636,33.25
973p0a,2483,4,0.3636,33.25
973p0a,4857,4,0.3636,28.00
973p0a,4863,4,0.3636,28.00
973p0a,973p18,4,0.3636,24.18
973p0a,4873,4,0.3636,20.46
4275a,4276a,8,0.6667,81.28
4275a,4531,7,0.5833,11.53
4275a,4175,6,0.5000,7.17
4275a,4081a,5,0.4167,8.71
4275a,4315,5,0.4167,4.42
4275a,4180c02,4,0.3333,28.69
4275a,4287a,4,0.3333,6.50
4275a,3894,4,0.3333,4.39
4275a,3702,4,0.3333,4.24
3840,3624,5,0.7143,10.05
3840,973,5,0.7143,6.83
3840,3833,4,0.5714,11.45
973p18,3626bp01,19,0.8636,4.01
973p18,3624,18,0.8182,11.51
973p18,4079,17,0.7727,5.57
973p18,3901,16,0.7273,10.97
973p18,4530,11,0.5000,17.01
973p18,973p71,8,0.3636,33.25
973p18,3900,8,0.3636,14.00
973p18,3857,8,0.3636,11.32
973p18,3633,8,0.3636,6.05
973p18,4083,8,0.3636,6.05
973p18,3898,7,0.3182,35.81
973p18,3625,7,0.3182,17.24
3821p02,3822p02,6,1.0000,243.83
3821p02,3624,6,1.0000,14.07
3821p02,3823,6,1.0000,10.45
3821p02,3788,6,1.0000,8.61
3821p02,3626bp01,6,1.0000,4.64
3821p02,3641,5,0.8333,6.85
3821p02,973p1g,4,0.6667,88.67
3821p02,973p1f,4,0.6667,51.33
3821p02,122c01,4,0.6667,13.55
3821p02,4175,4,0.6667,9.56
3821p02,4213,4,0.6667,7.39
3822p02,3821p02,6,1.0000,243.83
3822p02,3624,6,1.0000,14.07
3822p02,3823,6,1.0000,10.45
3822p02,3788,6,1.0000,8.61
3822p02,3626bp01,6,1.0000,4.64
3822p02,3641,5,0.8333,6.85
3822p02,973p1g,4,0.6667,88.67
3822p02,973p1f,4,0.6667,51.33
3822p02,122c01,4,0.6667,13.55
3822p02,4175,4,0.6667,9.56
3822p02,4213,4,0.6667,7.39
2493b,4213,12,0.8571,9.50
2493b,4079,12,0.8571,6.18
2493b,4315,11,0.7857,8.33
2493b,3788,11,0.7857,6.76
2493b,3641,11,0.7857,6.46
2493b,2494,10,0.7143,69.67
2493b,3823,10,0.7143,7.46
2493b,3901,9,0.6429,9.70
2493b,3821,9,0.6429,6.72
2493b,3822,9,0.6429,6.58
2493b,4624,9,0.6429,5.92
2493b,4865a,9,0.6429,4.61
2494,4079,13,0.8667,6.25
2494,2493b,10,0.6667,69.67
2494,3901,10,0.6667,10.05
2494,4315,10,0.6667,7.07
2494,3821,10,0.6667,6.97
2494,3822,10,0.6667,6.82
2494,3788,10,0.6667,5.74
2494,3641,10,0.6667,5.48
2494,4213,9,0.6000,6.65
2494,4624,9,0.6000,5.52
2494,3857,8,0.5333,16.60
2494,3027,8,0.5333,8.77
4345ap03,4346p03,11,1.0000,121.92
4345ap03,3641,10,0.9091,7.47
4345ap03,4079,9,0.8182,5.90
4345ap03,3821,8,0.7273,7.60
4345ap03,3822,8,0.7273,7.44
4345ap03,3899,7,0.6364,10.46
4345ap03,3788,7,0.6364,5.48
4345ap03,3680c01,6,0.5455,14.00
4345ap03,3033,6,0.5455,5.74
4345ap03,3855b,5,0.4545,30.23
4345ap03,3069bp01,5,0.4545,28.91
4345ap03,4033,5,0.4545,24.63
4346p03,4345ap03,11,0.9167,121.92
4346p03,3641,10,0.8333,6.85
4346p03,4079,9,0.7500,5.41
4346p03,3821,8,0.6667,6.97
4346p03,3822,8,0.6667,6.82
4346p03,3899,7,0.5833,9.59
4346p03,3788,7,0.5833,5.02
4346p03,3069bp01,6,0.5000,31.80
4346p03,4530,6,0.5000,17.01
4346p03,3680c01,6,0.5000,12.83
4346p03,3624,6,0.5000,7.03
4346p03,3033,6,0.5000,5.26
973p1s,3626bp01,6,1.0000,4.64
973p1s,3069bp01,5,0.8333,53.01
973p1s,3624,5,0.8333,11.72
973p1s,4346p03,4,0.6667,81.28
973p1s,3641,4,0.6667,5.48
973p1s,3298,4,0.6667,4.95
973p24,3823,7,0.8750,9.14
973p24,3829c01,7,0.8750,4.08
973p24,3821,6,0.7500,7.84
973p24,3822,6,0.7500,7.67
973p24,3641,6,0.7500,6.16
973p24,4213,5,0.6250,6.93
973p24,3788,5,0.6250,5.38
973p24,3068bp52,4,0.5000,182.88
973p24,3625,4,0.5000,27.09
973p24,4530,4,0.5000,17.01
973p24,122c01,4,0.5000,10.16
973p24,3901,4,0.5000,7.54
973p17,3853,4,1.0000,27.09
973p17,3680c01,4,1.0000,25.67
973p17,4079,4,1.0000,7.21
973p17,3626bp01,4,1.0000,4.64
3855b,4079,18,0.8182,5.90
3855b,3008,18,0.8182,4.24
3855b,3901,15,0.6818,10.28
3855b,3033,14,0.6364,6.70
3855b,4033,13,0.5909,32.02
3855b,3641,13,0.5909,4.86
3855b,3788,12,0.5455,4.69
3855b,4530,11,0.5000,17.01
3855b,4315,10,0.4545,4.82
3855b,3823,10,0.4545,4.75
3855b,3821,10,0.4545,4.75
3855b,3822,10,0.4545,4.65
4217,4079,15,0.9375,6.76
4217,4216,11,0.6875,34.68
4217,3957a,11,0.6875,4.88
4217,3901,10,0.6250,9.43
4217,3033,10,0.6250,6.58
4217,3788,10,0.6250,5.38
4217,3641,10,0.6250,5.14
4217,4599a,8,0.5000,6.36
4217,4315,8,0.5000,5.30
4217,3823,8,0.5000,5.22
4217,3030,8,0.5000,4.25
4217,3857,7,0.4375,13.62
3033,3680c01,22,0.1583,4.06
3957a,4085a,39,0.1893,4.13
3957a,973p90,32,0.1553,6.31
3957a,3963,32,0.1553,5.29
3957a,3842a,32,0.1553,4.73
3957a,3933,31,0.1505,4.15
3957a,3934,31,0.1505,4.15
3842b,3823,9,0.7500,7.84
3842b,3641,9,0.7500,6.16
3842b,4213,7,0.5833,6.47
3842b,3821,7,0.5833,6.10
3842b,3822,7,0.5833,5.97
3842b,3938,7,0.5833,4.18
3842b,3461,6,0.5000,60.96
3842b,3462,6,0.5000,60.96
3842b,3481,6,0.5000,56.27
3842b,4859,6,0.5000,6.77
3842b,4315,6,0.5000,5.30
3842b,3480,5,0.4167,55.42
973p1f,3624,18,0.9474,13.33
973p1f,3641,14,0.7368,6.06
973p1f,3823,13,0.6842,7.15
973p1f,3788,13,0.6842,5.89
973p1f,4213,12,0.6316,7.00
973p1f,4079,12,0.6316,4.55
973p1f,4315,10,0.5263,5.58
973p1f,3821,10,0.5263,5.50
973p1f,3822,10,0.5263,5.38
973p1f,4624,9,0.4737,4.36
973p1f,4873,8,0.4211,23.69
973p1f,3900,8,0.4211,16.21
4480c01,3641,19,1.0000,8.22
4480c01,3823,12,0.6316,6.60
4480c01,3901,11,0.5789,8.73
4480c01,4315,11,0.5789,6.14
4480c01,4079,11,0.5789,4.17
4480c01,3070a,10,0.5263,13.75
4480c01,4213,10,0.5263,5.83
4480c01,3788,10,0.5263,4.53
4480c01,3624,9,0.4737,6.66
4480c01,4624,9,0.4737,4.36
4480c01,3962b,8,0.4211,11.00
4480c01,3033,8,0.4211,4.43
3069bp18,3829c01,8,0.8889,4.14
3069bp18,3626bp01,8,0.8889,4.13
3069bp18,973p1g,7,0.7778,103.44
3069bp18,973p1f,7,0.7778,59.89
3069bp18,3823,7,0.7778,8.13
3069bp18,3641,7,0.7778,6.39
3069bp18,4480c01,6,0.6667,51.33
3069bp18,3624,6,0.6667,9.38
3069bp18,4213,6,0.6667,7.39
3069bp18,3788,6,0.6667,5.74
3069bp18,3070a,5,0.5556,14.51
3069bp18,4085b,5,0.5556,10.56
973p1g,3626bp01,10,0.9091,4.22
973p1g,3624,8,0.7273,10.23
973p1g,3069bp18,7,0.6364,103.44
973p1g,973p1f,7,0.6364,49.00
973p1g,3070a,7,0.6364,16.62
973p1g,4213,7,0.6364,7.05
973p1g,3823,7,0.6364,6.65
973p1g,3641,7,0.6364,5.23
973p1g,4480c01,6,0.5455,42.00
973p1g,3962b,6,0.5455,14.25
973p1g,4349,6,0.5455,10.10
973p1g,4315,6,0.5455,5.78
3730,3641,26,0.5778,4.75
3730,4624,25,0.5556,5.11
3730,3788,25,0.5556,4.78
3730,3731,22,0.4889,26.49
3730,3821,20,0.4444,4.64
3730,3822,20,0.4444,4.55
3730,4859,19,0.4222,5.72
3730,4315,18,0.4000,4.24
3730,2508,17,0.3778,19.74
3730,4276b,17,0.3778,4.89
3730,4854,14,0.3111,7.11
3730,4855,13,0.2889,8.45
3731,3730,22,0.8148,26.49
3731,3938,17,0.6296,4.52
3731,3641,15,0.5556,4.57
3731,3960,11,0.4074,7.36
3731,3821,11,0.4074,4.26
3731,3822,11,0.4074,4.17
3731,4859,10,0.3704,5.02
3731,3956,9,0.3333,5.61
3731,3680,9,0.3333,4.98
3731,3679,9,0.3333,4.88
3731,4276b,9,0.3333,4.32
3731,122c01,8,0.2963,6.02
3474,4855,9,0.9000,26.33
3474,4854,9,0.9000,20.57
3474,4859,9,0.9000,12.19
3474,4624,9,0.9000,8.28
3474,4865a,9,0.9000,6.45
3474,3002,9,0.9000,4.28
3474,4477,9,0.9000,4.15
3474,4162,9,0.9000,4.05
3474,4868a,8,0.8000,97.53
3474,4869,8,0.8000,83.60
3474,3585,8,0.8000,78.03
3474,3586,8,0.8000,78.03
3942bp01,4855,5,1.0000,29.26
3942bp01,4625,5,1.0000,20.32
3942bp01,3624,5,1.0000,14.07
3942bp01,4859,5,1.0000,13.55
3942bp01,3641,5,1.0000,8.22
3942bp01,4079,5,1.0000,7.21
3942bp01,3938,5,1.0000,7.17
3942bp01,4589,5,1.0000,6.25
3942bp01,4286,5,1.0000,5.97
3942bp01,3008,5,1.0000,5.19
3942bp01,3002,5,1.0000,4.75
3942bp01,4162,5,1.0000,4.50
973p04,4862,9,1.0000,39.54
973p04,4625,9,1.0000,20.32
973p04,3624,9,1.0000,14.07
973p04,4865a,9,1.0000,7.17
973p04,4477,9,1.0000,4.62
973p04,4162,9,1.0000,4.50
973p04,4870,8,0.8889,81.28
973p04,4857,8,0.8889,68.44
973p04,4861,8,0.8889,56.54
973p04,4855,8,0.8889,26.01
973p04,4854,8,0.8889,20.32
973p04,4859,8,0.8889,12.04
3040p32,3008,8,0.8000,4.15
3040p32,4315,7,0.7000,7.42
3040p32,4624,7,0.7000,6.44
3040p32,3641,7,0.7000,5.75
3040p32,4079,7,0.7000,5.04
3040p32,4286,7,0.7000,4.18
3040p32,3901,6,0.6000,9.05
3040p32,4276b,6,0.6000,7.77
3040p32,3788,6,0.6000,5.16
3040p32,2432,6,0.6000,4.35
3040p32,3938,6,0.6000,4.30
3040p32,4865a,6,0.6000,4.30
4447,4448,19,0.9500,73.15
4447,4079,16,0.8000,5.77
4447,3901,13,0.6500,9.80
4447,4315,13,0.6500,6.89
4447,3641,13,0.6500,5.34
4447,4530,11,0.5500,18.71
4447,3823,11,0.5500,5.75
4447,4624,11,0.5500,5.06
4447,3041,10,0.5000,34.83
4447,4445,10,0.5000,16.26
4447,4599a,10,0.5000,6.36
4447,3821,10,0.5000,5.22
973p1d,3626bp01,11,1.0000,4.64
973p1d,4530,8,0.7273,24.74
973p1d,3901,7,0.6364,9.60
973p1d,4079,7,0.6364,4.59
973p1d,4719c01,6,0.5455,61.38
973p1d,3823,6,0.5455,5.70
973p1d,4624,6,0.5455,5.02
973p1d,3641,6,0.5455,4.48
973p1d,973p1e,5,0.4545,44.33
973p1d,4275b,5,0.4545,8.11
973p1d,4213,5,0.4545,5.04
973p1d,4315,5,0.4545,4.82
3585,3586,15,1.0000,97.53
3585,4859,13,0.8667,11.74
3585,4624,12,0.8000,7.36
3585,4856,11,0.7333,29.80
3585,4625,11,0.7333,14.90
3585,4276b,10,0.6667,8.63
3585,4865a,10,0.6667,4.78
3585,4868a,9,0.6000,73.15
3585,4869,9,0.6000,62.70
3585,4870,9,0.6000,54.86
3585,4857,9,0.6000,46.20
3585,4862,9,0.6000,23.72
3586,3585,15,1.0000,97.53
3586,4859,13,0.8667,11.74
3586,4624,12,0.8000,7.36
3586,4856,11,0.7333,29.80
3586,4625,11,0.7333,14.90
3586,4276b,10,0.6667,8.63
3586,4865a,10,0.6667,4.78
3586,4868a,9,0.6000,73.15
3586,4869,9,0.6000,62.70
3586,4870,9,0.6000,54.86
3586,4857,9,0.6000,46.20
3586,4862,9,0.6000,23.72
4448,4447,19,1.0000,73.15
4448,4079,15,0.7895,5.69
4448,3901,12,0.6316,9.53
4448,4315,12,0.6316,6.70
4448,3641,12,0.6316,5.19
4448,3041,10,0.5263,36.67
4448,4530,10,0.5263,17.91
4448,4445,10,0.5263,17.11
4448,4599a,10,0.5263,6.70
4448,3823,10,0.5263,5.50
4448,4624,10,0.5263,4.84
4448,3821,9,0.4737,4.95
4863,4862,18,0.9474,37.46
4863,4865a,15,0.7895,5.66
4863,4624,14,0.7368,6.78
4863,4625,13,0.6842,13.90
4863,4079,13,0.6842,4.93
4863,3624,12,0.6316,8.88
4863,4859,12,0.6316,8.56
4863,4855,11,0.5789,16.94
4863,4854,11,0.5789,13.23
4863,4870,10,0.5263,48.12
4863,3901,10,0.5263,7.94
4863,3641,10,0.5263,4.33
4868a,4869,11,0.9167,95.79
4868a,4856,11,0.9167,37.25
4868a,4859,11,0.9167,12.42
4868a,4625,10,0.8333,16.93
4868a,4624,10,0.8333,7.67
4868a,4865a,10,0.8333,5.98
4868a,3585,9,0.7500,73.15
4868a,3586,9,0.7500,73.15
4868a,4857,9,0.7500,57.75
4868a,4861,9,0.7500,47.71
4868a,4862,9,0.7500,29.66
4868a,4855,9,0.7500,21.95
3935,3936,33,0.9706,43.03
3935,3838,23,0.6765,7.55
3935,3957a,22,0.6471,4.60
3935,3747a,19,0.5588,5.92
3935,3938,19,0.5588,4.01
3935,3933,15,0.4412,12.18
3935,3934,15,0.4412,12.18
3935,3959,15,0.4412,9.35
3935,3956,13,0.3824,6.43
3935,4735,12,0.3529,6.37
3935,4859,12,0.3529,4.78
3935,4596,11,0.3235,14.79
3936,3935,33,1.0000,43.03
3936,3838,23,0.6970,7.78
3936,3957a,22,0.6667,4.73
3936,3747a,19,0.5758,6.10
3936,3938,19,0.5758,4.13
3936,3933,15,0.4545,12.55
3936,3934,15,0.4545,12.55
3936,3959,15,0.4545,9.64
3936,3956,13,0.3939,6.62
3936,4735,12,0.3636,6.57
3936,4859,12,0.3636,4.93
3936,4596,11,0.3333,15.24
4857,4625,19,1.0000,20.32
4857,4854,15,0.7895,18.05
4857,4856,14,0.7368,29.94
4857,4859,14,0.7368,9.98
4857,4865a,14,0.7368,5.28
4857,4624,12,0.6316,5.81
4857,4276b,11,0.5789,7.50
4857,4870,10,0.5263,48.12
4857,4862,10,0.5263,20.81
4857,4855,10,0.5263,15.40
4857,3747a,10,0.5263,5.58
4857,4315,10,0.5263,5.58
4872,4624,11,0.5000,4.60
4872,3821,10,0.4545,4.75
4872,3822,10,0.4545,4.65
4872,3833,8,0.3636,7.29
4872,3624,8,0.3636,5.12
4872,4599a,8,0.3636,4.63
4872,2585,7,0.3182,12.93
4872,3680c01,7,0.3182,8.17
4872,4214,7,0.3182,6.65
4872,3007,7,0.3182,5.12
4872,2584,6,0.2727,13.76
4872,2349a,6,0.2727,8.67
4873,4859,18,0.6923,9.38
4873,3747a,14,0.5385,5.71
4873,4315,14,0.5385,5.71
4873,4854,13,0.5000,11.43
4873,4625,12,0.4615,9.38
4873,4085b,12,0.4615,8.77
4873,4213,12,0.4615,5.12
4873,4624,12,0.4615,4.25
4873,4590,11,0.4231,8.72
4873,4276b,10,0.3846,4.98
4873,4855,9,0.3462,10.13
4873,4857,8,0.3077,23.69
4867,3474,5,1.0000,146.30
4867,4868a,5,1.0000,121.92
4867,4869,5,1.0000,104.50
4867,3585,5,1.0000,97.53
4867,3586,5,1.0000,97.53
4867,4870,5,1.0000,91.44
4867,4857,5,1.0000,77.00
4867,4856,5,1.0000,40.64
4867,4862,5,1.0000,39.54
4867,4855,5,1.0000,29.26
4867,4854,5,1.0000,22.86
4867,4625,5,1.0000,20.32
973p16,4625,6,0.7500,15.24
973p16,4859,6,0.7500,10.16
973p16,3747a,6,0.7500,7.95
973p16,4865a,6,0.7500,5.38
973p16,973p04,5,0.6250,101.60
973p16,973p18,5,0.6250,41.56
973p16,4861,5,0.6250,39.76
973p16,4858,5,0.6250,36.57
973p16,4856,5,0.6250,25.40
973p16,4862,5,0.6250,24.71
973p16,4855,5,0.6250,18.29
973p16,4488,5,0.6250,10.89
4866,4862,7,1.0000,39.54
4866,3626bp01,7,1.0000,4.64
4866,4625,6,0.8571,17.42
4866,4865a,6,0.8571,6.15
4866,4863,5,0.7143,55.00
4866,4855,5,0.7143,20.90
4866,4854,5,0.7143,16.33
4866,4859,5,0.7143,9.68
4866,3821,5,0.7143,7.46
4866,3823,5,0.7143,7.46
4866,3822,5,0.7143,7.31
4866,3641,5,0.7143,5.87
2512,3829c01,5,1.0000,4.66
973p2a,3626bp01,11,1.0000,4.64
973p2a,3898,10,0.9091,102.31
973p2a,3853,7,0.6364,17.24
973p2a,3899,7,0.6364,10.46
973p2a,4079,7,0.6364,4.59
973p2a,973p18,6,0.5455,36.27
973p2a,3675,6,0.5455,25.74
973p2a,3039p34,6,0.5455,18.14
973p2a,3901,6,0.5455,8.23
973p2a,3641,6,0.5455,4.48
973p2a,3625,5,0.4545,24.63
973p2a,3039p23,5,0.4545,19.56
973p27,3829c01,5,1.0000,4.66
973p27,3626bp01,5,1.0000,4.64
973p27,3821,4,0.8000,8.36
973p27,3822,4,0.8000,8.18
973p01,3901,9,0.8182,12.34
973p01,4079,9,0.8182,5.90
973p01,3855b,7,0.6364,42.32
973p01,3641,7,0.6364,5.23
973p01,4033,6,0.5455,29.56
973p01,4530,6,0.5455,18.56
973p01,4213,6,0.5455,6.05
973p01,4315,6,0.5455,5.78
973p01,3033,6,0.5455,5.74
973p01,973p1e,5,0.4545,44.33
973p01,973p71,5,0.4545,41.56
973p01,3899,5,0.4545,7.47
973p26,3626bp01,25,0.9259,4.30
973p26,3624,15,0.5556,7.82
973p26,4175,14,0.5185,7.44
973p26,4213,10,0.3704,4.10
973p26,4180c02,9,0.3333,28.69
973p26,4084,9,0.3333,9.03
973p26,3833,9,0.3333,6.68
973p26,4083,9,0.3333,5.54
973p26,3853,8,0.2963,8.03
973p26,4214,8,0.2963,6.19
973p26,122c01,8,0.2963,6.02
973p26,4085a,7,0.2593,5.66
3004p06,4315,12,0.7500,7.95
3004p06,4213,11,0.6875,7.62
3004p06,3641,10,0.6250,5.14
3004p06,3957a,10,0.6250,4.44
3004p06,3938,9,0.5625,4.03
3004p06,4081a,8,0.5000,10.45
3004p06,4175,8,0.5000,7.17
3004p06,3821,8,0.5000,5.22
3004p06,3823,8,0.5000,5.22
3004p06,3822,8,0.5000,5.12
3004p06,4085a,7,0.4375,9.55
3004p06,3033,7,0.4375,4.60
3068bp52,973p24,4,1.0000,182.88
973p1a,3829c01,6,1.0000,4.66
973p1a,3626bp01,6,1.0000,4.64
973p1a,3833,5,0.8333,16.70
973p1a,4531,5,0.8333,16.48
973p1a,4213,5,0.8333,9.24
973p1a,4084,4,0.6667,18.06
973p1a,4214,4,0.6667,13.93
973p1a,3821,4,0.6667,6.97
973p1a,3823,4,0.6667,6.97
973p1a,3822,4,0.6667,6.82
973p1a,4600,4,0.6667,6.13
973p1a,4592,4,0.6667,4.93
4626,4531,7,0.6364,12.58
4626,3626ap01,5,0.4545,9.37
4626,3833,5,0.4545,9.11
4626,4083,5,0.4545,7.56
4626,4276b,5,0.4545,5.88
4626,4600,5,0.4545,4.18
4626,4085c,5,0.4545,4.16
4626,2433,4,0.3636,11.08
4626,3836,4,0.3636,9.33
4626,2452,4,0.3636,9.17
4626,2458,4,0.3636,6.73
4626,4275b,4,0.3636,6.49
4276a,4275a,8,0.6667,81.28
4276a,3938,8,0.6667,4.78
4276a,4175,5,0.4167,5.98
4276a,4531,4,0.3333,6.59
4276a,4287a,4,0.3333,6.50
4080,3833,4,0.8000,16.03
2348a,2349a,9,1.0000,31.80
2348a,3829c01,8,0.8889,4.14
2348a,3788,7,0.7778,6.69
2348a,3641,7,0.7778,6.39
2348a,3821,6,0.6667,6.97
2348a,3822,6,0.6667,6.82
2348a,3938,6,0.6667,4.78
2348a,3823,5,0.5556,5.81
2348a,4600,5,0.5556,5.11
2348a,4624,5,0.5556,5.11
2348a,3836,4,0.4444,11.41
2348a,4214,4,0.4444,9.29
3070bp03,3641,5,0.7143,5.87
3070bp03,3070bp02,4,0.5714,104.50
973p14,3626bp01,9,0.9000,4.18
973p14,3641,8,0.8000,6.58
973p14,4624,6,0.6000,5.52
973p14,3938,6,0.6000,4.30
973p14,3821,5,0.5000,5.22
973p14,3823,5,0.5000,5.22
973p14,3822,5,0.5000,5.12
973p14,4600,5,0.5000,4.60
973p14,2441,4,0.4000,20.18
973p14,3787,4,0.4000,16.26
973p14,4595,4,0.4000,10.27
973p14,4276b,4,0.4000,5.18
u8200,3641,4,0.5000,4.11
3324e,3640,4,0.5000,33.25
3324e,3639,4,0.5000,30.48
3324e,4600,4,0.5000,4.60
4714,4715,10,1.0000,86.06
4714,4315,8,0.8000,8.48
4714,973,7,0.7000,6.69
4714,3901,6,0.6000,9.05
4714,4213,6,0.6000,6.65
4714,4624,6,0.6000,5.52
4714,3641,6,0.6000,4.93
4714,2432,6,0.6000,4.35
4714,2479,5,0.5000,22.17
4714,6019,5,0.5000,4.66
4714,4856,4,0.4000,16.26
4714,2362b,4,0.4000,15.40
4715,4315,12,0.7059,7.48
4715,4624,12,0.7059,6.50
4715,4213,11,0.6471,7.17
4715,3641,11,0.6471,5.32
4715,4714,10,0.5882,86.06
4715,3821,9,0.5294,5.53
4715,3822,9,0.5294,5.42
4715,3788,9,0.5294,4.56
4715,3730,8,0.4706,15.30
4715,4864b,8,0.4706,13.24
4715,3901,8,0.4706,7.10
4715,4859,8,0.4706,6.37
4036,4035,5,1.0000,133.00
4036,4079,5,1.0000,7.21
4036,4033,4,0.8000,43.35
4036,4022,4,0.8000,34.42
4036,4530,4,0.8000,27.22
4036,3901,4,0.8000,12.07
973p90,3838,36,1.0000,11.17
973p90,3842a,35,0.9722,29.63
973p90,3957a,32,0.8889,6.31
973p90,3963,20,0.5556,18.90
973p90,3956,19,0.5278,8.88
973p90,3959,17,0.4722,10.01
973p90,3039p34,16,0.4444,14.78
973p90,122c01,15,0.4167,8.47
973p90,3933,14,0.3889,10.73
973p90,3934,14,0.3889,10.73
973p90,3962a,14,0.3889,10.54
973p90,3839a,13,0.3611,13.21
3298p53,973p6b,5,1.0000,162.56
3298p53,4873,5,1.0000,56.27
3298p53,4590,5,1.0000,20.61
3298p53,3838,5,1.0000,11.17
3298p53,3957a,5,1.0000,7.10
3298p53,3626bp01,5,1.0000,4.64
3298p53,2362ap53,4,0.8000,234.08
3298p53,2362ap54,4,0.8000,234.08
3298p53,973p52,4,0.8000,97.53
3298p53,4857,4,0.8000,61.60
3298p53,4033,4,0.8000,43.35
3298p53,2412a,4,0.8000,22.08
973p6b,3838,9,1.0000,11.17
973p6b,3626bp01,9,1.0000,4.64
973p6b,4590,8,0.8889,18.32
973p6b,3957a,8,0.8889,6.31
973p6b,4859,7,0.7778,10.54
973p6b,4740,7,0.7778,4.48
973p6b,4873,6,0.6667,37.51
973p6b,4276b,6,0.6667,8.63
973p6b,3298p53,5,0.5556,162.56
973p6b,2362ap53,5,0.5556,162.56
973p6b,2362ap54,5,0.5556,162.56
973p6b,973p52,5,0.5556,67.73
4288,3838,10,0.6667,7.45
4288,3839b,7,0.4667,6.97
4288,3962a,5,0.3333,9.03
4288,4590,5,0.3333,6.87
4288,4085b,5,0.3333,6.33
4288,2817,5,0.3333,6.33
4288,3956,5,0.3333,5.61
4288,4285a,4,0.2667,19.51
4288,4345a,4,0.2667,19.51
4288,3069bp68,4,0.2667,15.61
4288,4873,4,0.2667,15.01
4288,4476,4,0.2667,14.45
u1125,u1126,4,1.0000,365.75
u1126,u1125,4,1.0000,365.75
3298p90,3838,13,1.0000,11.17
3298p90,3957a,13,1.0000,7.10
3298p90,3626bp01,12,0.9231,4.29
3298p90,973p90,11,0.8462,34.39
3298p90,3842a,11,0.8462,25.79
3298p90,3839b,9,0.6923,10.34
3298p90,3963,8,0.6154,20.94
3298p90,3956,8,0.6154,10.35
3298p90,3933,7,0.5385,14.86
3298p90,3934,7,0.5385,14.86
3298p90,4081a,7,0.5385,11.25
3298p90,3959,6,0.4615,9.79
3324d,3963,5,1.0000,34.02
3324d,3956,5,1.0000,16.82
3324d,3960,4,0.8000,14.45
3324d,3957a,4,0.8000,5.68
3933,3934,53,1.0000,27.60
3933,3838,32,0.6038,6.74
3933,3957a,31,0.5849,4.15
3933,3747a,23,0.4340,4.60
3933,3956,21,0.3962,6.66
3933,4276b,21,0.3962,5.13
3933,3839b,19,0.3585,5.35
3933,4859,17,0.3208,4.35
3933,3479,16,0.3019,12.99
3933,4229,16,0.3019,12.99
3933,3959,16,0.3019,6.40
3933,2419,16,0.3019,4.55
3934,3933,53,1.0000,27.60
3934,3838,32,0.6038,6.74
3934,3957a,31,0.5849,4.15
3934,3747a,23,0.4340,4.60
3934,3956,21,0.3962,6.66
3934,4276b,21,0.3962,5.13
3934,3839b,19,0.3585,5.35
3934,4859,17,0.3208,4.35
3934,3479,16,0.3019,12.99
3934,4229,16,0.3019,12.99
3934,3959,16,0.3019,6.40
3934,2419,16,0.3019,4.55
3004p90,973p90,9,1.0000,40.64
3004p90,3842a,9,1.0000,30.48
3004p90,3838,9,1.0000,11.17
3004p90,3957a,9,1.0000,7.10
3004p90,3959,8,0.8889,18.85
3004p90,3938,8,0.8889,6.37
3004p90,3937,8,0.8889,4.48
3004p90,3829c01,8,0.8889,4.14
3004p90,3626bp01,8,0.8889,4.13
3004p90,3039p34,7,0.7778,25.86
3004p90,3962a,7,0.7778,21.07
3004p90,3830,7,0.7778,16.98
3004p20,3004p90,6,1.0000,162.56
3004p20,973p90,6,1.0000,40.64
3004p20,3039p34,6,1.0000,33.25
3004p20,3842a,6,1.0000,30.48
3004p20,3956,6,1.0000,16.82
3004p20,3838,6,1.0000,11.17
3004p20,3938,6,1.0000,7.17
3004p20,3957a,6,1.0000,7.10
3004p20,3937,6,1.0000,5.04
3004p20,3039p23,5,0.8333,35.86
3004p20,3962a,5,0.8333,22.58
3004p20,3959,5,0.8333,17.67
3228b,4079,12,0.8571,6.18
3228b,3624,11,0.7857,11.05
3228b,3008,11,0.7857,4.08
3228b,3853,8,0.5714,15.48
3228b,3033,8,0.5714,6.01
3228b,3641,8,0.5714,4.70
3228b,3027,7,0.5000,8.22
3228b,973p26,6,0.4286,23.22
3228b,4510,6,0.4286,9.80
3228b,3007,6,0.4286,6.89
3228b,4175,6,0.4286,6.15
3228b,3039p23,5,0.3571,15.37
3947,3962a,5,1.0000,27.09
3947,3956,5,1.0000,16.82
3947,3838,5,1.0000,11.17
3947,3938,5,1.0000,7.17
3947,3957a,5,1.0000,7.10
3947,3008,5,1.0000,5.19
3947,3937,5,1.0000,5.04
3947,3626bp01,5,1.0000,4.64
3947,3794a,5,1.0000,4.62
3947,3961,4,0.8000,55.73
3947,3479,4,0.8000,34.42
3947,973p90,4,0.8000,32.51
3039p23,3938,23,0.6765,4.85
3039p23,3039p34,21,0.6176,20.54
3039p23,3641,21,0.6176,5.08
3039p23,3957a,20,0.5882,4.18
3039p23,4079,19,0.5588,4.03
3039p23,3624,15,0.4412,6.21
3039p23,3838,15,0.4412,4.93
3039p23,4315,15,0.4412,4.68
3039p23,3956,14,0.4118,6.92
3039p23,4213,13,0.3824,4.24
3039p23,3033,13,0.3824,4.02
3039p23,3070a,12,0.3529,9.22
3479,3838,28,0.8235,9.20
3479,3956,17,0.5000,8.41
3479,3933,16,0.4706,12.99
3479,3934,16,0.4706,12.99
3479,3959,15,0.4412,9.35
3479,4859,15,0.4412,5.98
3479,3747a,15,0.4412,4.68
3479,4229,14,0.4118,17.72
3479,4315,14,0.4118,4.37
3479,3839b,13,0.3824,5.71
3479,4276b,13,0.3824,4.95
3479,973p90,12,0.3529,14.34
4228,3962a,5,1.0000,27.09
4228,3956,5,1.0000,16.82
4228,3838,5,1.0000,11.17
4228,3938,5,1.0000,7.17
4228,3626bp01,5,1.0000,4.64
4228,3943b,4,0.8000,35.47
4228,973p90,4,0.8000,32.51
4228,3963,4,0.8000,27.22
4228,3039p34,4,0.8000,26.60
4228,3842a,4,0.8000,24.38
4228,3830,4,0.8000,17.47
4228,3831,4,0.8000,17.47
4475,3838,10,0.9091,10.15
4475,4589,10,0.9091,5.68
4475,3937,10,0.9091,4.59
4475,3747a,9,0.8182,8.67
4475,3938,9,0.8182,5.87
4475,4229,8,0.7273,31.29
4475,3839b,8,0.7273,10.86
4475,4315,8,0.7273,7.71
4475,4740,8,0.7273,4.19
4475,3479,7,0.6364,27.38
4475,752,7,0.6364,20.69
4475,3933,7,0.6364,17.57
4035c01,4180c02,5,0.8333,71.72
4035c01,3624,5,0.8333,11.72
4035c01,3029,5,0.8333,8.59
4035c01,4079,5,0.8333,6.01
4035c01,3008,5,0.8333,4.32
4035c01,4033c01,4,0.6667,162.56
4035c01,501bc01,4,0.6667,139.33
4035c01,4166a,4,0.6667,121.92
4035c01,4509,4,0.6667,97.53
4035c01,4022c01,4,0.6667,81.28
4035c01,4183,4,0.6667,60.96
4035c01,3901,4,0.6667,10.05
4509,3624,9,0.9000,12.66
4509,3626bp01,9,0.9000,4.18
4509,3298,8,0.8000,5.94
4509,3008,8,0.8000,4.15
4509,4183,7,0.7000,64.01
4509,4180c02,7,0.7000,60.24
4509,3633,7,0.7000,11.64
4509,4175,7,0.7000,10.04
4509,4079,7,0.7000,5.04
4509,3901,6,0.6000,9.05
4509,4022c01,5,0.5000,60.96
4509,4083,5,0.5000,8.31
3039pc4,4865a,10,0.7692,5.52
3039pc4,3624,9,0.6923,9.74
3039pc4,3298,9,0.6923,5.14
3039pc4,4855,7,0.5385,15.76
3039pc4,2437,7,0.5385,15.15
3039pc4,3901,7,0.5385,8.12
3039pc4,4859,7,0.5385,7.29
3039pc4,973p18,6,0.4615,30.69
3039pc4,4858,6,0.4615,27.01
3039pc4,4856,6,0.4615,18.76
3039pc4,4530,6,0.4615,15.70
3039pc4,3747a,6,0.4615,4.89
4166a,3624,8,1.0000,14.07
4166a,4079,7,0.8750,6.31
4166a,3626bp01,7,0.8750,4.06
4166a,4022c01,6,0.7500,91.44
4166a,4180c02,6,0.7500,64.54
4166a,4083,6,0.7500,12.47
4166a,3241ac04,5,0.6250,182.88
4166a,501bc01,5,0.6250,130.62
4166a,3039p34,5,0.6250,20.78
4166a,3027,5,0.6250,10.27
4166a,3297,5,0.6250,9.14
4166a,3794b,5,0.6250,5.20
4178,3665a,6,1.0000,6.53
4178,4180c02,5,0.8333,71.72
4178,3027,5,0.8333,13.70
4178,4175,5,0.8333,11.95
4178,3624,5,0.8333,11.72
4178,3633,4,0.6667,11.08
4178,4079,4,0.6667,4.80
973p1c,3626bp01,10,1.0000,4.64
973p1c,3829c01,9,0.9000,4.19
973p1c,3641,8,0.8000,6.58
973p1c,4624,7,0.7000,6.44
973p1c,2436a,7,0.7000,4.36
973p1c,2348b,6,0.6000,20.41
973p1c,3821,6,0.6000,6.27
973p1c,3823,6,0.6000,6.27
973p1c,3822,6,0.6000,6.14
973p1c,4079,6,0.6000,4.32
973p1c,2349a,5,0.5000,15.90
973p1c,3033,5,0.5000,5.26
501bc01,3624,7,1.0000,14.07
501bc01,3626bp01,7,1.0000,4.64
501bc01,4022c01,6,0.8571,104.50
501bc01,4180c02,6,0.8571,73.76
501bc01,4166a,5,0.7143,130.62
501bc01,73090b,5,0.7143,104.50
501bc01,4083,5,0.7143,11.88
501bc01,3241ac04,4,0.5714,167.20
501bc01,4035c01,4,0.5714,139.33
501bc01,4033c01,4,0.5714,139.33
501bc01,4509,4,0.5714,83.60
501bc01,973p18,4,0.5714,38.00
502,73090b,4,1.0000,146.30
502,4175,4,1.0000,14.34
502,3624,4,1.0000,14.07
502,3626bp01,4,1.0000,4.64
502,3832,4,1.0000,4.34
73090b,3624,8,0.8000,11.25
73090b,3665a,7,0.7000,4.57
73090b,4175,6,0.6000,8.61
73090b,3794b,6,0.6000,4.99
73090b,501bc01,5,0.5000,104.50
73090b,4022c01,5,0.5000,60.96
73090b,4180c02,5,0.5000,43.03
73090b,973p26,5,0.5000,27.09
73090b,4083,5,0.5000,8.31
73090b,3297,5,0.5000,7.31
73090b,4276b,5,0.5000,6.47
73090b,502,4,0.4000,146.30
191915c,3241ac04,4,1.0000,292.60
191915c,4166a,4,1.0000,182.88
191915c,4022c01,4,1.0000,121.92
191915c,4180c02,4,1.0000,86.06
191915c,3297,4,1.0000,14.63
191915c,3624,4,1.0000,14.07
191915c,4079,4,1.0000,7.21
191915c,3626bp01,4,1.0000,4.64
3241ac04,4166a,5,1.0000,182.88
3241ac04,4022c01,5,1.0000,121.92
3241ac04,4180c02,5,1.0000,86.06
3241ac04,3297,5,1.0000,14.63
3241ac04,3624,5,1.0000,14.07
3241ac04,3626bp01,5,1.0000,4.64
3241ac04,191915c,4,0.8000,292.60
3241ac04,4033c01,4,0.8000,195.07
3241ac04,501bc01,4,0.8000,167.20
3241ac04,4083,4,0.8000,13.30
3241ac04,3298,4,0.8000,5.94
3241ac04,4079,4,0.8000,5.77
2376,2436a,11,0.7857,4.89
2376,3833,7,0.5000,10.02
2376,4085c,7,0.5000,4.57
2376,73037,6,0.4286,28.50
2376,4315,6,0.4286,4.54
2376,3403c01,5,0.3571,32.66
2376,6015,5,0.3571,5.33
2376,4859,5,0.3571,4.84
2376,70278,4,0.2857,59.71
2376,3127a,4,0.2857,29.86
2376,2584,4,0.2857,14.41
2376,2585,4,0.2857,11.61
70278,4624,6,0.8571,7.89
70278,4214,5,0.7143,14.93
70278,4213,5,0.7143,7.92
70278,3641,5,0.7143,5.87
70278,4286,5,0.7143,4.27
70278,2351,4,0.5714,139.33
70278,2376,4,0.5714,59.71
70278,3403c01,4,0.5714,52.25
70278,4215a,4,0.5714,18.58
70278,4084,4,0.5714,15.48
70278,3833,4,0.5714,11.45
70278,4531,4,0.5714,11.30
4166b,3624,4,1.0000,14.07
4166b,4079,4,1.0000,7.21
4166b,3665a,4,1.0000,6.53
4166b,3002,4,1.0000,4.75
973p13,4079,4,0.8000,5.77
973p13,3957a,4,0.8000,5.68
973p13,3008,4,0.8000,4.15
80547,3624,4,1.0000,14.07
80547,4079,4,1.0000,7.21
80547,3035,4,1.0000,5.50
80547,4162,4,1.0000,4.50
4169,3626bp01,7,1.0000,4.64
4169,973p26,5,0.7143,38.70
4169,3624,5,0.7143,10.05
4169,4079,5,0.7143,5.15
4169,4168,4,0.5714,104.50
4169,3228b,4,0.5714,59.71
4169,3853,4,0.5714,15.48
4169,3960,4,0.5714,10.32
4169,4083,4,0.5714,9.50
4169,3033,4,0.5714,6.01
973p22,4079,10,1.0000,7.21
973p22,4530,9,0.9000,30.62
973p22,3901,8,0.8000,12.07
973p22,3008,8,0.8000,4.15
973p22,4599a,7,0.7000,8.91
973p22,973p18,6,0.6000,39.90
973p22,973p1e,5,0.5000,48.77
973p22,973p71,5,0.5000,45.72
973p22,3629,5,0.5000,43.03
973p22,3069bp52,5,0.5000,34.83
973p22,3855b,5,0.5000,33.25
973p22,4033,5,0.5000,27.09
3900d01,973p18,4,1.0000,66.50
3900d01,3625,4,1.0000,54.19
3900d01,4083,4,1.0000,16.62
3900d01,3624,4,1.0000,14.07
3900d01,973,4,1.0000,9.56
3900d01,4079,4,1.0000,7.21
3900d01,3008,4,1.0000,5.19
3900d01,3626bp01,4,1.0000,4.64
4168,3626bp01,7,0.8750,4.06
4168,3624,6,0.7500,10.55
4168,4079,6,0.7500,5.41
4168,4531,5,0.6250,12.36
4168,3027,5,0.6250,10.27
4168,3901,5,0.6250,9.43
4168,4175,5,0.6250,8.96
4168,3033,5,0.6250,6.58
4168,3641,5,0.6250,5.14
4168,4169,4,0.5000,104.50
4168,3039p23,4,0.5000,21.51
4168,3853,4,0.5000,13.55
3067a,3938,6,0.8571,6.15
3067a,3957a,6,0.8571,6.09
3067a,3008,6,0.8571,4.45
3067a,3937,6,0.8571,4.32
3067a,3298,5,0.7143,5.30
3067a,3959,4,0.5714,12.12
3067a,3956,4,0.5714,9.61
3067a,3680,4,0.5714,8.53
3067a,3679,4,0.5714,8.36
3067a,3747a,4,0.5714,6.06
3067a,3641,4,0.5714,4.70
122c02,3641,7,0.8750,7.19
122c02,3626bp01,7,0.8750,4.06
122c02,3823,4,0.5000,5.22
122c02,3788,4,0.5000,4.30
2494d01,3070a,5,1.0000,26.12
2494d01,3624,5,1.0000,14.07
2494d01,3823,5,1.0000,10.45
2494d01,3788,5,1.0000,8.61
2494d01,3641,5,1.0000,8.22
2494d01,4079,5,1.0000,7.21
2494d01,3008,5,1.0000,5.19
2494d01,3829c01,5,1.0000,4.66
2494d01,2493b,4,0.8000,83.60
2494d01,3039p23,4,0.8000,34.42
2494d01,2348b,4,0.8000,27.22
2494d01,2349a,4,0.8000,25.44
4596,4740,24,0.7500,4.32
4596,3838,23,0.7188,8.03
4596,4589,21,0.6562,4.10
4596,4592,19,0.5938,4.39
4596,4593,19,0.5938,4.39
4596,4315,18,0.5625,5.96
4596,4859,16,0.5000,6.77
4596,4276b,16,0.5000,6.47
4596,4590,15,0.4688,9.66
4596,3747a,14,0.4375,4.64
4596,4624,14,0.4375,4.03
4596,2569,13,0.4062,7.16
2342,3938,15,0.7895,5.66
2342,3838,12,0.6316,7.05
2342,4592,12,0.6316,4.67
2342,4593,12,0.6316,4.67
2342,4275b,8,0.4211,7.51
2342,3956,8,0.4211,7.08
2342,4871,8,0.4211,6.77
2342,4276b,8,0.4211,5.45
2342,4315,8,0.4211,4.46
2342,4588,7,0.3684,18.59
2342,4590,7,0.3684,7.59
2342,4625,7,0.3684,7.49
3069bp68,2569,18,0.7200,12.69
3069bp68,3838,15,0.6000,6.70
3069bp68,3938,15,0.6000,4.30
3069bp68,4859,13,0.5200,7.04
3069bp68,4276b,13,0.5200,6.73
3069bp68,3839b,12,0.4800,7.17
3069bp68,4275b,11,0.4400,7.85
3069bp68,4315,11,0.4400,4.66
3069bp68,4531,10,0.4000,7.91
3069bp68,3747a,10,0.4000,4.24
3069bp68,973p51,9,0.3600,35.11
3069bp68,4345a,9,0.3600,26.33
6023,973p51,4,1.0000,97.53
6023,3069bp68,4,1.0000,58.52
6023,2569,4,1.0000,17.63
6023,3626bp01,4,1.0000,4.64
973p51,3626bp01,15,1.0000,4.64
973p51,3838,13,0.8667,9.68
973p51,2569,11,0.7333,12.93
973p51,4591,10,0.6667,39.01
973p51,2466,10,0.6667,37.51
973p51,4276b,10,0.6667,8.63
973p51,2434,9,0.6000,39.90
973p51,3069bp68,9,0.6000,35.11
973p51,3479,8,0.5333,22.95
973p51,2452,8,0.5333,13.45
973p51,4859,8,0.5333,7.22
973p51,4229,7,0.4667,20.08
3068bp08,4589,11,0.8462,5.29
3068bp08,4740,11,0.8462,4.87
3068bp08,3838,10,0.7692,8.59
3068bp08,3938,10,0.7692,5.52
3068bp08,3957a,10,0.7692,5.46
3068bp08,4315,9,0.6923,7.34
3068bp08,4592,9,0.6923,5.12
3068bp08,4593,9,0.6923,5.12
3068bp08,4229,8,0.6154,26.48
3068bp08,752,8,0.6154,20.01
3068bp08,3956,8,0.6154,10.35
3068bp08,4588,7,0.5385,27.16
3070bp06,3838,8,1.0000,11.17
3070bp06,4740,8,1.0000,5.76
3070bp06,3626bp01,8,1.0000,4.64
3070bp06,4590,7,0.8750,18.03
3070bp06,3938,6,0.7500,5.38
3070bp06,3070bpc2,5,0.6250,130.62
3070bp06,4588,5,0.6250,31.53
3070bp06,3962a,5,0.6250,16.93
3070bp06,4859,5,0.6250,8.47
3070bp06,3957a,5,0.6250,4.44
3070bp06,3068bp08,4,0.5000,56.27
3070bp06,2342,4,0.5000,38.50
973p6e,3838,11,1.0000,11.17
973p6e,3626bp01,11,1.0000,4.64
973p6e,4592,9,0.8182,6.05
973p6e,4593,9,0.8182,6.05
973p6e,3937,9,0.8182,4.13
973p6e,3938,8,0.7273,5.22
973p6e,4740,8,0.7273,4.19
973p6e,2419,7,0.6364,9.60
973p6e,3957a,7,0.6364,4.52
973p6e,4590,6,0.5455,11.24
973p6e,4735,6,0.5455,9.85
973p6e,3956,6,0.5455,9.17
2422,3938,7,0.8750,6.28
2422,4865a,7,0.8750,6.28
2422,3937,7,0.8750,4.41
2422,3626bp01,7,0.8750,4.06
2422,4624,6,0.7500,6.90
2422,2436a,6,0.7500,4.67
2422,4286,6,0.7500,4.48
2422,4740,6,0.7500,4.32
2422,3941,6,0.7500,4.16
2422,3956,5,0.6250,10.51
2422,4276b,5,0.6250,8.09
2422,4315,5,0.6250,6.63
2401,3838,11,0.9167,10.24
2401,4740,11,0.9167,5.28
2401,4315,10,0.8333,8.83
2401,4276b,9,0.7500,9.71
2401,4589,9,0.7500,4.69
2401,4595,8,0.6667,17.11
2401,2419,8,0.6667,10.05
2401,3938,8,0.6667,4.78
2401,3957a,8,0.6667,4.73
2401,4598,7,0.5833,22.46
2401,4590,7,0.5833,12.02
2401,4623,7,0.5833,8.53
2428,4589,8,0.8889,5.56
2428,4740,8,0.8889,5.12
2428,2426c01,7,0.7778,162.56
2428,u9068,7,0.7778,162.56
2428,4276b,7,0.7778,10.07
2428,3838,7,0.7778,8.69
2428,3938,7,0.7778,5.58
2428,3957a,7,0.7778,5.52
2428,4590,6,0.6667,13.74
2428,4275b,6,0.6667,11.89
2428,4315,6,0.6667,7.07
2428,2436a,6,0.6667,4.15
2426c01,u9068,7,1.0000,209.00
2426c01,2428,7,1.0000,162.56
2426c01,3957a,7,1.0000,7.10
2426c01,4589,7,1.0000,6.25
2426c01,4740,7,1.0000,5.76
2426c01,3794a,7,1.0000,4.62
2426c01,3832,7,1.0000,4.34
2426c01,4275b,6,0.8571,15.29
2426c01,4276b,6,0.8571,11.10
2426c01,3838,6,0.8571,9.57
2426c01,3938,6,0.8571,6.15
2426c01,2401,5,0.7143,87.08
2448,2401,4,1.0000,121.92
2448,3811,4,1.0000,81.28
2448,3680,4,1.0000,14.93
2448,3679,4,1.0000,14.63
2448,3838,4,1.0000,11.17
2448,3938,4,1.0000,7.17
2448,3957a,4,1.0000,7.10
2448,4589,4,1.0000,6.25
2448,2436a,4,1.0000,6.23
2448,4740,4,1.0000,5.76
2448,3937,4,1.0000,5.04
2448,3794a,4,1.0000,4.62
u9068,2426c01,7,1.0000,209.00
u9068,2428,7,1.0000,162.56
u9068,3957a,7,1.0000,7.10
u9068,4589,7,1.0000,6.25
u9068,4740,7,1.0000,5.76
u9068,3794a,7,1.0000,4.62
u9068,3832,7,1.0000,4.34
u9068,4275b,6,0.8571,15.29
u9068,4276b,6,0.8571,11.10
u9068,3838,6,0.8571,9.57
u9068,3938,6,0.8571,6.15
u9068,2401,5,0.7143,87.08
3068bp07,3068bp08,4,1.0000,112.54
3068bp07,4595,4,1.0000,25.67
3068bp07,3838,4,1.0000,11.17
3068bp07,3037,4,1.0000,8.13
3068bp07,4592,4,1.0000,7.39
3068bp07,4593,4,1.0000,7.39
3068bp07,3938,4,1.0000,7.17
3068bp07,3957a,4,1.0000,7.10
3068bp07,4740,4,1.0000,5.76
3068bp07,3937,4,1.0000,5.04
3068bp07,3626bp01,4,1.0000,4.64
3039p32,3068bp08,5,0.7143,80.38
3039p32,4315,5,0.7143,7.57
3039p32,4589,5,0.7143,4.47
3039p32,3069bp06,4,0.5714,59.71
3039p32,4476,4,0.5714,30.96
3039p32,4595,4,0.5714,14.67
3039p32,3680,4,0.5714,8.53
3039p32,3679,4,0.5714,8.36
3039p32,3838,4,0.5714,6.38
3039p32,4592,4,0.5714,4.22
3039p32,4593,4,0.5714,4.22
3039p32,3938,4,0.5714,4.10
3861c,3297,5,0.7143,10.45
3861c,3298,5,0.7143,5.30
3861c,3854,4,0.5714,38.00
3861c,4079,4,0.5714,4.12
3315,3597,11,1.0000,133.00
3315,4590,6,0.5455,11.24
3315,3747a,6,0.5455,5.78
3315,2433,5,0.4545,13.85
3315,4531,5,0.4545,8.99
3315,3680,5,0.4545,6.79
3315,3839b,5,0.4545,6.79
3315,3679,5,0.4545,6.65
3315,4276b,5,0.4545,5.88
3315,3838,5,0.4545,5.08
3315,4315,5,0.4545,4.82
3315,3403,4,0.3636,28.00
3597,3315,11,1.0000,133.00
3597,4590,6,0.5455,11.24
3597,3747a,6,0.5455,5.78
3597,2433,5,0.4545,13.85
3597,4531,5,0.4545,8.99
3597,3680,5,0.4545,6.79
3597,3839b,5,0.4545,6.79
3597,3679,5,0.4545,6.65
3597,4276b,5,0.4545,5.88
3597,3838,5,0.4545,5.08
3597,4315,5,0.4545,4.82
3597,3403,4,0.3636,28.00
2610,4859,17,0.5000,6.77
2610,3626bp04,13,0.3824,10.76
2610,6015,12,0.3529,5.27
2610,2433,11,0.3235,9.86
2610,4855,11,0.3235,9.47
2610,4871,11,0.3235,5.20
2610,4599a,11,0.3235,4.12
2610,2625,10,0.2941,23.91
2610,2926,10,0.2941,11.95
2610,2437,10,0.2941,8.27
2610,3070a,10,0.2941,7.68
2610,4854,10,0.2941,6.72
3069bp52,4865a,13,0.6190,4.44
3069bp52,4592,12,0.5714,4.22
3069bp52,4593,12,0.5714,4.22
3069bp52,4079,12,0.5714,4.12
3069bp52,4531,10,0.4762,9.41
3069bp52,3901,10,0.4762,7.18
3069bp52,4600,10,0.4762,4.38
3069bp52,4624,10,0.4762,4.38
3069bp52,4085c,10,0.4762,4.35
3069bp52,2877,10,0.4762,4.30
3069bp52,2412a,9,0.4286,11.83
3069bp52,6015,9,0.4286,6.40
4719c01,4079,9,0.6923,4.99
4719c01,3899,8,0.6154,10.12
4719c01,3901,7,0.5385,8.12
4719c01,973p1d,6,0.4615,61.38
4719c01,973p1e,6,0.4615,45.02
4719c01,4530,6,0.4615,15.70
4719c01,4528,5,0.3846,18.15
4719c01,2362b,5,0.3846,14.81
4719c01,3741ac01,5,0.3846,13.09
4719c01,3857,5,0.3846,11.97
4719c01,2456,5,0.3846,4.17
4719c01,3033,5,0.3846,4.05
3307,973,9,0.5294,5.06
3307,2456,8,0.4706,5.10
3307,3901,7,0.4118,6.21
3307,4599a,7,0.4118,5.24
3307,2453a,6,0.3529,13.96
3307,2343,6,0.3529,9.22
3307,3659,6,0.3529,6.22
3307,3899,6,0.3529,5.80
3307,2339,5,0.2941,12.29
3307,3455,5,0.2941,11.32
3307,3741ac01,5,0.2941,10.01
3307,3857,5,0.2941,9.16
60475a,30414,13,0.7647,6.15
60475a,2445,10,0.5882,4.37
60475a,6231,9,0.5294,5.38
60475a,3815b,7,0.4118,7.53
60475a,3245a,6,0.3529,15.19
60475a,44302a,6,0.3529,14.34
60475a,50745,6,0.3529,12.01
60475a,2465,6,0.3529,5.22
60475a,4865b,6,0.3529,5.01
60475a,30363,5,0.2941,8.12
60475a,30413,5,0.2941,7.05
60475a,30383,5,0.2941,6.94
3069bp80,2432,9,0.8182,5.93
3069bp80,3962b,8,0.7273,19.00
3069bp80,4079,8,0.7273,5.24
3069bp80,4865a,8,0.7273,5.22
3069bp80,2569,7,0.6364,11.22
3069bp80,3069bp02,6,0.5455,57.00
3069bp80,3626bp04,6,0.5455,15.35
3069bp80,3821,6,0.5455,5.70
3069bp80,3822,6,0.5455,5.58
3069bp80,4624,6,0.5455,5.02
3069bp80,4085c,6,0.5455,4.99
3069bp80,4215a,5,0.4545,14.78
2508,4624,18,0.6429,5.92
2508,3730,17,0.6071,19.74
2508,6015,15,0.5357,8.00
2508,6019,13,0.4643,4.33
2508,4085c,13,0.4643,4.25
2508,4488,12,0.4286,7.46
2508,2433,10,0.3571,10.89
2508,2610,9,0.3214,13.83
2508,4871,9,0.3214,5.17
2508,2926,8,0.2857,11.61
2508,2348b,8,0.2857,9.72
2508,2349a,8,0.2857,9.09
3039pce,6636,4,1.0000,5.44
2433,4276b,28,0.5833,7.55
2433,4531,27,0.5625,11.12
2433,4315,27,0.5625,5.96
2433,4624,24,0.5000,4.60
2433,3838,23,0.4792,5.35
2433,2569,20,0.4167,7.34
2433,4859,20,0.4167,5.64
2433,4871,16,0.3333,5.36
2433,2419,15,0.3125,4.71
2433,4854,14,0.2917,6.67
2433,4590,14,0.2917,6.01
2433,6015,14,0.2917,4.35
2518,4079,8,1.0000,7.21
2518,3901,7,0.8750,13.20
2518,2546p01,5,0.6250,114.30
2518,4217,5,0.6250,57.15
2518,2453a,5,0.6250,24.71
2518,4530,5,0.6250,21.26
2518,3857,5,0.6250,19.45
2518,4855,5,0.6250,18.29
2518,4854,5,0.6250,14.29
2518,4859,5,0.6250,8.47
2518,4624,5,0.6250,5.75
2518,3788,5,0.6250,5.38
4495a,3957a,25,0.7812,5.55
4495a,4497,17,0.5312,27.76
4495a,3849,15,0.4688,26.38
4495a,3847,14,0.4375,33.69
4495a,3844,13,0.4062,33.02
4495a,4491a,13,0.4062,31.28
4495a,4460a,13,0.4062,8.25
4495a,973p40,11,0.3438,45.72
4495a,3848,11,0.3438,31.43
4495a,4498,11,0.3438,26.47
4495a,4499,11,0.3438,26.47
4495a,4493c02,11,0.3438,26.47
2546p01,2343,6,0.7500,19.59
2546p01,3957a,6,0.7500,5.33
2546p01,2518,5,0.6250,114.30
2546p01,3455,5,0.6250,24.06
2546p01,3659,5,0.6250,11.02
2546p01,2465,5,0.6250,9.24
2546p01,4079,5,0.6250,4.50
2546p01,3307,4,0.5000,43.03
2546p01,3185,4,0.5000,17.84
2546p01,4854,4,0.5000,11.43
2546p01,3901,4,0.5000,7.54
2546p01,4599a,4,0.5000,6.36
6630,32069,5,1.0000,133.00
6630,32068,5,1.0000,91.44
6630,3647,5,1.0000,17.84
6630,3709b,5,1.0000,13.18
6630,6589,5,1.0000,12.72
6630,3701,5,1.0000,8.22
6630,6558,5,1.0000,7.17
6630,3749,5,1.0000,5.63
6630,3713,5,1.0000,5.19
6630,4477,5,1.0000,4.62
6630,3700,5,1.0000,4.41
6630,3832,5,1.0000,4.34
92241p01,92198p01,5,1.0000,162.56
92241p01,92255,5,1.0000,146.30
92241p01,92244,5,1.0000,48.77
92241p01,92248,5,1.0000,48.77
92241p01,92245,5,1.0000,45.72
92250p01,92244,4,1.0000,48.77
92250p01,92248,4,1.0000,48.77
92250p01,92245,4,1.0000,45.72
2345,3957a,12,0.9231,6.56
2345,3830,8,0.6154,13.44
2345,3831,8,0.6154,13.44
2345,4085b,8,0.6154,11.69
2345,4495a,7,0.5385,24.62
2345,3847,6,0.4615,35.54
2345,4498,6,0.4615,35.54
2345,4499,6,0.4615,35.54
2345,4497,6,0.4615,24.12
2345,2339,6,0.4615,19.29
2345,2419,6,0.4615,6.96
2345,4444,5,0.3846,43.28
3847,4497,15,0.7895,41.25
3847,4495a,14,0.7368,33.69
3847,4491a,13,0.6842,52.68
3847,4493c02,13,0.6842,52.68
3847,4498,12,0.6316,48.63
3847,4499,12,0.6316,48.63
3847,3957a,12,0.6316,4.49
3847,3844,11,0.5789,47.06
3847,3626ap01,11,0.5789,11.93
3847,87692,10,0.5263,70.00
3847,3849,10,0.5263,29.62
3847,3830,10,0.5263,11.49
4497,4498,17,0.6071,46.75
4497,4499,17,0.6071,46.75
4497,4495a,17,0.6071,27.76
4497,3844,16,0.5714,46.44
4497,3847,15,0.5357,41.25
4497,3848,14,0.5000,45.72
4497,4491a,14,0.5000,38.50
4497,3626ap01,13,0.4643,9.57
4497,3896,12,0.4286,52.25
4497,4493c02,11,0.3929,30.25
4497,3849,11,0.3929,22.11
4497,3830,11,0.3929,8.58
2488,2470,6,0.6000,125.40
2488,4489a,5,0.5000,60.96
2488,2926,5,0.5000,20.32
2488,3679,5,0.5000,7.31
2488,4506,4,0.4000,117.04
2488,973p46,4,0.4000,97.53
2488,4493c04,4,0.4000,97.53
2488,4508,4,0.4000,73.15
2488,87693,4,0.4000,58.52
2488,3069bp03,4,0.4000,58.52
2488,30133,4,0.4000,45.02
2488,30141,4,0.4000,36.58
4506,973p46,5,1.0000,243.83
4506,87693,5,1.0000,146.30
4506,4498,5,1.0000,77.00
4506,4499,5,1.0000,77.00
4506,3626bp01,5,1.0000,4.64
4506,973p48,4,0.8000,292.60
4506,2488,4,0.8000,117.04
4506,3847,4,0.8000,61.60
4506,4497,4,0.8000,41.80
4506,4085b,4,0.8000,15.20
4506,3815b,4,0.8000,14.63
973p46,4506,5,0.8333,243.83
973p46,87693,5,0.8333,121.92
973p46,3847,5,0.8333,64.17
973p46,4498,5,0.8333,64.17
973p46,4499,5,0.8333,64.17
973p46,4497,5,0.8333,43.54
973p46,973p48,4,0.6667,243.83
973p46,2488,4,0.6667,97.53
973p46,4085b,4,0.6667,12.67
973p46,3815b,4,0.6667,12.19
30068,3665a,4,1.0000,6.53
30071,93792,4,0.6667,121.92
30071,30244,4,0.6667,36.12
973p48,4506,4,1.0000,292.60
973p48,973p46,4,1.0000,243.83
973p48,87693,4,1.0000,146.30
973p48,3847,4,1.0000,77.00
973p48,4498,4,1.0000,77.00
973p48,4499,4,1.0000,77.00
973p48,3626bp01,4,1.0000,4.64
92198p08,92248,8,1.0000,48.77
92198p08,92256,7,0.8750,182.88
92198p08,92244,7,0.8750,42.67
92198p08,92245,7,0.8750,40.00
92198p08,4865b,6,0.7500,10.65
92198p08,33291,5,0.6250,19.88
92198p08,87087,5,0.6250,5.29
92198p08,30414,5,0.6250,5.02
92198p08,48336,5,0.6250,4.55
92198p08,92410,4,0.5000,34.83
92198p08,93095,4,0.5000,34.83
92198p08,6191,4,0.5000,19.77
92256,92198p08,7,1.0000,182.88
92256,92248,7,1.0000,48.77
92256,92244,6,0.8571,41.80
92256,92245,6,0.8571,39.19
92256,33291,5,0.7143,22.72
92256,4865b,5,0.7143,10.15
92256,93095,4,0.5714,39.81
92256,3899,4,0.5714,9.39
92256,60897,4,0.5714,8.12
92256,59900,4,0.5714,5.93
92256,87087,4,0.5714,4.83
92256,30414,4,0.5714,4.59
92252p01,92244,5,1.0000,48.77
92252p01,92248,5,1.0000,48.77
92252p01,92245,5,1.0000,45.72
92252p01,33291,4,0.8000,25.44
92252p01,4599b,4,0.8000,18.58
92252p01,4865b,4,0.8000,11.36
97781,6191,4,1.0000,39.54
97781,4599b,4,1.0000,23.22
97781,4865b,4,1.0000,14.20
97781,87580,4,1.0000,11.08
97781,87087,4,1.0000,8.46
97781,48336,4,1.0000,7.28
97781,87079,4,1.0000,5.90
585,3008,4,1.0000,5.19
30154,3832,4,1.0000,4.34
4150p09,92257,4,1.0000,146.30
4150p09,92248,4,1.0000,48.77
4150p09,33291,4,1.0000,31.80
92244p05,92245p05,4,1.0000,365.75
92244p05,92248,4,1.0000,48.77
92244p05,33291,4,1.0000,31.80
92244p05,88072,4,1.0000,22.86
92244p05,4865b,4,1.0000,14.20
92244p05,6231,4,1.0000,10.16
92244p05,3794a,4,1.0000,4.62
92245p05,92244p05,4,1.0000,365.75
92245p05,92248,4,1.0000,48.77
92245p05,33291,4,1.0000,31.80
92245p05,88072,4,1.0000,22.86
92245p05,4865b,4,1.0000,14.20
92245p05,6231,4,1.0000,10.16
92245p05,3794a,4,1.0000,4.62
973p1e,4530,14,0.9333,31.76
973p1e,4079,13,0.8667,6.25
973p1e,3626bp01,13,0.8667,4.03
973p1e,3901,12,0.8000,12.07
973p1e,4033,9,0.6000,32.51
973p1e,973p71,8,0.5333,48.77
973p1e,3855b,8,0.5333,35.47
973p1e,4719c01,6,0.4000,45.02
973p1e,4448,6,0.4000,30.80
973p1e,4447,6,0.4000,29.26
973p1e,3041,6,0.4000,27.87
973p1e,4528,6,0.4000,18.88
3867,3741ac01,8,0.5000,17.01
3867,3633,7,0.4375,7.27
3867,973,7,0.4375,4.18
3867,3854,6,0.3750,24.94
3867,3901,6,0.3750,5.66
3867,3297,6,0.3750,5.49
3867,3624,6,0.3750,5.28
3867,3853,5,0.3125,8.47
3867,3830,5,0.3125,6.82
3867,3831,5,0.3125,6.82
3867,3081cc01,4,0.2500,16.62
3867,2486,4,0.2500,14.07
2583,4600,7,1.0000,9.20
2583,4624,7,1.0000,9.20
2583,4079,7,1.0000,7.21
2583,4865a,7,1.0000,7.17
2583,4589,7,1.0000,6.25
2583,2436a,7,1.0000,6.23
2583,3794a,7,1.0000,4.62
2583,4162,7,1.0000,4.50
2583,3901,6,0.8571,12.93
2583,3624,6,0.8571,12.06
2583,3788,6,0.8571,7.38
2583,3641,6,0.8571,7.04
2466,3838,22,0.8462,9.45
2466,4276b,20,0.7692,9.96
2466,3938,19,0.7308,5.24
2466,4589,18,0.6923,4.33
2466,2569,17,0.6538,11.53
2466,4275b,16,0.6154,10.98
2466,4590,15,0.5769,11.89
2466,4859,15,0.5769,7.82
2466,3747a,15,0.5769,6.12
2466,2452,14,0.5385,13.58
2466,3839b,14,0.5385,8.04
2466,4315,14,0.5385,5.71
2468,4276b,7,0.8750,11.33
2468,4592,7,0.8750,6.47
2468,4593,7,0.8750,6.47
2468,2432,7,0.8750,6.34
2468,4589,7,0.8750,5.47
2468,2466,6,0.7500,42.20
2468,4859,6,0.7500,10.16
2468,3938,6,0.7500,5.38
2468,3585,5,0.6250,60.96
2468,3586,5,0.6250,60.96
2468,3069bp25,5,0.6250,33.87
2468,3942b,5,0.6250,29.50
3069bp25,4592,17,0.6296,4.65
3069bp25,4593,17,0.6296,4.65
3069bp25,3838,16,0.5926,6.62
3069bp25,3938,16,0.5926,4.25
3069bp25,3957a,16,0.5926,4.21
3069bp25,4625,15,0.5556,11.29
3069bp25,4276b,11,0.4074,5.27
3069bp25,4315,11,0.4074,4.32
3069bp25,3956,10,0.3704,6.23
3069bp25,2412a,9,0.3333,9.20
3069bp25,3901,9,0.3333,5.03
3069bp25,2419,9,0.3333,5.03
973p71,4530,15,0.9375,31.90
973p71,4079,14,0.8750,6.31
973p71,3901,13,0.8125,12.25
973p71,4033,9,0.5625,30.48
973p71,4865a,9,0.5625,4.03
973p71,973p1e,8,0.5000,48.77
973p71,973p18,8,0.5000,33.25
973p71,3857,8,0.5000,15.56
973p71,4624,8,0.5000,4.60
973p71,3788,8,0.5000,4.30
973p71,3641,8,0.5000,4.11
973p71,3855b,7,0.4375,29.09
3070bp01,4477,8,1.0000,4.62
3070bp01,4286,6,0.7500,4.48
3070bp01,3070bp02,5,0.6250,114.30
3070bp01,2479,5,0.6250,27.71
3070bp01,4488,5,0.6250,10.89
3070bp01,3901,5,0.6250,9.43
3070bp01,3641,5,0.6250,5.14
3070bp01,3298,5,0.6250,4.64
3070bp01,2432,5,0.6250,4.53
3070bp01,4079,5,0.6250,4.50
3070bp01,4865a,5,0.6250,4.48
3070bp01,3957a,5,0.6250,4.44
3070bp02,3641,7,0.8750,7.19
3070bp02,4315,6,0.7500,7.95
3070bp02,4600,6,0.7500,6.90
3070bp02,4624,6,0.7500,6.90
3070bp02,3938,6,0.7500,5.38
3070bp02,4589,6,0.7500,4.69
3070bp02,3070bp01,5,0.6250,114.30
3070bp02,4083,5,0.6250,10.39
3070bp02,3298,5,0.6250,4.64
3070bp02,4592,5,0.6250,4.62
3070bp02,4593,5,0.6250,4.62
3070bp02,4079,5,0.6250,4.50
3069bp08,2436a,5,1.0000,6.23
3069bp08,3008,5,1.0000,5.19
3069bp08,4477,5,1.0000,4.62
3069bp08,3832,5,1.0000,4.34
3069bp08,2453a,4,0.8000,31.63
3069bp08,3857,4,0.8000,24.90
3069bp08,3665a,4,0.8000,5.23
3069bp08,4286,4,0.8000,4.78
3069bp08,4081b,4,0.8000,4.68
3069bp08,3937,4,0.8000,4.04
3127a,3008,11,0.7857,4.08
3127a,4085c,10,0.7143,6.53
3127a,4276b,9,0.6429,8.32
3127a,4213,9,0.6429,7.13
3127a,3957a,9,0.6429,4.57
3127a,2465,7,0.5000,7.39
3127a,4315,7,0.5000,5.30
3127a,3821,7,0.5000,5.22
3127a,3822,7,0.5000,5.12
3127a,3036,7,0.5000,4.20
3127a,73037,6,0.4286,28.50
3127a,4006,6,0.4286,9.80
4289,3624,7,0.7778,10.94
4289,3684a,5,0.5556,28.03
4289,4213,5,0.5556,6.16
4289,4315,5,0.5556,5.89
4289,4079,5,0.5556,4.00
4289,2610,4,0.4444,19.12
4289,2349a,4,0.4444,14.14
4289,3962a,4,0.4444,12.04
4289,4081a,4,0.4444,9.29
4289,4175,4,0.4444,6.37
4289,4599a,4,0.4444,5.65
4289,4085c,4,0.4444,4.06
4319,4625,6,0.8571,17.42
4319,4085c,6,0.8571,7.84
4319,2436a,6,0.8571,5.34
4319,4286,6,0.8571,5.12
4319,4276b,5,0.7143,9.25
4319,4213,5,0.7143,7.92
4319,4624,5,0.7143,6.57
4319,3641,5,0.7143,5.87
4319,2432,5,0.7143,5.17
4319,4081b,5,0.7143,4.18
4319,3127a,4,0.5714,59.71
4319,73037,4,0.5714,38.00
4761,73664,7,0.8750,106.68
4761,4774c01,5,0.6250,152.40
4761,4770,5,0.6250,70.34
4761,3070a,5,0.6250,16.33
4761,4213,5,0.6250,6.93
4761,4085c,5,0.6250,5.71
4761,4755,4,0.5000,121.92
4761,4757,4,0.5000,104.50
4761,4864b,4,0.5000,14.07
4761,4625,4,0.5000,10.16
4761,4599a,4,0.5000,6.36
4761,4315,4,0.5000,5.30
73664,4770,8,0.6667,75.03
73664,4589,8,0.6667,4.17
73664,4761,7,0.5833,106.68
73664,4085c,7,0.5833,5.33
73664,4774c01,6,0.5000,121.92
73664,4755,6,0.5000,121.92
73664,4757,6,0.5000,104.50
73664,3838,6,0.5000,5.58
73664,4315,6,0.5000,5.30
73664,4624,6,0.5000,4.60
73664,3839b,5,0.4167,6.22
73664,4213,5,0.4167,4.62
4774c01,73664,6,1.0000,121.92
4774c01,3626bp01,6,1.0000,4.64
4774c01,4761,5,0.8333,152.40
4774c01,4770,5,0.8333,93.78
4774c01,4755,4,0.6667,162.56
4774c01,4085c,4,0.6667,6.10
4757,73664,6,0.8571,104.50
4757,4589,5,0.7143,4.47
4757,4755,4,0.5714,139.33
4757,4761,4,0.5714,104.50
4757,3747a,4,0.5714,6.06
4757,4315,4,0.5714,6.06
4757,2432,4,0.5714,4.14
4757,3938,4,0.5714,4.10
4757,3957a,4,0.5714,4.06
2625,4286,14,0.7778,4.64
2625,4589,12,0.6667,4.17
2625,2610,10,0.5556,23.91
2625,2555,10,0.5556,4.15
2625,2432,10,0.5556,4.02
2625,2626,9,0.5000,66.50
2625,6111,9,0.5000,7.24
2625,6019,9,0.5000,4.66
2625,4276b,8,0.4444,5.75
2625,4599a,8,0.4444,5.65
2625,4315,8,0.4444,4.71
2625,3033,8,0.4444,4.68
3626bp02,6093a,12,0.8000,55.73
3626bp02,4079,10,0.6667,4.80
3626bp02,3070a,8,0.5333,13.93
3626bp02,3626bp03,7,0.4667,24.38
3626bp02,3626bp04,7,0.4667,13.13
3626bp02,3901,7,0.4667,7.04
3626bp02,3821,7,0.4667,4.88
3626bp02,3822,7,0.4667,4.77
3626bp02,973,7,0.4667,4.46
3626bp02,4085c,7,0.4667,4.27
3626bp02,4532,6,0.4000,18.29
3626bp02,4213,6,0.4000,4.43
6016,4085c,11,0.8462,7.74
6016,6019,9,0.6923,6.45
6016,2555,9,0.6923,5.17
6016,4286,9,0.6923,4.13
6016,4214,8,0.6154,12.86
6016,4213,8,0.6154,6.82
6016,3821,8,0.6154,6.43
6016,3823,8,0.6154,6.43
6016,3822,8,0.6154,6.30
6016,3901,7,0.5385,8.12
6016,3626bp04,6,0.4615,12.99
6016,3962b,6,0.4615,12.06
6093a,4079,15,0.7143,5.15
6093a,3626bp02,12,0.5714,55.73
6093a,973,11,0.5238,5.01
6093a,4624,10,0.4762,4.38
6093a,4085c,10,0.4762,4.35
6093a,3626bp03,8,0.3810,19.90
6093a,3901,8,0.3810,5.75
6093a,3297,8,0.3810,5.57
6093a,4599a,8,0.3810,4.85
6093a,3033,8,0.3810,4.01
6093a,3675,7,0.3333,15.73
6093a,3455,7,0.3333,12.83
2626,2625,9,0.8182,66.50
2626,2610,9,0.8182,35.21
2626,3008,9,0.8182,4.24
2626,2540,9,0.8182,4.17
2626,4865a,8,0.7273,5.22
2626,4286,8,0.7273,4.34
2626,2437,7,0.6364,17.90
2626,4079,7,0.6364,4.59
2626,3938,7,0.6364,4.56
2626,2569,6,0.5455,9.61
2626,4213,6,0.5455,6.05
2626,4624,6,0.5455,5.02
973p75,3626bp04,7,1.0000,28.13
973p75,3070a,7,1.0000,26.12
973p75,3829c01,7,1.0000,4.66
973p75,3901,6,0.8571,12.93
973p75,3821,6,0.8571,8.96
973p75,3822,6,0.8571,8.77
973p75,3641,6,0.8571,7.04
973p75,4865a,6,0.8571,6.15
973p75,3962b,5,0.7143,18.66
973p75,4315,5,0.7143,7.57
973p75,3823,5,0.7143,7.46
973p75,6019,5,0.7143,6.66
973p7g,3626bp02,5,1.0000,97.53
973p7g,6093a,5,1.0000,69.67
973p7g,2437,4,0.8000,22.51
3626bp0c,973p76,5,1.0000,292.60
3626bp0c,3033,5,1.0000,10.53
3626bp0c,3938,5,1.0000,7.17
3626bp0c,4865a,5,1.0000,7.17
3626bp0c,4286,5,1.0000,5.97
3626bp0c,3008,5,1.0000,5.19
3626bp0c,3829c01,5,1.0000,4.66
3626bp0c,3794a,5,1.0000,4.62
3626bp0c,4477,5,1.0000,4.62
3626bp0c,4215a,4,0.8000,26.01
3626bp0c,3070a,4,0.8000,20.90
3626bp0c,3962b,4,0.8000,20.90
973p76,3626bp0c,5,1.0000,292.60
973p76,3033,5,1.0000,10.53
973p76,3938,5,1.0000,7.17
973p76,4865a,5,1.0000,7.17
973p76,4286,5,1.0000,5.97
973p76,3008,5,1.0000,5.19
973p76,3829c01,5,1.0000,4.66
973p76,3794a,5,1.0000,4.62
973p76,4477,5,1.0000,4.62
973p76,4215a,4,0.8000,26.01
973p76,3070a,4,0.8000,20.90
973p76,3962b,4,0.8000,20.90
3004pc0,3069bp80,4,1.0000,133.00
3004pc0,3626bp04,4,1.0000,28.13
3004pc0,3829c01,4,1.0000,4.66
821410d,4865a,5,1.0000,7.17
821410d,3829c01,5,1.0000,4.66
821410d,973p75,4,0.8000,167.20
821410d,3626bp04,4,0.8000,22.51
821410d,3070a,4,0.8000,20.90
821410d,4315,4,0.8000,8.48
821410d,4624,4,0.8000,7.36
821410d,3788,4,0.8000,6.88
821410d,3641,4,0.8000,6.58
821410d,4589,4,0.8000,5.00
821410d,3008,4,0.8000,4.15
3069bp16,973p75,4,1.0000,209.00
3069bp16,4480c01,4,1.0000,77.00
3069bp16,3626bp04,4,1.0000,28.13
3069bp16,3070a,4,1.0000,26.12
3069bp16,3901,4,1.0000,15.08
3069bp16,4315,4,1.0000,10.60
3069bp16,3823,4,1.0000,10.45
3069bp16,3641,4,1.0000,8.22
3069bp16,4865a,4,1.0000,7.17
3069bp16,4740,4,1.0000,5.76
3069bp16,3829c01,4,1.0000,4.66
973p74,973p75,4,1.0000,209.00
973p74,6016,4,1.0000,112.54
973p74,3626bp04,4,1.0000,28.13
973p74,3070a,4,1.0000,26.12
973p74,3962b,4,1.0000,26.12
973p74,3901,4,1.0000,15.08
973p74,3821,4,1.0000,10.45
973p74,3823,4,1.0000,10.45
973p74,3822,4,1.0000,10.23
973p74,6019,4,1.0000,9.32
973p74,4085c,4,1.0000,9.14
973p74,4079,4,1.0000,7.21
2871a,2920,5,1.0000,47.19
2871a,4022,5,1.0000,43.03
2871a,4531,5,1.0000,19.77
2871a,3624,5,1.0000,14.07
2871a,2877,5,1.0000,9.03
2871a,4079,5,1.0000,7.21
2871a,4162,5,1.0000,4.50
2871a,2919,4,0.8000,292.60
2871a,2876,4,0.8000,234.08
2871a,973p84,4,0.8000,146.30
2871a,4183,4,0.8000,73.15
2871a,2923,4,0.8000,61.60
2876,4477,5,1.0000,4.62
2876,2871a,4,0.8000,234.08
2876,973p84,4,0.8000,146.30
2876,4183,4,0.8000,73.15
2876,3069bp52,4,0.8000,55.73
2876,2920,4,0.8000,37.75
2876,4022,4,0.8000,34.42
2876,4531,4,0.8000,15.82
2876,3624,4,0.8000,11.25
2876,2877,4,0.8000,7.22
2876,4079,4,0.8000,5.77
2919,2871a,4,1.0000,292.60
2919,2920,4,1.0000,47.19
2919,4022,4,1.0000,43.03
2919,4531,4,1.0000,19.77
2919,3624,4,1.0000,14.07
2919,2877,4,1.0000,9.03
2919,4079,4,1.0000,7.21
2919,3035,4,1.0000,5.50
2919,3008,4,1.0000,5.19
2919,4162,4,1.0000,4.50
6542a,4519,11,1.0000,5.67
6542a,3749,11,1.0000,5.63
6542a,3705,11,1.0000,5.36
6542a,3713,11,1.0000,5.19
6542a,2850a,10,0.9091,55.42
6542a,2854,10,0.9091,30.93
6542a,2851,10,0.9091,24.18
6542a,2852,10,0.9091,23.33
6542a,3647,10,0.9091,16.22
6542a,6536,10,0.9091,7.92
6542a,4274,10,0.9091,4.09
6542a,2905,9,0.8182,41.28
2797c01-f2,3647,4,1.0000,17.84
2797c01-f2,3703,4,1.0000,16.82
2797c01-f2,3895,4,1.0000,16.44
2797c01-f2,2444,4,1.0000,14.93
2797c01-f2,3737,4,1.0000,11.61
2797c01-f2,3707,4,1.0000,9.32
2797c01-f2,3706,4,1.0000,6.31
2797c01-f2,3673,4,1.0000,5.95
2797c01-f2,4519,4,1.0000,5.67
2797c01-f2,3749,4,1.0000,5.63
2797c01-f2,3705,4,1.0000,5.36
2797c01-f2,3713,4,1.0000,5.19
75535,3749,22,0.7857,4.42
75535,3705,21,0.7500,4.02
75535,6558,19,0.6786,4.87
75535,3706,18,0.6429,4.05
75535,32013,16,0.5714,4.89
75535,6536,15,0.5357,4.67
75535,6538b,14,0.5000,19.25
75535,32123a,14,0.5000,5.85
75535,32039,14,0.5000,5.58
75535,6632,14,0.5000,4.91
75535,6553,13,0.4643,7.72
75535,2444,13,0.4643,6.93
44352,44353,4,1.0000,365.75
44352,2905,4,1.0000,50.45
44352,4716,4,1.0000,25.67
44352,32271,4,1.0000,22.51
44352,32056,4,1.0000,17.84
44352,3647,4,1.0000,17.84
44352,48989,4,1.0000,17.21
44352,32525,4,1.0000,13.30
44352,32002,4,1.0000,13.18
44352,6587,4,1.0000,12.83
44352,42003,4,1.0000,11.89
44352,3737,4,1.0000,11.61
44353,44352,4,1.0000,365.75
44353,2905,4,1.0000,50.45
44353,4716,4,1.0000,25.67
44353,32271,4,1.0000,22.51
44353,32056,4,1.0000,17.84
44353,3647,4,1.0000,17.84
44353,48989,4,1.0000,17.21
44353,32525,4,1.0000,13.30
44353,32002,4,1.0000,13.18
44353,6587,4,1.0000,12.83
44353,42003,4,1.0000,11.89
44353,3737,4,1.0000,11.61
3634,3482,12,1.0000,29.86
3634,3705,10,0.8333,4.47
3634,3713,10,0.8333,4.32
3634,3651,8,0.6667,20.75
3634,3743,8,0.6667,17.73
3634,3647,8,0.6667,11.89
3634,3702,8,0.6667,8.48
3634,3707,8,0.6667,6.21
3634,3701,8,0.6667,5.48
3634,3706,8,0.6667,4.20
3634,3648a,7,0.5833,23.71
3634,3738,7,0.5833,9.81
3652,3712,6,1.0000,69.67
3652,3648a,6,1.0000,40.64
3652,3704,6,1.0000,40.64
3652,3651,6,1.0000,31.13
3652,3647,6,1.0000,17.84
3652,3703,6,1.0000,16.82
3652,3702,6,1.0000,12.72
3652,3701,6,1.0000,8.22
3652,3706,6,1.0000,6.31
3652,3705,6,1.0000,5.36
3652,3713,6,1.0000,5.19
3652,3700,6,1.0000,4.41
3704,3706,34,0.9444,5.96
3704,3713,34,0.9444,4.90
3704,3701,33,0.9167,7.53
3704,3705,33,0.9167,4.91
3704,3673,30,0.8333,4.96
3704,3702,29,0.8056,10.25
3704,3707,29,0.8056,7.51
3704,3651,28,0.7778,24.21
3704,3647,28,0.7778,13.88
3704,3749,27,0.7500,4.22
3704,3709b,25,0.6944,9.15
3704,3894,25,0.6944,9.15
3739,3740,5,1.0000,292.60
3739,3712,5,1.0000,69.67
3739,3648a,5,1.0000,40.64
3739,3651,5,1.0000,31.13
3739,3743,5,1.0000,26.60
3739,3647,5,1.0000,17.84
3739,3702,5,1.0000,12.72
3739,3707,5,1.0000,9.32
3739,3701,5,1.0000,8.22
3739,3706,5,1.0000,6.31
3739,3705,5,1.0000,5.36
3739,3713,5,1.0000,5.19
3740,3739,5,1.0000,292.60
3740,3712,5,1.0000,69.67
3740,3648a,5,1.0000,40.64
3740,3651,5,1.0000,31.13
3740,3743,5,1.0000,26.60
3740,3647,5,1.0000,17.84
3740,3702,5,1.0000,12.72
3740,3707,5,1.0000,9.32
3740,3701,5,1.0000,8.22
3740,3706,5,1.0000,6.31
3740,3705,5,1.0000,5.36
3740,3713,5,1.0000,5.19
4143,3701,22,0.9565,7.86
4143,3706,22,0.9565,6.03
4143,3749,22,0.9565,5.38
4143,3705,22,0.9565,5.13
4143,3713,22,0.9565,4.96
4143,3700,22,0.9565,4.22
4143,3894,20,0.8696,11.46
4143,3702,20,0.8696,11.06
4143,3707,20,0.8696,8.10
4143,3647,19,0.8261,14.74
4143,3895,19,0.8261,13.58
4143,3709b,19,0.8261,10.89
4266,3700,12,1.0000,4.41
4266,3708,11,0.9167,11.66
4266,3705,11,0.9167,4.91
4266,4265a,10,0.8333,25.94
4266,3895,10,0.8333,13.70
4266,3709b,10,0.8333,10.98
4266,3894,10,0.8333,10.98
4266,3707,10,0.8333,7.77
4266,3701,10,0.8333,6.85
4266,3749,10,0.8333,4.69
4266,4143,9,0.7500,47.71
4266,3702,9,0.7500,9.54
4267,4266,5,1.0000,121.92
4267,4143,5,1.0000,63.61
4267,4261,5,1.0000,48.77
4267,3648a,5,1.0000,40.64
4267,4265a,5,1.0000,31.13
4267,3743,5,1.0000,26.60
4267,3647,5,1.0000,17.84
4267,3703,5,1.0000,16.82
4267,3895,5,1.0000,16.44
4267,3709b,5,1.0000,13.18
4267,3894,5,1.0000,13.18
4267,3702,5,1.0000,12.72
4273b,3749,11,1.0000,5.63
4273b,3705,11,1.0000,5.36
4273b,3713,11,1.0000,5.19
4273b,3700,11,1.0000,4.41
4273b,3651,10,0.9091,28.30
4273b,3647,10,0.9091,16.22
4273b,3895,10,0.9091,14.94
4273b,3894,10,0.9091,11.98
4273b,3702,10,0.9091,11.57
4273b,3701,10,0.9091,7.47
4273b,3706,10,0.9091,5.73
4273b,4143,9,0.8182,52.04
4442,4261,13,1.0000,48.77
4442,3894,13,1.0000,13.18
4442,3706,13,1.0000,6.31
4442,3749,13,1.0000,5.63
4442,3713,13,1.0000,5.19
4442,3647,12,0.9231,16.47
4442,3707,12,0.9231,8.60
4442,3705,12,0.9231,4.95
4442,3700,12,0.9231,4.07
4442,3895,11,0.8462,13.91
4442,3702,11,0.8462,10.76
4442,3737,11,0.8462,9.82
3712c01,3708,11,1.0000,12.72
3712c01,3737,11,1.0000,11.61
3712c01,3700,11,1.0000,4.41
3712c01,3703,10,0.9091,15.29
3712c01,3702,10,0.9091,11.57
3712c01,3701,10,0.9091,7.47
3712c01,3706,10,0.9091,5.73
3712c01,3673,10,0.9091,5.41
3712c01,3705,10,0.9091,4.87
3712c01,3713,10,0.9091,4.72
3712c01,3647,9,0.8182,14.60
3712c01,3738,9,0.8182,13.76
4150p01,3701,10,0.9091,7.47
4150p01,3706,10,0.9091,5.73
4150p01,3705,10,0.9091,4.87
4150p01,3713,10,0.9091,4.72
4150p01,3700,10,0.9091,4.01
4150p01,3651,9,0.8182,25.47
4150p01,4265a,9,0.8182,25.47
4150p01,3709b,9,0.8182,10.78
4150p01,3894,9,0.8182,10.78
4150p01,3707,9,0.8182,7.62
4150p01,3673,9,0.8182,4.87
4150p01,3749,9,0.8182,4.60
2712,2711,5,1.0000,81.28
2712,3648a,5,1.0000,40.64
2712,3704,5,1.0000,40.64
2712,4019,5,1.0000,35.68
2712,3647,5,1.0000,17.84
2712,3703,5,1.0000,16.82
2712,3895,5,1.0000,16.44
2712,3709b,5,1.0000,13.18
2712,3894,5,1.0000,13.18
2712,3702,5,1.0000,12.72
2712,3708,5,1.0000,12.72
2712,3737,5,1.0000,11.61
2717,3895,14,1.0000,16.44
2717,3707,14,1.0000,9.32
2717,3701,14,1.0000,8.22
2717,3706,14,1.0000,6.31
2717,3749,14,1.0000,5.63
2717,3705,14,1.0000,5.36
2717,3713,14,1.0000,5.19
2717,4265a,13,0.9286,28.90
2717,3894,13,0.9286,12.24
2717,3737,13,0.9286,10.78
2717,3700,13,0.9286,4.09
2717,3647,12,0.8571,15.29
73071,4143,5,1.0000,63.61
73071,3648a,5,1.0000,40.64
73071,3704,5,1.0000,40.64
73071,4265a,5,1.0000,31.13
73071,3743,5,1.0000,26.60
73071,3647,5,1.0000,17.84
73071,3703,5,1.0000,16.82
73071,3895,5,1.0000,16.44
73071,3894,5,1.0000,13.18
73071,3702,5,1.0000,12.72
73071,3708,5,1.0000,12.72
73071,3737,5,1.0000,11.61
973pt2,4600,6,0.8571,7.89
973pt2,2412a,5,0.7143,19.72
973pt2,4211,5,0.7143,16.08
973pt2,2460,5,0.7143,11.74
973pt2,3823,5,0.7143,7.46
973pt2,2877,5,0.7143,6.45
973pt2,2432,5,0.7143,5.17
973pt2,4865a,5,0.7143,5.12
973pt2,2436a,5,0.7143,4.45
973pt2,168185a,4,0.5714,167.20
973pt2,4210a,4,0.5714,38.00
973pt2,2584,4,0.5714,28.83
2463,3933,4,0.8000,22.08
2463,3934,4,0.8000,22.08
2463,2419,4,0.8000,12.07
2463,3838,4,0.8000,8.93
2463,6019,4,0.8000,7.45
2463,4081b,4,0.8000,4.68
4746,4592,9,0.8182,6.05
4746,4593,9,0.8182,6.05
4746,4589,8,0.7273,4.55
4746,3069bp25,7,0.6364,34.48
4746,4588,7,0.6364,32.10
4746,3838,7,0.6364,7.11
4746,3747a,6,0.5455,5.78
4746,4315,6,0.5455,5.78
4746,3298,6,0.5455,4.05
4746,3475b,5,0.4545,22.93
4746,752,5,0.4545,14.78
4746,4531,5,0.4545,8.99
4181p04,4182p04,4,1.0000,365.75
4181p04,2875,4,1.0000,182.88
4181p04,4034,4,1.0000,182.88
4181p04,973p1e,4,1.0000,97.53
4181p04,4183,4,1.0000,91.44
4181p04,973p71,4,1.0000,91.44
4181p04,3069bp25,4,1.0000,54.19
4181p04,4033,4,1.0000,54.19
4181p04,4092a,4,1.0000,52.25
4181p04,2920,4,1.0000,47.19
4181p04,4022,4,1.0000,43.03
4181p04,4530,4,1.0000,34.02
4182p04,4181p04,4,1.0000,365.75
4182p04,2875,4,1.0000,182.88
4182p04,4034,4,1.0000,182.88
4182p04,973p1e,4,1.0000,97.53
4182p04,4183,4,1.0000,91.44
4182p04,973p71,4,1.0000,91.44
4182p04,3069bp25,4,1.0000,54.19
4182p04,4033,4,1.0000,54.19
4182p04,4092a,4,1.0000,52.25
4182p04,2920,4,1.0000,47.19
4182p04,4022,4,1.0000,43.03
4182p04,4530,4,1.0000,34.02
2922a,2923,4,1.0000,77.00
2922a,3069bp52,4,1.0000,69.67
2922a,2412a,4,1.0000,27.60
2922a,4531,4,1.0000,19.77
2922a,3956,4,1.0000,16.82
2922a,2877,4,1.0000,9.03
2922a,2445,4,1.0000,7.43
2922a,3298,4,1.0000,7.43
2922a,4592,4,1.0000,7.39
2922a,4593,4,1.0000,7.39
2922a,4079,4,1.0000,7.21
2922a,3794a,4,1.0000,4.62
2875,4477,7,0.8750,4.04
2875,4079,6,0.7500,5.41
2875,4183,5,0.6250,57.15
2875,3069bp25,5,0.6250,33.87
2875,4092a,5,0.6250,32.66
2875,2920,5,0.6250,29.50
2875,4022,5,0.6250,26.89
2875,4531,5,0.6250,12.36
2875,3901,5,0.6250,9.43
2875,2877,5,0.6250,5.64
2875,4181p04,4,0.5000,182.88
2875,4182p04,4,0.5000,182.88
3134,3624,4,1.0000,14.07
3134,3035,4,1.0000,5.50
3134,3008,4,1.0000,5.19
3134,3626bp01,4,1.0000,4.64
3134,3794a,4,1.0000,4.62
3134,4162,4,1.0000,4.50
3068bp17,4079,4,1.0000,7.21
3068bp17,4865a,4,1.0000,7.17
3068bp17,3626bp01,4,1.0000,4.64
3068bp17,4477,4,1.0000,4.62
2439,4740,19,1.0000,5.76
2439,3008,15,0.7895,4.10
2439,3033,11,0.5789,6.09
2439,3823,11,0.5789,6.05
2439,4624,11,0.5789,5.33
2439,4079,11,0.5789,4.17
2439,4865a,11,0.5789,4.15
2439,3957a,11,0.5789,4.11
2439,3821,10,0.5263,5.50
2439,3822,10,0.5263,5.38
2439,3641,10,0.5263,4.33
2439,3857,9,0.4737,14.74
2484c01,6015,7,0.8750,13.06
2484c01,4083,5,0.6250,10.39
2484c01,3823,5,0.6250,6.53
2484c01,3176,4,0.5000,5.34
2484c01,3821,4,0.5000,5.22
2484c01,3822,4,0.5000,5.12
2484c01,4624,4,0.5000,4.60
2927,3937,5,1.0000,5.04
2927,2926,4,0.8000,32.51
2927,3833,4,0.8000,16.03
2927,6015,4,0.8000,11.94
2927,6134,4,0.8000,10.18
2927,3176,4,0.8000,8.54
2927,3823,4,0.8000,8.36
3039pc1,2569,5,1.0000,17.63
3039pc1,3838,5,1.0000,11.17
3039pc1,4315,5,1.0000,10.60
3039pc1,4589,5,1.0000,6.25
3039pc1,4740,5,1.0000,5.76
3039pc1,3794a,5,1.0000,4.62
3039pc1,3069bp21,4,0.8000,195.07
3039pc1,2923,4,0.8000,61.60
3039pc1,2507,4,0.8000,58.52
3039pc1,3475b,4,0.8000,40.36
3039pc1,2419,4,0.8000,12.07
3039pc1,3297,4,0.8000,11.70
3069bp21,2569,6,1.0000,17.63
3069bp21,3838,6,1.0000,11.17
3069bp21,4589,6,1.0000,6.25
3069bp21,3475b,5,0.8333,42.04
3069bp21,4315,5,0.8333,8.83
3069bp21,6019,5,0.8333,7.77
3069bp21,2555,5,0.8333,6.22
3069bp21,2357,5,0.8333,5.14
3069bp21,4740,5,0.8333,4.80
3069bp21,3626bp63,4,0.6667,243.83
3069bp21,973p63,4,0.6667,243.83
3069bp21,3039pc1,4,0.6667,195.07
3069bp28,3838,5,0.8333,9.31
3069bp28,973p66,4,0.6667,162.56
3069bp28,3068bp51,4,0.6667,139.33
3069bp28,4859,4,0.6667,9.03
3069bp28,4589,4,0.6667,4.17
3069bp28,2357,4,0.6667,4.12
3039pc7,2362a,4,1.0000,58.52
3039pc7,2419,4,1.0000,15.08
3039pc7,3838,4,1.0000,11.17
3039pc7,3794a,4,1.0000,4.62
4591,3838,24,0.9600,10.72
4591,4589,17,0.6800,4.25
4591,2569,16,0.6400,11.28
4591,4276b,16,0.6400,8.29
4591,4859,15,0.6000,8.13
4591,4315,15,0.6000,6.36
4591,3747a,15,0.6000,6.36
4591,3956,14,0.5600,9.42
4591,3839b,14,0.5600,8.36
4591,3938,14,0.5600,4.02
4591,4229,13,0.5200,22.38
4591,2452,13,0.5200,13.12
4730,3838,23,0.7931,8.86
4730,4276b,19,0.6552,8.48
4730,4275b,17,0.5862,10.46
4730,2569,15,0.5172,9.12
4730,2419,15,0.5172,7.80
4730,3839b,15,0.5172,7.72
4730,4315,15,0.5172,5.48
4730,3747a,14,0.4828,5.12
4730,3933,13,0.4483,12.37
4730,3934,13,0.4483,12.37
4730,4859,13,0.4483,6.07
4730,4229,12,0.4138,17.81
3068bp51,3838,6,0.8571,9.57
3068bp51,973p66,5,0.7143,174.17
3068bp51,2419,5,0.7143,10.77
3068bp51,3626bp66,4,0.5714,167.20
3068bp51,3069bp28,4,0.5714,139.33
3068bp51,3475b,4,0.5714,28.83
3068bp51,2452,4,0.5714,14.41
3068bp51,2569,4,0.5714,10.07
3068bp51,3839b,4,0.5714,8.53
3068bp51,4859,4,0.5714,7.74
3068bp51,6143,4,0.5714,7.53
3068bp51,4276b,4,0.5714,7.40
6118,3838,9,0.9000,10.05
6118,3673,9,0.9000,5.35
6118,2419,7,0.7000,10.56
6118,2817,6,0.6000,11.40
6118,2569,6,0.6000,10.58
6118,4276b,6,0.6000,7.77
6118,4591,5,0.5000,29.26
6118,4598,5,0.5000,19.25
6118,2452,5,0.5000,12.61
6118,6143,5,0.5000,6.59
6118,4315,5,0.5000,5.30
6118,6120,4,0.4000,53.20
973p66,3838,6,1.0000,11.17
973p66,3626bp66,5,0.8333,243.83
973p66,3068bp51,5,0.8333,174.17
973p66,3069bp28,4,0.6667,162.56
973p66,3475b,4,0.6667,33.63
973p66,2419,4,0.6667,10.05
973p66,3839b,4,0.6667,9.95
973p66,4589,4,0.6667,4.17
2744,3713,17,0.8095,4.20
2744,3737,13,0.6190,7.19
2744,3707,13,0.6190,5.77
2744,3701,13,0.6190,5.09
2744,3895,12,0.5714,9.39
2744,3894,12,0.5714,7.53
2744,4085c,11,0.5238,4.79
2744,4019,10,0.4762,16.99
2744,3647,10,0.4762,8.50
2744,3709b,10,0.4762,6.28
2744,3702,10,0.4762,6.06
2744,4282,10,0.4762,4.25
6048,4859,5,0.7143,9.68
6048,4085c,5,0.7143,6.53
6048,4221,4,0.5714,139.33
6048,3613,4,0.5714,92.89
6048,75535,4,0.5714,29.86
6048,3956,4,0.5714,9.61
6048,2444,4,0.5714,8.53
6048,973,4,0.5714,5.46
6048,3794b,4,0.5714,4.75
6048,2445,4,0.5714,4.24
6048,2432,4,0.5714,4.14
6048,4865a,4,0.5714,4.10
3626bp63,973p63,4,1.0000,365.75
3626bp63,3069bp21,4,1.0000,243.83
3626bp63,3475b,4,1.0000,50.45
3626bp63,2569,4,1.0000,17.63
3626bp63,3839b,4,1.0000,14.93
3626bp63,3838,4,1.0000,11.17
3626bp63,6019,4,1.0000,9.32
3626bp63,4589,4,1.0000,6.25
3626bp63,4081b,4,1.0000,5.85
3626bp63,4740,4,1.0000,5.76
3626bp63,3008,4,1.0000,5.19
3626bp63,2540,4,1.0000,5.10
973p63,3626bp63,4,1.0000,365.75
973p63,3069bp21,4,1.0000,243.83
973p63,3475b,4,1.0000,50.45
973p63,2569,4,1.0000,17.63
973p63,3839b,4,1.0000,14.93
973p63,3838,4,1.0000,11.17
973p63,6019,4,1.0000,9.32
973p63,4589,4,1.0000,6.25
973p63,4081b,4,1.0000,5.85
973p63,4740,4,1.0000,5.76
973p63,3008,4,1.0000,5.19
973p63,2540,4,1.0000,5.10
3626bp66,973p66,5,1.0000,243.83
3626bp66,3838,5,1.0000,11.17
3626bp66,3068bp51,4,0.8000,167.20
3626bp66,3475b,4,0.8000,40.36
3626bp66,4589,4,0.8000,5.00
4221,3957a,5,0.8333,5.92
4221,6048,4,0.6667,139.33
4221,3612,4,0.6667,121.92
4221,3956,4,0.6667,11.21
4221,3838,4,0.6667,7.45
2409,4598,6,1.0000,38.50
2409,4276b,6,1.0000,12.95
2409,3838,6,1.0000,11.17
2409,4589,6,1.0000,6.25
2409,4740,6,1.0000,5.76
2409,3832,6,1.0000,4.34
2409,2401,5,0.8333,101.60
2409,4590,5,0.8333,17.17
2409,3680,5,0.8333,12.44
2409,3679,5,0.8333,12.19
2409,3938,5,0.8333,5.98
2409,2357,5,0.8333,5.14
2681,4589,7,1.0000,6.25
2681,3008,7,1.0000,5.19
2681,4162,7,1.0000,4.50
2681,4276b,6,0.8571,11.10
2681,2436a,6,0.8571,5.34
2681,4740,6,0.8571,4.94
2681,3035,6,0.8571,4.71
2681,2449,5,0.7143,25.49
2681,752,5,0.7143,23.22
2681,3959,5,0.7143,15.14
2681,3956,5,0.7143,12.01
2681,2465,5,0.7143,10.56
6082,2555,6,1.0000,7.46
6082,2357,6,1.0000,6.17
6082,2540,6,1.0000,5.10
6082,6083,5,0.8333,121.92
6082,4286,5,0.8333,4.98
6082,3008,5,0.8333,4.32
6082,6020,4,0.6667,33.63
6082,4625,4,0.6667,13.55
6082,4213,4,0.6667,7.39
6082,6019,4,0.6667,6.21
6082,4085c,4,0.6667,6.10
6082,4589,4,0.6667,4.17
2418b,3937,4,1.0000,5.04
4597,3838,8,0.7273,8.12
4597,4590,6,0.5455,11.24
4597,4592,6,0.5455,4.03
4597,4593,6,0.5455,4.03
4597,4859,5,0.4545,6.16
4597,3639,4,0.3636,22.17
4597,4591,4,0.3636,21.28
4597,4229,4,0.3636,15.65
4597,4531,4,0.3636,7.19
4597,3956,4,0.3636,6.11
4597,4623,4,0.3636,5.32
4597,4213,4,0.3636,4.03
3650c,4519,9,1.0000,5.67
3650c,3749,9,1.0000,5.63
3650c,3705,9,1.0000,5.36
3650c,3713,9,1.0000,5.19
3650c,2780,9,1.0000,4.41
3650c,2825,8,0.8889,20.32
3650c,3647,8,0.8889,15.86
3650c,6558,8,0.8889,6.37
3650c,3706,8,0.8889,5.61
3650c,4274,8,0.8889,4.00
3650c,4019,7,0.7778,27.75
3650c,3743,7,0.7778,20.69
6577,3705,7,0.8750,4.69
6577,3713,7,0.8750,4.54
6577,4019,6,0.7500,26.76
6577,3647,6,0.7500,13.38
6577,3895,6,0.7500,12.33
6577,3894,6,0.7500,9.89
6577,3702,6,0.7500,9.54
6577,3737,6,0.7500,8.71
6577,3707,6,0.7500,6.99
6577,3701,6,0.7500,6.16
6577,3706,6,0.7500,4.73
6577,3673,6,0.7500,4.46
2738,3895,5,1.0000,16.44
2738,3894,5,1.0000,13.18
2738,3737,5,1.0000,11.61
2738,3707,5,1.0000,9.32
2738,3701,5,1.0000,8.22
2738,3706,5,1.0000,6.31
2738,3673,5,1.0000,5.95
2738,3749,5,1.0000,5.63
2738,3705,5,1.0000,5.36
2738,3713,5,1.0000,5.19
2738,3326b,4,0.8000,90.03
2738,2711,4,0.8000,65.02
973p81,2432,6,0.6667,4.83
973p81,3626bp05,4,0.4444,50.02
973p81,2610,4,0.4444,19.12
973p81,6015,4,0.4444,6.63
973p81,3821,4,0.4444,4.64
973p81,3822,4,0.4444,4.55
973p81,4624,4,0.4444,4.09
3626bp05,6015,6,0.4615,6.89
3626bp05,4085c,6,0.4615,4.22
3626bp05,4213,5,0.3846,4.26
3626bp05,6157,5,0.3846,4.11
3626bp05,4315,5,0.3846,4.08
3626bp05,3821,5,0.3846,4.02
3626bp05,3823,5,0.3846,4.02
3626bp05,973p81,4,0.3077,50.02
3626bp05,2513,4,0.3077,40.92
3626bp05,3069bp52,4,0.3077,21.44
3626bp05,55295,4,0.3077,20.46
3626bp05,55296,4,0.3077,20.46
3039pc6,4477,9,0.9000,4.15
3039pc6,4085c,8,0.8000,7.32
3039pc6,2555,8,0.8000,5.97
3039pc6,2432,8,0.8000,5.79
3039pc6,4079,8,0.8000,5.77
3039pc6,4865a,8,0.8000,5.74
3039pc6,3962b,7,0.7000,18.29
3039pc6,2569,7,0.7000,12.34
3039pc6,4286,7,0.7000,4.18
3039pc6,4740,7,0.7000,4.03
3039pc6,4859,6,0.6000,8.13
3039pc6,4276b,6,0.6000,7.77
3626bp7e,4865a,5,1.0000,7.17
3626bp7e,3829c01,5,1.0000,4.66
3626bp7e,3962b,4,0.8000,20.90
3626bp7e,6015,4,0.8000,11.94
3626bp7e,4600,4,0.8000,7.36
3626bp7e,4085c,4,0.8000,7.32
3626bp7e,2432,4,0.8000,5.79
3626bp7e,4286,4,0.8000,4.78
281,3995,4,1.0000,365.75
281,3996,4,1.0000,365.75
281,u9102,4,1.0000,45.72
281,u9100,4,1.0000,35.68
281,u9101,4,1.0000,35.68
281,u9103,4,1.0000,35.68
3995,281,4,1.0000,365.75
3995,3996,4,1.0000,365.75
3995,u9102,4,1.0000,45.72
3995,u9100,4,1.0000,35.68
3995,u9101,4,1.0000,35.68
3995,u9103,4,1.0000,35.68
3996,281,4,1.0000,365.75
3996,3995,4,1.0000,365.75
3996,u9102,4,1.0000,45.72
3996,u9100,4,1.0000,35.68
3996,u9101,4,1.0000,35.68
3996,u9103,4,1.0000,35.68
u589p01c01,u9102,4,1.0000,45.72
u589p01c01,u9100,4,1.0000,35.68
u589p01c01,u9101,4,1.0000,35.68
u589p01c01,u9103,4,1.0000,35.68
4093a,4180c02,4,1.0000,86.06
4093a,4092a,4,1.0000,52.25
4093a,3029,4,1.0000,10.30
4093a,3008,4,1.0000,5.19
4033c01,4180c02,6,1.0000,86.06
4033c01,4022c01,5,0.8333,101.60
4033c01,3624,5,0.8333,11.72
4033c01,3029,5,0.8333,8.59
4033c01,3298,5,0.8333,6.19
4033c01,3241ac04,4,0.6667,195.07
4033c01,4035c01,4,0.6667,162.56
4033c01,501bc01,4,0.6667,139.33
4033c01,4166a,4,0.6667,121.92
4033c01,4509,4,0.6667,97.53
4033c01,4183,4,0.6667,60.96
4033c01,4092a,4,0.6667,34.83
4023c02,3624,4,1.0000,14.07
4023c02,3626bp01,4,1.0000,4.64
3496c01,3008,8,1.0000,5.19
3496c01,3626bp01,7,0.8750,4.06
3496c01,973,6,0.7500,7.17
3496c01,3856,5,0.6250,26.89
3496c01,3853,5,0.6250,16.93
3496c01,4183,4,0.5000,45.72
3496c01,3625,4,0.5000,27.09
3496c01,4092a,4,0.5000,26.12
3496c01,4625,4,0.5000,10.16
3496c01,3901,4,0.5000,7.54
4023,4180c02,5,1.0000,86.06
4023,3006,4,0.8000,18.58
3890c01,u9100,7,1.0000,35.68
3890c01,u9101,7,1.0000,35.68
3890c01,u9103,7,1.0000,35.68
3890c01,u9102,6,0.8571,39.19
3890c01,4222a,5,0.7143,87.08
3890c01,3741ac01,5,0.7143,24.30
3890c01,6264,4,0.5714,46.44
3890c01,3033,4,0.5714,6.01
4223,4222a,7,1.0000,121.92
4223,6264,7,1.0000,81.28
4223,u9100,7,1.0000,35.68
4223,u9101,7,1.0000,35.68
4223,u9103,7,1.0000,35.68
4223,4072,4,0.5714,104.50
4223,4071,4,0.5714,64.31
4223,u9102,4,0.5714,26.12
4223,3741ac01,4,0.5714,19.44
4223,4095,4,0.5714,17.79
4223,3033,4,0.5714,6.01
4222a,u9100,12,1.0000,35.68
4222a,u9101,12,1.0000,35.68
4222a,u9103,12,1.0000,35.68
4222a,6264,9,0.7500,60.96
4222a,4223,7,0.5833,121.92
4222a,u9102,7,0.5833,26.67
4222a,3741ac01,6,0.5000,17.01
4222a,3890c01,5,0.4167,87.08
4222a,4072,5,0.4167,76.20
4222a,4071,5,0.4167,46.89
4222a,4336,4,0.3333,121.92
4222a,4429,4,0.3333,54.19
4336,4222a,4,1.0000,121.92
4336,u9100,4,1.0000,35.68
4336,u9101,4,1.0000,35.68
4336,u9103,4,1.0000,35.68
4324,u9102,4,1.0000,45.72
4324,u9100,4,1.0000,35.68
4324,u9101,4,1.0000,35.68
4324,u9103,4,1.0000,35.68
4362ac01,u9100,5,1.0000,35.68
4362ac01,u9101,5,1.0000,35.68
4362ac01,u9103,5,1.0000,35.68
4362ac01,u609,4,0.8000,195.07
4362ac01,4463,4,0.8000,167.20
4362ac01,u608,4,0.8000,167.20
4362ac01,4461,4,0.8000,146.30
u9140p01c01,u9102,5,1.0000,45.72
u9140p01c01,u9100,5,1.0000,35.68
u9140p01c01,u9101,5,1.0000,35.68
u9140p01c01,u9103,5,1.0000,35.68
3334,u9100,7,1.0000,35.68
3334,u9101,7,1.0000,35.68
3334,u9103,7,1.0000,35.68
3334,u9102,5,0.7143,32.66
3334,4072,4,0.5714,104.50
3334,4071,4,0.5714,64.31
3334,3027,4,0.5714,9.39
3334,3033,4,0.5714,6.01
4463,4461,7,1.0000,182.88
4463,u9100,7,1.0000,35.68
4463,u9101,7,1.0000,35.68
4463,u9103,7,1.0000,35.68
4463,u609,6,0.8571,209.00
4463,u608,6,0.8571,179.14
4463,u9102,5,0.7143,32.66
4463,4452,4,0.5714,209.00
4463,4362ac01,4,0.5714,167.20
u609,4463,6,1.0000,209.00
u609,u608,6,1.0000,209.00
u609,4461,6,1.0000,182.88
u609,u9100,6,1.0000,35.68
u609,u9101,6,1.0000,35.68
u609,u9103,6,1.0000,35.68
u609,4452,4,0.6667,243.83
u609,4362ac01,4,0.6667,195.07
u609,u9102,4,0.6667,30.48
4452,u609,4,1.0000,243.83
4452,4463,4,1.0000,209.00
4452,u608,4,1.0000,209.00
4452,4461,4,1.0000,182.88
4452,u9102,4,1.0000,45.72
4452,u9100,4,1.0000,35.68
4452,u9101,4,1.0000,35.68
4452,u9103,4,1.0000,35.68
749,u9102,5,1.0000,45.72
749,u9100,5,1.0000,35.68
749,u9101,5,1.0000,35.68
749,u9103,5,1.0000,35.68
749,u9204c01,4,0.8000,195.07
2695,2696,4,0.8000,292.60
2695,3894,4,0.8000,10.54
2695,3749,4,0.8000,4.50
2695,3705,4,0.8000,4.29
2695,3713,4,0.8000,4.15
2696,2695,4,1.0000,292.60
2696,3713,4,1.0000,5.19
422,3626ap01,6,0.7500,15.45
422,3823,5,0.6250,6.53
422,4084,4,0.5000,13.55
422,3821,4,0.5000,5.22
422,3822,4,0.5000,5.12
422,973,4,0.5000,4.78
422,3641,4,0.5000,4.11
3876,3847,5,0.6250,48.12
3876,4085a,5,0.6250,13.65
3876,4491a,4,0.5000,38.50
3876,4493c02,4,0.5000,38.50
3876,4497,4,0.5000,26.12
3876,3626ap01,4,0.5000,10.30
3876,4488,4,0.5000,8.71
30179,3035,6,1.0000,5.50
30179,6636,5,0.8333,4.53
30179,57895,4,0.6667,40.64
30179,3857,4,0.6667,20.75
30179,3901,4,0.6667,10.05
30179,3029,4,0.6667,6.87
30179,973,4,0.6667,6.37
30179,2877,4,0.6667,6.02
30179,3036,4,0.6667,5.61
30179,4592,4,0.6667,4.93
30179,4593,4,0.6667,4.93
30179,3957a,4,0.6667,4.73
6120,3838,7,0.6364,7.11
6120,3069bp61,6,0.5455,114.00
6120,6117,6,0.5455,66.50
6120,3030,6,0.5455,4.64
6120,3298p61,5,0.4545,133.00
6120,973p62,5,0.4545,110.83
6120,3069bp13,5,0.4545,66.50
6120,2569,5,0.4545,8.01
6120,2419,5,0.4545,6.86
6120,4623,5,0.4545,6.65
6120,6143,5,0.4545,5.99
6120,4276b,5,0.4545,5.88
73312,3041,7,0.8750,60.96
73312,4448,6,0.7500,57.75
73312,4447,6,0.7500,54.86
73312,4445,6,0.7500,24.38
73312,3038,6,0.7500,13.55
73312,4079,6,0.7500,5.41
73312,3855b,5,0.6250,41.56
73312,3043,5,0.6250,35.17
73312,4530,5,0.6250,21.26
73312,3899,5,0.6250,10.27
73312,3957a,5,0.6250,4.44
73312,4528,4,0.5000,23.60
2498,4600,5,0.8333,7.67
2498,4624,5,0.8333,7.67
2498,3788,5,0.8333,7.17
2498,3641,5,0.8333,6.85
2498,2555,5,0.8333,6.22
2498,4599a,4,0.6667,8.48
2498,3821,4,0.6667,6.97
2498,3822,4,0.6667,6.82
2498,2877,4,0.6667,6.02
2498,2436a,4,0.6667,4.15
2498,2357,4,0.6667,4.12
973p20,2423,4,1.0000,40.64
973p20,3901,4,1.0000,15.08
973p20,4599a,4,1.0000,12.72
973p20,4079,4,1.0000,7.21
973p20,3941,4,1.0000,5.54
973p20,4477,4,1.0000,4.62
3626bp09,973,7,1.0000,9.56
3626bp09,3815b,6,0.8571,15.67
3626bp09,4079,6,0.8571,6.18
3626bp09,44728,6,0.8571,5.73
3626bp09,50745,5,0.7143,24.30
3626bp09,4488,5,0.7143,12.44
3626bp09,6015,5,0.7143,10.66
3626bp09,30414,5,0.7143,5.74
3626bp09,48336,5,0.7143,5.20
3626bp09,3665a,5,0.7143,4.67
3626bp09,60475a,4,0.5714,49.18
3626bp09,60594,4,0.5714,22.59
3626bp87,2445,5,0.8333,6.19
3626bp87,52501,4,0.6667,28.69
3626bp87,44302a,4,0.6667,27.09
3626bp87,50745,4,0.6667,22.68
3626bp87,30413,4,0.6667,15.99
3626bp87,3815b,4,0.6667,12.19
3626bp87,6015,4,0.6667,9.95
3626bp87,3821,4,0.6667,6.97
3626bp87,3822,4,0.6667,6.82
3626bp87,2877,4,0.6667,6.02
3626bp87,32028,4,0.6667,4.10
3626bp85,4079,9,0.7500,5.41
3626bp85,3815b,7,0.5833,10.67
3626bp85,4085c,7,0.5833,5.33
3626bp85,3957a,7,0.5833,4.14
3626bp85,3901,6,0.5000,7.54
3626bp85,3297,6,0.5000,7.31
3626bp85,30413,5,0.4167,9.99
3626bp85,2465,5,0.4167,6.16
3626bp85,3624,5,0.4167,5.86
3626bp85,2456,5,0.4167,4.52
3626bp85,6093a,4,0.3333,23.22
3626bp85,4215b,4,0.3333,16.26
3626bp81,4589,8,0.7273,4.55
3626bp81,3815b,7,0.6364,11.64
3626bp81,4032b,6,0.5455,16.98
3626bp81,6231,6,0.5455,5.54
3626bp81,30413,5,0.4545,10.90
3626bp81,3901,5,0.4545,6.86
3626bp81,4282,5,0.4545,4.05
3626bp81,51011,4,0.3636,35.47
3626bp81,44568,4,0.3636,28.00
3626bp81,44302a,4,0.3636,14.78
3626bp81,30377,4,0.3636,12.98
3626bp81,30363,4,0.3636,10.04
750,2877,5,0.8333,7.53
750,3037,5,0.8333,6.77
750,2555,5,0.8333,6.22
750,3298,5,0.8333,6.19
750,4286,5,0.8333,4.98
750,3035,5,0.8333,4.58
750,6134,4,0.6667,8.48
750,4085c,4,0.6667,6.10
750,3036,4,0.6667,5.61
750,2445,4,0.6667,4.95
750,2357,4,0.6667,4.12
50946,3794b,4,1.0000,8.31
973p73,3829c01,9,1.0000,4.66
973p73,6015,6,0.6667,9.95
973p73,3821,6,0.6667,6.97
973p73,3822,6,0.6667,6.82
973p73,4600,6,0.6667,6.13
973p73,3788,6,0.6667,5.74
973p73,4865a,6,0.6667,4.78
973p73,2357,6,0.6667,4.12
973p73,3626bp04,5,0.5556,15.63
973p73,4315,5,0.5556,5.89
973p73,4624,5,0.5556,5.11
973p73,2432,5,0.5556,4.02
2617,2436a,7,1.0000,6.23
2617,3008,7,1.0000,5.19
2617,4162,7,1.0000,4.50
2617,2642,6,0.8571,209.00
2617,3901,6,0.8571,12.93
2617,4624,6,0.8571,7.89
2617,3641,6,0.8571,7.04
2617,4079,6,0.8571,6.18
2617,4589,6,0.8571,5.36
2617,3941,6,0.8571,4.75
2617,3002,6,0.8571,4.07
2617,3070a,5,0.7143,18.66
2642,2617,6,1.0000,209.00
2642,4624,6,1.0000,9.20
2642,3641,6,1.0000,8.22
2642,4079,6,1.0000,7.21
2642,4589,6,1.0000,6.25
2642,2436a,6,1.0000,6.23
2642,3008,6,1.0000,5.19
2642,3829c01,6,1.0000,4.66
2642,3794a,6,1.0000,4.62
2642,4162,6,1.0000,4.50
2642,3070a,5,0.8333,21.77
2642,3901,5,0.8333,12.57
3039p12,2465,5,0.8333,12.31
3039p12,3624,5,0.8333,11.72
3039p12,4079,5,0.8333,6.01
3039p12,3008,5,0.8333,4.32
3039p12,3070a,4,0.6667,17.42
3039p12,4282,4,0.6667,5.95
3039p12,3036,4,0.6667,5.61
3039p12,3641,4,0.6667,5.48
3039p12,4865a,4,0.6667,4.78
3039p12,4589,4,0.6667,4.17
3039p12,2436a,4,0.6667,4.15
3754,3937,5,1.0000,5.04
3754,3829c01,5,1.0000,4.66
3754,4477,5,1.0000,4.62
3754,4162,5,1.0000,4.50
3754,3899,4,0.8000,13.15
3754,2465,4,0.8000,11.82
3754,3624,4,0.8000,11.25
3754,3821,4,0.8000,8.36
3754,3822,4,0.8000,8.18
3754,4282,4,0.8000,7.14
3754,3036,4,0.8000,6.73
3754,4079,4,0.8000,5.77
973p83,3036,5,1.0000,8.41
973p83,4079,5,1.0000,7.21
973p83,3070a,4,0.8000,20.90
973p83,2465,4,0.8000,11.82
973p83,4175,4,0.8000,11.47
973p83,3624,4,0.8000,11.25
973p83,3033,4,0.8000,8.42
973p83,3941,4,0.8000,4.43
973p83,3008,4,0.8000,4.15
4444,3957a,11,0.8462,6.01
4444,4497,10,0.7692,40.19
4444,3626ap01,10,0.7692,15.85
4444,3673,10,0.7692,4.57
4444,3896,9,0.6923,84.40
4444,3844,9,0.6923,56.27
4444,3847,9,0.6923,53.31
4444,4491a,9,0.6923,53.31
4444,4493c02,9,0.6923,53.31
4444,4498,9,0.6923,53.31
4444,4499,9,0.6923,53.31
4444,4495a,9,0.6923,31.65
2493a,4079,8,1.0000,7.21
2493a,3901,6,0.7500,11.31
2493a,2494,5,0.6250,60.96
2493a,4528,5,0.6250,29.50
2493a,3857,5,0.6250,19.45
2493a,2343,5,0.6250,16.33
2493a,4599a,5,0.6250,7.95
2493a,3741ac01,4,0.5000,17.01
2493a,4530,4,0.5000,17.01
2493a,3821,4,0.5000,5.22
2493a,3822,4,0.5000,5.12
2493a,4624,4,0.5000,4.60
3626bp07,4079,5,1.0000,7.21
3626bp07,3941,5,1.0000,5.54
3626bp07,3794a,5,1.0000,4.62
3626bp07,4477,5,1.0000,4.62
3626bp07,4625,4,0.8000,16.26
3626bp07,3901,4,0.8000,12.07
3626bp07,3030,4,0.8000,6.80
3626bp07,3008,4,0.8000,4.15
2470,2488,6,0.8571,125.40
2470,3069bp03,5,0.7143,104.50
2470,30133,5,0.7143,80.38
2470,30141,5,0.7143,65.31
2470,30132,5,0.7143,47.50
2470,2926,5,0.7143,29.03
2470,3679,5,0.7143,10.45
2470,6157,5,0.7143,7.63
2470,4865a,5,0.7143,5.12
2470,4493c04,4,0.5714,139.33
2470,973pw5,4,0.5714,139.33
2470,3626bpw1,4,0.5714,119.43
30141,30132,12,0.7500,49.88
30141,3069bp03,10,0.6250,91.44
30141,4865a,10,0.6250,4.48
30141,30133,9,0.5625,63.30
30141,2555,9,0.5625,4.20
30141,3629,8,0.5000,43.03
30141,30136,7,0.4375,8.21
30141,973pw5,6,0.3750,91.44
30141,3626bpw1,6,0.3750,78.38
30141,30135,6,0.3750,60.96
30141,4491b,6,0.3750,49.88
30141,3841,6,0.3750,28.87
3069bp03,30141,10,1.0000,91.44
3069bp03,30132,10,1.0000,66.50
3069bp03,30133,9,0.9000,101.28
3069bp03,3629,8,0.8000,68.85
3069bp03,2555,7,0.7000,5.22
3069bp03,4865a,7,0.7000,5.02
3069bp03,973pw5,6,0.6000,146.30
3069bp03,3626bpw1,6,0.6000,125.40
3069bp03,4491b,6,0.6000,79.80
3069bp03,30139,5,0.5000,146.30
3069bp03,2470,5,0.5000,104.50
3069bp03,30135,5,0.5000,81.28
3626bpw1,30133,7,1.0000,112.54
3626bpw1,973pw5,6,0.8571,209.00
3626bpw1,3069bp03,6,0.8571,125.40
3626bpw1,30141,6,0.8571,78.37
3626bpw1,3629,6,0.8571,73.76
3626bpw1,30132,6,0.8571,57.00
3626bpw1,2555,6,0.8571,6.40
3626bpw1,30139,4,0.5714,167.20
3626bpw1,4493c04,4,0.5714,139.33
3626bpw1,2470,4,0.5714,119.43
3626bpw1,4491b,4,0.5714,76.00
3626bpw1,4493c01,4,0.5714,49.18
4493c04,2357,5,0.8333,5.14
4493c04,973pw5,4,0.6667,162.56
4493c04,2470,4,0.6667,139.33
4493c04,3626bpw1,4,0.6667,139.33
4493c04,2488,4,0.6667,97.53
4493c04,3069bp03,4,0.6667,97.53
4493c04,4491b,4,0.6667,88.67
4493c04,30133,4,0.6667,75.03
4493c04,30141,4,0.6667,60.96
4493c04,3629,4,0.6667,57.37
4493c04,4493c01,4,0.6667,57.37
4493c04,30132,4,0.6667,44.33
4508,3679,8,1.0000,14.63
4508,4623,6,0.7500,10.97
4508,4865a,5,0.6250,4.48
4508,4587,4,0.5000,121.92
4508,2470,4,0.5000,104.50
4508,2488,4,0.5000,73.15
4508,4489a,4,0.5000,60.96
4508,2926,4,0.5000,20.32
4508,3176,4,0.5000,5.34
4508,6157,4,0.5000,5.34
973pw5,3626bpw1,6,1.0000,209.00
973pw5,3069bp03,6,1.0000,146.30
973pw5,30133,6,1.0000,112.54
973pw5,30141,6,1.0000,91.44
973pw5,3629,6,1.0000,86.06
973pw5,30132,6,1.0000,66.50
973pw5,2555,6,1.0000,7.46
973pw5,30139,4,0.6667,195.07
973pw5,4493c04,4,0.6667,162.56
973pw5,2470,4,0.6667,139.33
973pw5,4491b,4,0.6667,88.67
973pw5,4493c01,4,0.6667,57.37
3626bp35,2555,7,0.7000,5.22
3626bp35,70501a,6,0.6000,97.53
3626bp35,70501b,6,0.6000,87.78
3626bp35,70501c,6,0.6000,79.80
3626bp35,2562,5,0.5000,146.30
3626bp35,2543,5,0.5000,104.50
3626bp35,70501d,5,0.5000,81.28
3626bp35,2530,5,0.5000,48.77
3626bp35,2489,5,0.5000,23.60
3626bp35,4213,5,0.5000,5.54
3626bp35,2527,4,0.4000,65.02
3626bp35,4504,4,0.4000,29.26
3626bp62,973p62,5,0.5556,135.46
3626bp62,3679,5,0.5556,8.13
3626bp62,4623,5,0.5556,8.13
3626bp62,4276b,5,0.5556,7.19
3626bp62,3838,5,0.5556,6.20
3626bp62,2555,5,0.5556,4.15
3626bp62,973pw7,4,0.4444,162.56
3626bp62,3069bp61,4,0.4444,92.89
3626bp62,3069bp03,4,0.4444,65.02
3626bp62,6120,4,0.4444,59.11
3626bp62,6117,4,0.4444,54.19
3626bp62,30133,4,0.4444,50.02
3626bpw2,3069bp03,4,1.0000,146.30
3626bpw2,30133,4,1.0000,112.54
3626bpw2,30141,4,1.0000,91.44
3626bpw2,3629,4,1.0000,86.06
3626bpw2,30132,4,1.0000,66.50
3626bpw2,2555,4,1.0000,7.46
3626bpw2,4865a,4,1.0000,7.17
3626bpw2,4286,4,1.0000,5.97
3629pw2,973pw4,4,1.0000,365.75
3629pw2,3069bp03,4,1.0000,146.30
3629pw2,30133,4,1.0000,112.54
3629pw2,30141,4,1.0000,91.44
3629pw2,3629,4,1.0000,86.06
3629pw2,30132,4,1.0000,66.50
3629pw2,2555,4,1.0000,7.46
4346pw01,3069bp03,4,1.0000,146.30
4346pw01,30133,4,1.0000,112.54
4346pw01,30141,4,1.0000,91.44
4346pw01,3629,4,1.0000,86.06
4346pw01,30132,4,1.0000,66.50
4346pw01,4345b,4,1.0000,29.86
4346pw01,2555,4,1.0000,7.46
4346pw01,4865a,4,1.0000,7.17
4346pw01,4286,4,1.0000,5.97
973pw4,3629pw2,4,1.0000,365.75
973pw4,3069bp03,4,1.0000,146.30
973pw4,30133,4,1.0000,112.54
973pw4,30141,4,1.0000,91.44
973pw4,3629,4,1.0000,86.06
973pw4,30132,4,1.0000,66.50
973pw4,2555,4,1.0000,7.46
973pw7,3626bp62,4,1.0000,162.56
973pw7,3069bp03,4,1.0000,146.30
973pw7,30133,4,1.0000,112.54
973pw7,30141,4,1.0000,91.44
973pw7,3629,4,1.0000,86.06
973pw7,30132,4,1.0000,66.50
973pw7,2555,4,1.0000,7.46
973pw7,4865a,4,1.0000,7.17
973pw7,4286,4,1.0000,5.97
4587,4623,6,1.0000,14.63
4587,4508,4,0.6667,121.92
4587,4489a,4,0.6667,81.28
4587,3679,4,0.6667,9.75
2551,2526,4,0.8000,146.30
2551,2527,4,0.8000,130.04
2551,2542,4,0.8000,117.04
2551,2530,4,0.8000,78.03
2551,3659,4,0.8000,14.10
2551,3957a,4,0.8000,5.68
2551,4081b,4,0.8000,4.68
3137c02,3137c01,4,1.0000,104.50
3844,4497,16,0.8889,46.44
3844,4495a,13,0.7222,33.02
3844,3848,12,0.6667,60.96
3844,3626ap01,12,0.6667,13.74
3844,3896,11,0.6111,74.50
3844,3847,11,0.6111,47.06
3844,3957a,11,0.6111,4.34
3844,4493c01,10,0.5556,47.81
3844,4491a,10,0.5556,42.78
3844,3849,10,0.5556,31.26
3844,4460a,10,0.5556,11.29
3844,4444,9,0.5000,56.27
3848,4497,14,0.8750,45.72
3848,3844,12,0.7500,60.96
3848,3626ap01,12,0.7500,15.45
3848,4495a,11,0.6875,31.43
3848,3957a,11,0.6875,4.88
3848,3896,10,0.6250,76.20
3848,3847,9,0.5625,43.31
3848,4491a,9,0.5625,43.31
3848,4498,9,0.5625,43.31
3848,4499,9,0.5625,43.31
3848,3849,9,0.5625,31.65
3848,4460a,9,0.5625,11.43
3896,4497,12,1.0000,52.25
3896,3626ap01,12,1.0000,20.61
3896,3844,11,0.9167,74.50
3896,3848,10,0.8333,76.20
3896,4498,10,0.8333,64.17
3896,4499,10,0.8333,64.17
3896,4495a,10,0.8333,38.10
3896,4444,9,0.7500,84.40
3896,3847,9,0.7500,57.75
3896,4491a,9,0.7500,57.75
3896,3957a,9,0.7500,5.33
3896,3673,9,0.7500,4.46
4491a,4497,14,0.7368,38.50
4491a,3847,13,0.6842,52.68
4491a,4493c02,13,0.6842,52.68
4491a,4495a,13,0.6842,31.28
4491a,4498,12,0.6316,48.63
4491a,4499,12,0.6316,48.63
4491a,3626ap01,12,0.6316,13.01
4491a,87692,11,0.5789,77.00
4491a,3957a,11,0.5789,4.11
4491a,973p40,10,0.5263,70.00
4491a,3844,10,0.5263,42.78
4491a,3849,10,0.5263,29.62
4493c01,3844,10,0.5882,47.81
4493c01,4497,9,0.5294,27.66
4493c01,4491a,8,0.4706,36.24
4493c01,4493c02,8,0.4706,36.24
4493c01,4495a,8,0.4706,21.51
4493c01,4460a,8,0.4706,9.56
4493c01,4503,7,0.4118,60.24
4493c01,4491b,7,0.4118,54.76
4493c01,4489a,7,0.4118,50.20
4493c01,3849,7,0.4118,23.17
4493c01,973p40,6,0.3529,46.94
4493c01,3848,6,0.3529,32.27
4493c02,3847,13,0.6842,52.68
4493c02,4491a,13,0.6842,52.68
4493c02,4497,11,0.5789,30.25
4493c02,4495a,11,0.5789,26.47
4493c02,3626ap01,11,0.5789,11.93
4493c02,87692,10,0.5263,70.00
4493c02,3849,10,0.5263,29.62
4493c02,4503,9,0.4737,69.30
4493c02,973p40,9,0.4737,63.00
4493c02,4444,9,0.4737,53.31
4493c02,4498,9,0.4737,36.47
4493c02,4499,9,0.4737,36.47
973p40,3849,11,1.0000,56.27
973p40,4495a,11,1.0000,45.72
973p40,4491a,10,0.9091,70.00
973p40,3847,9,0.8182,63.00
973p40,4493c02,9,0.8182,63.00
973p40,4497,9,0.8182,42.75
973p40,3626ap01,9,0.8182,16.86
973p40,4503,8,0.7273,106.40
973p40,87692,8,0.7273,96.73
973p40,3896,8,0.7273,88.67
973p40,3844,8,0.7273,59.11
973p40,3957a,8,0.7273,5.17
3846p4g,3896,6,1.0000,121.92
3846p4g,3848,6,1.0000,91.44
3846p4g,4497,6,1.0000,52.25
3846p4g,3626ap01,6,1.0000,20.61
3846p4g,973p42,5,0.8333,152.40
3846p4g,3844,5,0.8333,67.73
3846p4g,4498,5,0.8333,64.17
3846p4g,4499,5,0.8333,64.17
3846p4g,4495a,5,0.8333,38.10
3846p4g,3846p4h,4,0.6667,162.56
3846p4g,973p40,4,0.6667,88.67
3846p4g,4444,4,0.6667,75.03
3846p4h,973p42,5,0.8333,152.40
3846p4h,3896,5,0.8333,101.60
3846p4h,3848,5,0.8333,76.20
3846p4h,3844,5,0.8333,67.73
3846p4h,4497,5,0.8333,43.54
3846p4h,3626ap01,5,0.8333,17.17
3846p4h,3846p4g,4,0.6667,162.56
3846p4h,3847,4,0.6667,51.33
3846p4h,4498,4,0.6667,51.33
3846p4h,4499,4,0.6667,51.33
3846p4h,4495a,4,0.6667,30.48
4444p01,4444,5,1.0000,112.54
4444p01,3844,5,1.0000,81.28
4444p01,3626ap01,5,1.0000,20.61
4444p01,3673,5,1.0000,5.95
4444p01,3700,5,1.0000,4.41
4444p01,4524,4,0.8000,195.07
4444p01,973p42,4,0.8000,146.30
4444p01,3896,4,0.8000,97.53
4444p01,3848,4,0.8000,73.15
4444p01,4498,4,0.8000,61.60
4444p01,4499,4,0.8000,61.60
4444p01,4497,4,0.8000,41.80
4444p02,4498,5,1.0000,77.00
4444p02,4499,5,1.0000,77.00
4444p02,4497,5,1.0000,52.25
4444p02,4490,5,1.0000,35.68
4444p02,3830,5,1.0000,21.84
4444p02,3831,5,1.0000,21.84
4444p02,3957a,5,1.0000,7.10
4444p02,3665a,5,1.0000,6.53
4444p02,3700,5,1.0000,4.41
4444p02,3832,5,1.0000,4.34
4444p02,3896,4,0.8000,97.53
4444p02,4444,4,0.8000,90.03
4503,4491a,9,0.9000,69.30
4503,4493c02,9,0.9000,69.30
4503,3849,9,0.9000,50.64
4503,4497,9,0.9000,47.03
4503,4495a,9,0.9000,41.15
4503,3957a,9,0.9000,6.39
4503,973p40,8,0.8000,106.40
4503,3844,8,0.8000,65.02
4503,3847,8,0.8000,61.60
4503,87692,7,0.7000,93.10
4503,3896,7,0.7000,85.34
4503,4444,7,0.7000,78.78
4524,4444,6,1.0000,112.54
4524,3626ap01,6,1.0000,20.61
4524,3673,6,1.0000,5.95
4524,3700,6,1.0000,4.41
4524,4503,5,0.8333,121.92
4524,973p40,5,0.8333,110.83
4524,3896,5,0.8333,101.60
4524,3844,5,0.8333,67.73
4524,3847,5,0.8333,64.17
4524,4491a,5,0.8333,64.17
4524,4493c02,5,0.8333,64.17
4524,4498,5,0.8333,64.17
87692,4491a,11,1.0000,77.00
87692,3847,10,0.9091,70.00
87692,4493c02,10,0.9091,70.00
87692,4497,9,0.8182,42.75
87692,4495a,9,0.8182,37.41
87692,3957a,9,0.8182,5.81
87692,973p40,8,0.7273,96.73
87692,4444,8,0.7273,81.85
87692,4498,8,0.7273,56.00
87692,4499,8,0.7273,56.00
87692,3849,8,0.7273,40.92
87692,3626ap01,8,0.7273,14.99
973p42,3848,8,1.0000,91.44
973p42,3844,8,1.0000,81.28
973p42,3626ap01,8,1.0000,20.61
973p42,3896,7,0.8750,106.68
973p42,4497,7,0.8750,45.72
973p42,4498,6,0.7500,57.75
973p42,4499,6,0.7500,57.75
973p42,3846p4g,5,0.6250,152.40
973p42,3846p4h,5,0.6250,152.40
973p42,4444,5,0.6250,70.34
973p42,4495a,5,0.6250,28.57
973p42,4444p01,4,0.5000,146.30
32527,32528,7,1.0000,209.00
32527,32524,7,1.0000,10.30
32527,32526,7,1.0000,10.23
32527,6632,7,1.0000,9.82
32527,32523,7,1.0000,8.87
32527,6536,7,1.0000,8.71
32527,32073,7,1.0000,8.51
32527,32054,7,1.0000,8.27
32527,6558,7,1.0000,7.17
32527,4519,7,1.0000,5.67
32527,32062,7,1.0000,5.52
32527,3705,7,1.0000,5.36
32528,32527,7,1.0000,209.00
32528,32524,7,1.0000,10.30
32528,32526,7,1.0000,10.23
32528,6632,7,1.0000,9.82
32528,32523,7,1.0000,8.87
32528,6536,7,1.0000,8.71
32528,32073,7,1.0000,8.51
32528,32054,7,1.0000,8.27
32528,6558,7,1.0000,7.17
32528,4519,7,1.0000,5.67
32528,32062,7,1.0000,5.52
32528,3705,7,1.0000,5.36
30384,3941,5,1.0000,5.54
30384,3298,4,0.8000,5.94
30384,4865a,4,0.8000,5.74
30384,4589,4,0.8000,5.00
30384,2436a,4,0.8000,4.98
30384,2357,4,0.8000,4.94
30384,3937,4,0.8000,4.04
30256,3832,5,1.0000,4.34
30256,973,4,0.8000,7.65
30256,3036,4,0.8000,6.73
30256,44728,4,0.8000,5.34
30256,3665a,4,0.8000,5.23
30256,4740,4,0.8000,4.61
41855,2436a,9,0.6923,4.31
41855,6157,6,0.4615,4.93
41855,51719,4,0.3077,8.18
41855,30383,4,0.3077,7.26
41855,30602,4,0.3077,5.85
42445,2445,7,0.8750,6.50
42445,6636,7,0.8750,4.76
42445,2444,5,0.6250,9.33
42445,4599a,5,0.6250,7.95
42445,3029,5,0.6250,6.44
42445,30374,5,0.6250,5.22
42445,30414,5,0.6250,5.02
42445,2555,5,0.6250,4.67
42445,30552,4,0.5000,25.22
42445,3245a,4,0.5000,21.51
42445,30413,4,0.5000,11.99
42445,32014,4,0.5000,10.60
44375a,6636,5,1.0000,5.44
44375a,4162,5,1.0000,4.50
44375a,3030,4,0.8000,6.80
3039ps1,3029,5,1.0000,10.30
3039ps1,3037,5,1.0000,8.13
3039ps1,3298,5,1.0000,7.43
3039ps1,3035,5,1.0000,5.50
3039ps1,30365,4,0.8000,46.82
3039ps1,2456,4,0.8000,8.67
3039ps1,3747a,4,0.8000,8.48
3039ps1,30374,4,0.8000,6.69
3039ps1,3701,4,0.8000,6.58
3039ps1,2555,4,0.8000,5.97
3039ps1,4589,4,0.8000,5.00
3039ps1,4286,4,0.8000,4.78
30042,2555,4,1.0000,7.46
30042,6636,4,1.0000,5.44
30042,2540,4,1.0000,5.10
70501a,70501c,9,1.0000,133.00
70501a,70501b,8,0.8889,130.04
70501a,70501d,7,0.7778,126.43
70501a,2357,7,0.7778,4.80
70501a,3008,7,0.7778,4.04
70501a,3626bp35,6,0.6667,97.53
70501a,2530,6,0.6667,65.02
70501a,2489,6,0.6667,31.46
70501a,3036,6,0.6667,5.61
70501a,4865a,6,0.6667,4.78
70501a,2562,5,0.5556,162.56
70501a,2543,5,0.5556,116.11
70501b,70501c,10,1.0000,133.00
70501b,70501d,9,0.9000,146.30
70501b,70501a,8,0.8000,130.04
70501b,2357,8,0.8000,4.94
70501b,2489,7,0.7000,33.04
70501b,4865a,7,0.7000,5.02
70501b,3626bp35,6,0.6000,87.78
70501b,2530,6,0.6000,58.52
70501b,4213,6,0.6000,6.65
70501b,2555,6,0.6000,4.48
70501b,2562,5,0.5000,146.30
70501b,2543,5,0.5000,104.50
70501c,70501b,10,0.9091,133.00
70501c,70501a,9,0.8182,133.00
70501c,70501d,9,0.8182,133.00
70501c,2357,9,0.8182,5.05
70501c,4865a,8,0.7273,5.22
70501c,3035,8,0.7273,4.00
70501c,2530,7,0.6364,62.07
70501c,2489,7,0.6364,30.03
70501c,4213,7,0.6364,7.05
70501c,2555,7,0.6364,4.75
70501c,2527,6,0.5455,88.67
70501c,3626bp35,6,0.5455,79.80
70501d,70501b,9,1.0000,146.30
70501d,70501c,9,1.0000,133.00
70501d,70501a,7,0.7778,126.43
70501d,2357,7,0.7778,4.80
70501d,2530,6,0.6667,65.02
70501d,2489,6,0.6667,31.46
70501d,4865a,6,0.6667,4.78
70501d,2562,5,0.5556,162.56
70501d,2543,5,0.5556,116.11
70501d,3626bp35,5,0.5556,81.28
70501d,3659,5,0.5556,9.79
70501d,4213,5,0.5556,6.16
3626bpa3,2540,4,1.0000,5.10
2418a,3937,10,1.0000,5.04
2418a,3626bp01,10,1.0000,4.64
2418a,3838,9,0.9000,10.05
2418a,4085b,7,0.7000,13.30
2418a,3956,7,0.7000,11.77
2418a,3479,6,0.6000,25.82
2418a,4275b,6,0.6000,10.70
2418a,2419,6,0.6000,9.05
2418a,4276b,6,0.6000,7.77
2418a,3747a,6,0.6000,6.36
2418a,2443,5,0.5000,146.30
2418a,973p51,5,0.5000,48.77
3069bp06,3838,12,0.8571,9.57
3069bp06,4592,11,0.7857,5.81
3069bp06,4593,11,0.7857,5.81
3069bp06,4589,11,0.7857,4.91
3069bp06,3957a,10,0.7143,5.07
3069bp06,4229,9,0.6429,27.66
3069bp06,4476,8,0.5714,30.96
3069bp06,4735,8,0.5714,10.32
3069bp06,3938,8,0.5714,4.10
3069bp06,4596,7,0.5000,22.86
3069bp06,4595,7,0.5000,12.83
3069bp06,4275b,7,0.5000,8.92
3069bp05,3838,4,1.0000,11.17
3069bp05,3626bp01,4,1.0000,4.64
92251p01,92244,5,1.0000,48.77
92251p01,92248,5,1.0000,48.77
92251p01,92245,5,1.0000,45.72
92251p01,87087,5,1.0000,8.46
92251p01,3741a,4,0.8000,68.85
92251p01,33291,4,0.8000,25.44
92251p01,48336,4,0.8000,5.82
92251p01,44728,4,0.8000,5.34
94717,94718,5,1.0000,292.60
94717,94724,5,1.0000,292.60
94717,92244,5,1.0000,48.77
94717,92248,5,1.0000,48.77
94717,92245,5,1.0000,45.72
94717,33291,5,1.0000,31.80
94717,94720,4,0.8000,292.60
94717,94723,4,0.8000,292.60
94717,3741a,4,0.8000,68.85
94717,3742,4,0.8000,58.52
94717,87580,4,0.8000,8.87
94717,3958,4,0.8000,5.65
94718,94717,5,1.0000,292.60
94718,94724,5,1.0000,292.60
94718,92244,5,1.0000,48.77
94718,92248,5,1.0000,48.77
94718,92245,5,1.0000,45.72
94718,33291,5,1.0000,31.80
94718,94720,4,0.8000,292.60
94718,94723,4,0.8000,292.60
94718,3741a,4,0.8000,68.85
94718,3742,4,0.8000,58.52
94718,87580,4,0.8000,8.87
94718,3958,4,0.8000,5.65
94720,94723,4,1.0000,365.75
94720,94717,4,1.0000,292.60
94720,94718,4,1.0000,292.60
94720,94724,4,1.0000,292.60
94720,92244,4,1.0000,48.77
94720,92248,4,1.0000,48.77
94720,92245,4,1.0000,45.72
94720,33291,4,1.0000,31.80
94723,94720,4,1.0000,365.75
94723,94717,4,1.0000,292.60
94723,94718,4,1.0000,292.60
94723,94724,4,1.0000,292.60
94723,92244,4,1.0000,48.77
94723,92248,4,1.0000,48.77
94723,92245,4,1.0000,45.72
94723,33291,4,1.0000,31.80
94724,94717,5,1.0000,292.60
94724,94718,5,1.0000,292.60
94724,92244,5,1.0000,48.77
94724,92248,5,1.0000,48.77
94724,92245,5,1.0000,45.72
94724,33291,5,1.0000,31.80
94724,94720,4,0.8000,292.60
94724,94723,4,0.8000,292.60
94724,3741a,4,0.8000,68.85
94724,3742,4,0.8000,58.52
94724,87580,4,0.8000,8.87
94724,3958,4,0.8000,5.65
4496,4488,4,0.8000,13.93
6079,3833,5,0.5556,11.13
6079,2877,5,0.5556,5.02
6079,4079,5,0.5556,4.00
6079,52031,4,0.4444,17.11
6079,58176,4,0.4444,13.83
6079,3747b,4,0.4444,10.49
6079,60470a,4,0.4444,10.32
6079,3837,4,0.4444,8.67
6079,3815b,4,0.4444,8.13
6079,973,4,0.4444,4.25
6079,4085c,4,0.4444,4.06
92241p05,92198p05,4,1.0000,209.00
92241p05,92257,4,1.0000,146.30
92241p05,3741a,4,1.0000,86.06
92241p05,92244,4,1.0000,48.77
92241p05,92248,4,1.0000,48.77
92241p05,92245,4,1.0000,45.72
92241p05,33291,4,1.0000,31.80
93352,92198p04,4,1.0000,209.00
93352,92244,4,1.0000,48.77
93352,92248,4,1.0000,48.77
93352,92245,4,1.0000,45.72
51595,3794b,4,1.0000,8.31
51595,50950,4,1.0000,8.17
51595,2555,4,1.0000,7.46
51595,48336,4,1.0000,7.28
51595,2432,4,1.0000,7.24
51595,3957a,4,1.0000,7.10
51595,44728,4,1.0000,6.68
51595,32028,4,1.0000,6.15
51595,4519,4,1.0000,5.67
51595,3749,4,1.0000,5.63
51595,4477,4,1.0000,4.62
51595,4162,4,1.0000,4.50
58827,2432,4,1.0000,7.24
58827,4162,4,1.0000,4.50
3846p46,3844,6,0.8571,69.67
3846p46,4497,6,0.8571,44.79
3846p46,4495a,6,0.8571,39.19
3846p46,973p43,5,0.7143,149.29
3846p46,4503,5,0.7143,104.50
3846p46,973p40,5,0.7143,95.00
3846p46,3896,5,0.7143,87.08
3846p46,3847,5,0.7143,55.00
3846p46,4491a,5,0.7143,55.00
3846p46,4498,5,0.7143,55.00
3846p46,4499,5,0.7143,55.00
3846p46,3849,5,0.7143,40.19
973p43,3844,7,1.0000,81.28
973p43,4497,7,1.0000,52.25
973p43,3846p46,5,0.7143,149.29
973p43,4495a,5,0.7143,32.66
973p43,3957a,5,0.7143,5.07
973p43,3846p45,4,0.5714,119.43
973p43,3896,4,0.5714,69.67
973p43,4493c01,4,0.5714,49.18
973p43,3847,4,0.5714,44.00
973p43,4491a,4,0.5714,44.00
973p43,4498,4,0.5714,44.00
973p43,4499,4,0.5714,44.00
2335p30,2543,4,1.0000,209.00
2335p30,2530,4,1.0000,97.53
2335p30,3957a,4,1.0000,7.10
2543,2530,6,0.8571,83.60
2543,3957a,6,0.8571,6.09
2543,2562,5,0.7143,209.00
2543,70501a,5,0.7143,116.11
2543,70501d,5,0.7143,116.11
2543,3626bp35,5,0.7143,104.50
2543,70501b,5,0.7143,104.50
2543,70501c,5,0.7143,95.00
2543,2335p30,4,0.5714,209.00
2543,2542,4,0.5714,83.60
2543,2489,4,0.5714,26.97
2543,3659,4,0.5714,10.07
2526,3957a,6,0.7500,5.33
2526,3659,5,0.6250,11.02
2526,4213,5,0.6250,6.93
2526,3036,5,0.6250,5.26
2526,2531,4,0.5000,146.30
2526,2551,4,0.5000,146.30
2526,2527,4,0.5000,81.28
2526,2542,4,0.5000,73.15
2526,2530,4,0.5000,48.77
2526,2343,4,0.5000,13.06
2526,2452,4,0.5000,12.61
2542,3957a,8,0.8000,5.68
2542,3659,6,0.6000,10.58
2542,4865a,6,0.6000,4.30
2542,2530,5,0.5000,48.77
2542,2551,4,0.4000,117.04
2542,2543,4,0.4000,83.60
2542,2526,4,0.4000,73.15
2542,2527,4,0.4000,65.02
2542,3853,4,0.4000,10.84
2542,2343,4,0.4000,10.45
2542,4625,4,0.4000,8.13
2542,2465,4,0.4000,5.91
4507,2357,4,1.0000,6.17
2539,3933,4,0.8000,22.08
2539,3934,4,0.8000,22.08
2539,2452,4,0.8000,20.18
2539,4590,4,0.8000,16.48
2539,4276b,4,0.8000,10.36
2539,4286,4,0.8000,4.78
2562,2543,5,1.0000,209.00
2562,70501a,5,1.0000,162.56
2562,70501d,5,1.0000,162.56
2562,3626bp35,5,1.0000,146.30
2562,70501b,5,1.0000,146.30
2562,70501c,5,1.0000,133.00
2562,2530,5,1.0000,97.53
2562,2489,4,0.8000,37.75
2562,3036,4,0.8000,6.73
2562,3957a,4,0.8000,5.68
2531,2540,5,1.0000,5.10
2531,2526,4,0.8000,146.30
4738b,4497,5,0.7143,37.32
4738b,3815b,5,0.7143,13.06
4738b,4739a,4,0.5714,209.00
4738b,4085b,4,0.5714,10.86
4738b,3957a,4,0.5714,4.06
6104,2569,8,0.8000,14.10
6104,2419,7,0.7000,10.56
6104,4276b,7,0.7000,9.06
6104,3838,7,0.7000,7.82
6104,4589,7,0.7000,4.38
6104,2357,7,0.7000,4.32
6104,4286,7,0.7000,4.18
6104,4275b,6,0.6000,10.70
6104,4859,6,0.6000,8.13
6104,3747a,6,0.6000,6.36
6104,6019,6,0.6000,5.59
6104,3626bp69,5,0.5000,52.25
30091,973,6,1.0000,9.56
30091,4315,4,0.6667,7.07
30091,6019,4,0.6667,6.21
30091,4085c,4,0.6667,6.10
30091,2432,4,0.6667,4.83
2635,3008,5,1.0000,5.19
2635,3002,5,1.0000,4.75
2635,4162,5,1.0000,4.50
2635,2362b,4,0.8000,30.80
2635,3833,4,0.8000,16.03
2635,6015,4,0.8000,11.94
2635,4624,4,0.8000,7.36
2635,4085c,4,0.8000,7.32
2635,3641,4,0.8000,6.58
2635,2432,4,0.8000,5.79
2635,4079,4,0.8000,5.77
2635,4286,4,0.8000,4.78
2621,2555,4,1.0000,7.46
2621,4286,4,1.0000,5.97
2621,3832,4,1.0000,4.34
3626bps3,3794a,4,1.0000,4.62
3039pc3,4859,5,1.0000,13.55
3039pc3,6019,5,1.0000,9.32
3039pc3,4081b,5,1.0000,5.85
3039pc3,2507,4,0.8000,58.52
3039pc3,2412a,4,0.8000,22.08
3039pc3,3933,4,0.8000,22.08
3039pc3,3934,4,0.8000,22.08
3039pc3,4315,4,0.8000,8.48
3039pc3,3958,4,0.8000,5.65
3039pc3,4286,4,0.8000,4.78
3039pc5,4859,13,1.0000,13.55
3039pc5,4315,9,0.6923,7.34
3039pc5,2432,9,0.6923,5.01
3039pc5,2399,8,0.6154,52.96
3039pc5,4855,8,0.6154,18.01
3039pc5,4854,8,0.6154,14.07
3039pc5,4624,8,0.6154,5.66
3039pc5,4085c,8,0.6154,5.63
3039pc5,2555,8,0.6154,4.59
3039pc5,4865a,8,0.6154,4.41
3039pc5,4856,7,0.5385,21.88
3039pc5,3626bp04,7,0.5385,15.15
30010,4079,4,0.8000,5.77
30010,4589,4,0.8000,5.00
30010,3008,4,0.8000,4.15
3040p01,3747a,5,1.0000,10.60
3040p01,4282,5,1.0000,8.92
3040p01,4081b,5,1.0000,5.85
3040p01,4349,4,0.8000,14.82
3040p01,4859,4,0.8000,10.84
3040p01,3298,4,0.8000,5.94
3040p01,3937,4,0.8000,4.04
2507,4315,20,1.0000,10.60
2507,4859,17,0.8500,11.51
2507,3838,16,0.8000,8.93
2507,4589,15,0.7500,4.69
2507,2419,13,0.6500,9.80
2507,4276b,13,0.6500,8.42
2507,6019,13,0.6500,6.06
2507,4275b,12,0.6000,10.70
2507,3747a,12,0.6000,6.36
2507,2569,11,0.5500,9.69
2507,2340,10,0.5000,20.32
2507,4229,9,0.4500,19.36
32007,2780,5,1.0000,4.41
32007,6629,4,0.8000,16.48
32007,6558,4,0.8000,5.74
32007,3705,4,0.8000,4.29
30155,3029,4,0.8000,8.24
30367aps1,4589,4,1.0000,6.25
6069,4589,7,0.7000,4.38
6069,4855,5,0.5000,14.63
6069,4854,5,0.5000,11.43
6069,4859,5,0.5000,6.77
6069,4276b,5,0.5000,6.47
6069,4085c,5,0.5000,4.57
6069,2399,4,0.4000,34.42
6069,3069bp68,4,0.4000,23.41
6069,4275b,4,0.4000,7.14
61068,48336,7,0.7000,5.10
61068,3665a,7,0.7000,4.57
61068,6019,6,0.6000,5.59
61068,50950,6,0.6000,4.90
61068,30414,6,0.6000,4.82
61068,2445,6,0.6000,4.46
61068,44728,6,0.6000,4.01
61068,60478,5,0.5000,5.12
61068,3036,5,0.5000,4.20
61068,3701,5,0.5000,4.11
61068,44302a,4,0.4000,16.26
61068,52031,4,0.4000,15.40
3865,3853,5,0.3846,10.42
3865,3624,5,0.3846,5.41
3865,3898,4,0.3077,34.63
3865,4515,4,0.3077,18.76
3865,3675,4,0.3077,14.52
3865,3901,4,0.3077,4.64
30027a,6157,29,0.7838,8.37
30027a,44674,14,0.3784,9.71
30027a,50943,13,0.3514,10.94
30027a,50947,11,0.2973,9.67
30027a,51719,10,0.2703,7.19
30027a,50951,10,0.2703,5.49
30027a,50949,8,0.2162,10.20
30027a,30602,8,0.2162,4.11
30027a,41854,6,0.1622,10.31
30027a,3626bp04,6,0.1622,4.56
30027a,2335,6,0.1622,4.39
86501,6157,8,1.0000,10.68
86501,3673,8,1.0000,5.95
86501,4274,8,1.0000,4.50
86501,44674,7,0.8750,22.46
86501,59443,7,0.8750,7.03
86501,2555,7,0.8750,6.53
86501,2436a,7,0.8750,5.45
86501,32028,7,0.8750,5.38
86501,3749,7,0.8750,4.92
86501,2444,6,0.7500,11.20
86501,3788,6,0.7500,6.45
86501,3794b,6,0.7500,6.23
60700,44728,13,1.0000,6.68
60700,50950,12,0.9231,7.54
60700,6157,11,0.8462,9.04
60700,2436a,10,0.7692,4.79
60700,51719,8,0.6154,16.37
60700,44674,8,0.6154,15.79
60700,50951,8,0.6154,12.50
60700,30602,7,0.5385,10.23
60700,50947,6,0.4615,15.01
60700,30236,5,0.3846,11.03
60700,41862,4,0.3077,28.13
60700,50949,4,0.3077,14.52
42074,51719,6,1.0000,26.60
42074,44674,6,1.0000,25.67
42074,50951,6,1.0000,20.32
42074,6157,6,1.0000,10.68
42074,3788,6,1.0000,8.61
42074,2555,5,0.8333,6.22
42074,2436a,5,0.8333,5.19
42074,50947,4,0.6667,21.67
42074,30553,4,0.6667,15.48
42074,32014,4,0.6667,14.14
42074,30374,4,0.6667,5.57
42074,44728,4,0.6667,4.45
50946p01,50943,5,1.0000,31.13
50946p01,6157,5,1.0000,10.68
50946p01,3794b,5,1.0000,8.31
50946p01,41854,4,0.8000,50.89
50946p01,44674,4,0.8000,20.53
50946p01,4624,4,0.8000,7.36
50946p01,3788,4,0.8000,6.88
50946p01,3037,4,0.8000,6.50
50946p01,6091,4,0.8000,5.97
50946p01,2432,4,0.8000,5.79
4611,4071,5,1.0000,112.54
4611,2357,5,1.0000,6.17
4611,4493c02,4,0.8000,61.60
4611,3857,4,0.8000,24.90
4611,3029,4,0.8000,8.24
4611,3035,4,0.8000,4.40
973pw2,3626bp39,4,1.0000,292.60
973pw2,30135,4,1.0000,162.56
973pw2,3069bp03,4,1.0000,146.30
973pw2,30133,4,1.0000,112.54
973pw2,2530,4,1.0000,97.53
973pw2,30141,4,1.0000,91.44
973pw2,30132,4,1.0000,66.50
30139,3069bp03,5,1.0000,146.30
30139,4491b,5,1.0000,133.00
30139,30133,5,1.0000,112.54
30139,30141,5,1.0000,91.44
30139,3629,5,1.0000,86.06
30139,30132,5,1.0000,66.50
30139,2555,5,1.0000,7.46
30139,3069bpw1,4,0.8000,292.60
30139,973pw5,4,0.8000,195.07
30139,3626bpw1,4,0.8000,167.20
30139,70501c,4,0.8000,106.40
30139,4493c01,4,0.8000,68.85
3069bpw1,30139,4,1.0000,292.60
3069bpw1,3069bp03,4,1.0000,146.30
3069bpw1,4491b,4,1.0000,133.00
3069bpw1,70501c,4,1.0000,133.00
3069bpw1,30133,4,1.0000,112.54
3069bpw1,30141,4,1.0000,91.44
3069bpw1,3629,4,1.0000,86.06
3069bpw1,30132,4,1.0000,66.50
3069bpw1,30137,4,1.0000,66.50
3069bpw1,30136,4,1.0000,18.76
3069bpw1,4213,4,1.0000,11.08
3069bpw1,2555,4,1.0000,7.46
4489a,4488,9,0.7500,13.06
4489a,4493c01,7,0.5833,50.20
4489a,3844,7,0.5833,47.41
4489a,4497,7,0.5833,30.48
4489a,4623,6,0.5000,7.31
4489a,2488,5,0.4167,60.96
4489a,3848,5,0.4167,38.10
4489a,3626ap01,5,0.4167,8.59
4489a,3679,5,0.4167,6.10
4489a,4587,4,0.3333,81.28
4489a,2470,4,0.3333,69.67
4489a,973p42,4,0.3333,60.96
973p68,2569,9,1.0000,17.63
973p68,3838,9,1.0000,11.17
973p68,3626bp01,9,1.0000,4.64
973p68,4740,8,0.8889,5.12
973p68,3069bp68,7,0.7778,45.52
973p68,3962a,7,0.7778,21.07
973p68,4589,7,0.7778,4.86
973p68,4346p68,6,0.6667,162.56
973p68,4590,6,0.6667,13.74
973p68,3839b,6,0.6667,9.95
973p68,4588,5,0.5556,28.03
973p68,4735,5,0.5556,10.03
2516,3838,15,0.8333,9.31
2516,2569,13,0.7222,12.73
2516,4276b,12,0.6667,8.63
2516,2452,10,0.5556,14.01
2516,2419,10,0.5556,8.38
2516,4275b,9,0.5000,8.92
2516,3839b,9,0.5000,7.46
2516,4623,9,0.5000,7.31
2516,4859,9,0.5000,6.77
2516,3747a,9,0.5000,5.30
2516,4315,9,0.5000,5.30
2516,4591,8,0.4444,26.01
2582p68,3068bp68,4,1.0000,365.75
2582p68,4346p68,4,1.0000,243.83
2582p68,973p68,4,1.0000,162.56
2582p68,3069bp68,4,1.0000,58.52
2582p68,4588,4,1.0000,50.45
2582p68,3962a,4,1.0000,27.09
2582p68,4735,4,1.0000,18.06
2582p68,2569,4,1.0000,17.63
2582p68,2465,4,1.0000,14.78
2582p68,4859,4,1.0000,13.55
2582p68,3838,4,1.0000,11.17
2582p68,4315,4,1.0000,10.60
3068bp68,2582p68,4,1.0000,365.75
3068bp68,4346p68,4,1.0000,243.83
3068bp68,973p68,4,1.0000,162.56
3068bp68,3069bp68,4,1.0000,58.52
3068bp68,4588,4,1.0000,50.45
3068bp68,3962a,4,1.0000,27.09
3068bp68,4735,4,1.0000,18.06
3068bp68,2569,4,1.0000,17.63
3068bp68,2465,4,1.0000,14.78
3068bp68,4859,4,1.0000,13.55
3068bp68,3838,4,1.0000,11.17
3068bp68,4315,4,1.0000,10.60
4346p68,973p68,6,1.0000,162.56
4346p68,3962a,6,1.0000,27.09
4346p68,2569,6,1.0000,17.63
4346p68,3838,6,1.0000,11.17
4346p68,4740,6,1.0000,5.76
4346p68,3626bp01,6,1.0000,4.64
4346p68,3069bp68,5,0.8333,48.77
4346p68,4859,5,0.8333,11.29
4346p68,4589,5,0.8333,5.21
4346p68,2582p68,4,0.6667,243.83
4346p68,3068bp68,4,0.6667,243.83
4346p68,2516,4,0.6667,54.19
2593,2569,7,1.0000,17.63
2593,3838,7,1.0000,11.17
2593,3938,6,0.8571,6.15
2593,3937,6,0.8571,4.32
2593,4730,5,0.7143,36.03
2593,4590,5,0.7143,14.72
2593,4859,5,0.7143,9.68
2593,2434,4,0.5714,38.00
2593,2466,4,0.5714,32.15
2593,4229,4,0.5714,24.59
2593,4531,4,0.5714,11.30
2593,4275b,4,0.5714,10.20
3070bpc2,4590,7,1.0000,20.61
3070bpc2,3838,7,1.0000,11.17
3070bpc2,3626bp01,7,1.0000,4.64
3070bpc2,4740,6,0.8571,4.94
3070bpc2,3070bp06,5,0.7143,130.62
3070bpc2,4276b,5,0.7143,9.25
3070bpc2,3938,5,0.7143,5.12
3070bpc2,4589,5,0.7143,4.47
3070bpc2,4598,4,0.5714,22.00
3070bpc2,3962a,4,0.5714,15.48
3070bpc2,2452,4,0.5714,14.41
3070bpc2,3839b,4,0.5714,8.53
2337,4315,5,1.0000,10.60
2337,3838,4,0.8000,8.93
2337,4865a,4,0.8000,5.74
2337,4740,4,0.8000,4.61
2620,4315,6,1.0000,10.60
2620,4477,6,1.0000,4.62
2620,4864b,5,0.8333,23.45
2620,4624,5,0.8333,7.67
2620,4079,5,0.8333,6.01
2620,4865a,5,0.8333,5.98
2620,2508,4,0.6667,34.83
2620,2362b,4,0.6667,25.67
2620,3070a,4,0.6667,17.42
2620,4625,4,0.6667,13.55
2620,6015,4,0.6667,9.95
2620,4276b,4,0.6667,8.63
973p8b,3626bp04,8,1.0000,28.13
973p8b,4859,7,0.8750,11.85
973p8b,4286,7,0.8750,5.22
973p8b,2610,6,0.7500,32.27
973p8b,2555,6,0.7500,5.60
973p8b,30194,4,0.5000,60.96
973p8b,30162,4,0.5000,12.61
973p8b,4599a,4,0.5000,6.36
973p8b,4315,4,0.5000,5.30
973p8b,6019,4,0.5000,4.66
973p8b,4085c,4,0.5000,4.57
4770,73664,8,0.6154,75.03
4770,4315,8,0.6154,6.52
4770,4592,8,0.6154,4.55
4770,4593,8,0.6154,4.55
4770,4865a,8,0.6154,4.41
4770,4624,7,0.5385,4.95
4770,4085c,7,0.5385,4.92
4770,3838,6,0.4615,5.15
4770,4213,6,0.4615,5.12
4770,4774c01,5,0.3846,93.78
4770,4761,5,0.3846,70.34
4770,3730,5,0.3846,12.50
2362ap53,2362ap54,5,1.0000,292.60
2362ap53,973p6b,5,1.0000,162.56
2362ap53,973p52,5,1.0000,121.92
2362ap53,4857,5,1.0000,77.00
2362ap53,4873,5,1.0000,56.27
2362ap53,4033,5,1.0000,54.19
2362ap53,2412a,5,1.0000,27.60
2362ap53,4854,5,1.0000,22.86
2362ap53,4590,5,1.0000,20.61
2362ap53,4625,5,1.0000,20.32
2362ap53,4623,5,1.0000,14.63
2362ap53,3838,5,1.0000,11.17
2362ap54,2362ap53,5,1.0000,292.60
2362ap54,973p6b,5,1.0000,162.56
2362ap54,973p52,5,1.0000,121.92
2362ap54,4857,5,1.0000,77.00
2362ap54,4873,5,1.0000,56.27
2362ap54,4033,5,1.0000,54.19
2362ap54,2412a,5,1.0000,27.60
2362ap54,4854,5,1.0000,22.86
2362ap54,4590,5,1.0000,20.61
2362ap54,4625,5,1.0000,20.32
2362ap54,4623,5,1.0000,14.63
2362ap54,3838,5,1.0000,11.17
973p52,3626bp01,12,1.0000,4.64
973p52,3838,11,0.9167,10.24
973p52,3957a,10,0.8333,5.92
973p52,4276b,9,0.7500,9.71
973p52,3938,9,0.7500,5.38
973p52,4590,8,0.6667,13.74
973p52,2419,8,0.6667,10.05
973p52,4625,7,0.5833,11.85
973p52,3747a,7,0.5833,6.18
973p52,4315,7,0.5833,6.18
973p52,4873,6,0.5000,28.13
973p52,3933,6,0.5000,13.80
4755,73664,6,1.0000,121.92
4755,4774c01,4,0.6667,162.56
4755,4757,4,0.6667,139.33
4755,4761,4,0.6667,121.92
4755,4770,4,0.6667,75.03
4755,4624,4,0.6667,6.13
4755,2432,4,0.6667,4.83
4760c01,73664,4,1.0000,121.92
4760c01,3839b,4,1.0000,14.93
4760c01,4081b,4,1.0000,5.85
73666,4865a,4,1.0000,7.17
3069bp13,3838,10,1.0000,11.17
3069bp13,4591,8,0.8000,46.82
3069bp13,2569,8,0.8000,14.10
3069bp13,4276b,8,0.8000,10.36
3069bp13,2452,7,0.7000,17.66
3069bp13,2419,7,0.7000,10.56
3069bp13,4589,7,0.7000,4.38
3069bp13,2516,6,0.6000,48.77
3069bp13,4590,6,0.6000,12.36
3069bp13,3069bp61,5,0.5000,104.50
3069bp13,6120,5,0.5000,66.50
3069bp13,2466,5,0.5000,28.13
4737,4588,4,1.0000,50.45
4737,4735,4,1.0000,18.06
4737,3838,4,1.0000,11.17
4737,4589,4,1.0000,6.25
4737,4740,4,1.0000,5.76
4737,3832,4,1.0000,4.34
4150p04,3959,4,1.0000,21.20
4150p04,4275b,4,1.0000,17.84
4150p04,3956,4,1.0000,16.82
4150p04,4276b,4,1.0000,12.95
4150p04,3838,4,1.0000,11.17
4150p04,3298,4,1.0000,7.43
4150p04,4589,4,1.0000,6.25
4150p04,3937,4,1.0000,5.04
4150p04,3626bp01,4,1.0000,4.64
973p6c,3838,5,1.0000,11.17
973p6c,4740,5,1.0000,5.76
973p6c,3626bp01,5,1.0000,4.64
973p6c,4598,4,0.8000,30.80
973p6c,4592,4,0.8000,5.91
973p6c,4593,4,0.8000,5.91
973p6c,3938,4,0.8000,5.74
973p6c,3957a,4,0.8000,5.68
973p6c,4589,4,0.8000,5.00
973p6c,3937,4,0.8000,4.04
4739a,4738b,4,1.0000,209.00
4739a,4497,4,1.0000,52.25
4739a,3815b,4,1.0000,18.29
4739a,3626bp01,4,1.0000,4.64
973p1t,973p1e,4,0.5714,55.73
973p1t,2348b,4,0.5714,19.44
973p1t,2349a,4,0.5714,18.17
973p1t,4625,4,0.5714,11.61
973p1t,4079,4,0.5714,4.12
973p1t,4865a,4,0.5714,4.10
3626bpq2,30132,4,0.8000,53.20
3626bpq2,62810,4,0.8000,53.20
30149,30141,4,1.0000,91.44
30149,3829c01,4,1.0000,4.66
3626bpq0,973pq0,4,1.0000,365.75
3626bpq0,64728,4,1.0000,292.60
3626bpq0,30141,4,1.0000,91.44
3626bpq0,3700,4,1.0000,4.41
64728,3626bpq0,4,0.8000,292.60
64728,973pq0,4,0.8000,292.60
64728,30141,4,0.8000,73.15
973pq0,3626bpq0,4,1.0000,365.75
973pq0,64728,4,1.0000,292.60
973pq0,30141,4,1.0000,91.44
973pq0,3700,4,1.0000,4.41
2582,4625,10,0.8333,16.93
2582,4276b,8,0.6667,8.63
2582,3943b,6,0.5000,22.17
2582,2569,6,0.5000,8.81
2582,4623,6,0.5000,7.31
2582,4859,6,0.5000,6.77
2582,973,6,0.5000,4.78
2582,4282,6,0.5000,4.46
2582,2923,5,0.4167,32.08
2582,4861,5,0.4167,26.50
2582,3942b,5,0.4167,19.66
2582,4596,5,0.4167,19.05
3626bp69,3838,12,0.8571,9.57
3626bp69,4859,10,0.7143,9.68
3626bp69,2419,8,0.5714,8.62
3626bp69,973p69,7,0.5000,104.50
3626bp69,2507,7,0.5000,36.58
3626bp69,2569,7,0.5000,8.81
3626bp69,4315,7,0.5000,5.30
3626bp69,3068bp69,6,0.4286,104.50
3626bp69,4229,6,0.4286,18.44
3626bp69,3747a,6,0.4286,4.54
3626bp69,6104,5,0.3571,52.25
3626bp69,2433,5,0.3571,10.89
973p64,3626bp68,4,1.0000,292.60
973p64,6104,4,1.0000,146.30
973p64,3626bp69,4,1.0000,104.50
973p64,2507,4,1.0000,73.15
973p64,4275b,4,1.0000,17.84
973p64,2569,4,1.0000,17.63
973p64,4859,4,1.0000,13.55
973p64,4276b,4,1.0000,12.95
973p64,3838,4,1.0000,11.17
973p64,3747a,4,1.0000,10.60
973p64,4315,4,1.0000,10.60
973p64,4589,4,1.0000,6.25
2399,4859,13,0.7647,10.36
2399,4855,12,0.7059,20.65
2399,4865a,12,0.7059,5.06
2399,4854,10,0.5882,13.45
2399,4315,10,0.5882,6.24
2399,4856,9,0.5294,21.51
2399,3747a,9,0.5294,5.61
2399,3039pc5,8,0.4706,52.96
2399,2460,8,0.4706,7.74
2399,4624,8,0.4706,4.33
2399,2437,7,0.4118,11.58
2399,4871,7,0.4118,6.62
3626bp06,4085c,7,1.0000,9.14
3626bp06,973,6,0.8571,8.20
3626bp06,2432,6,0.8571,6.21
3626bp06,4740,6,0.8571,4.94
3626bp06,4856,5,0.7143,29.03
3626bp06,4859,5,0.7143,9.68
3626bp06,4624,5,0.7143,6.57
3626bp06,4081b,5,0.7143,4.18
3626bp06,4596,4,0.5714,26.12
3626bp06,4276b,4,0.5714,7.40
3626bp06,3176,4,0.5714,6.10
3626bp06,3794b,4,0.5714,4.75
4617b,2460,6,0.5455,8.97
4617b,2444,5,0.4545,6.79
4617b,6239,4,0.3636,35.47
4617b,2479,4,0.3636,16.12
4617b,4854,4,0.3636,8.31
2440p69,2569,5,1.0000,17.63
2440p69,4859,5,1.0000,13.55
2440p69,4315,5,1.0000,10.60
2440p69,3938,5,1.0000,7.17
2440p69,4345a,4,0.8000,58.52
2440p69,3069bp68,4,0.8000,46.82
2440p69,4531,4,0.8000,15.82
2440p69,4276b,4,0.8000,10.36
2440p69,4624,4,0.8000,7.36
2440p69,3641,4,0.8000,6.58
2440p69,2432,4,0.8000,5.79
2440p69,4865a,4,0.8000,5.74
309p03,2460,4,1.0000,16.44
309p03,3901,4,1.0000,15.08
309p03,4315,4,1.0000,10.60
309p03,4624,4,1.0000,9.20
309p03,4085c,4,1.0000,9.14
309p03,3788,4,1.0000,8.61
309p03,3641,4,1.0000,8.22
309p03,2555,4,1.0000,7.46
309p03,2432,4,1.0000,7.24
309p03,4079,4,1.0000,7.21
309p03,4865a,4,1.0000,7.17
309p03,2357,4,1.0000,6.17
973p70,3829c01,4,1.0000,4.66
6058,3838,5,1.0000,11.17
6058,4315,5,1.0000,10.60
6058,6019,5,1.0000,9.32
6058,2357,5,1.0000,6.17
6058,4286,5,1.0000,5.97
6058,2507,4,0.8000,58.52
6058,2466,4,0.8000,45.02
6058,4229,4,0.8000,34.42
6058,3933,4,0.8000,22.08
6058,3934,4,0.8000,22.08
6058,4625,4,0.8000,16.26
6058,4349,4,0.8000,14.82
3069bp61,3838,7,1.0000,11.17
3069bp61,6120,6,0.8571,114.00
3069bp61,6117,6,0.8571,104.50
3069bp61,3298p61,5,0.7143,209.00
3069bp61,973p62,5,0.7143,174.17
3069bp61,3069bp13,5,0.7143,104.50
3069bp61,2569,5,0.7143,12.59
3069bp61,2419,5,0.7143,10.77
3069bp61,4623,5,0.7143,10.45
3069bp61,6143,5,0.7143,9.41
3069bp61,4276b,5,0.7143,9.25
3069bp61,4589,5,0.7143,4.47
3298p61,3069bp61,5,1.0000,209.00
3298p61,6120,5,1.0000,133.00
3298p61,3838,5,1.0000,11.17
3298p61,3626bp61,4,0.8000,292.60
3298p61,973p61,4,0.8000,292.60
3298p61,3069bp13,4,0.8000,117.04
3298p61,6117,4,0.8000,97.53
3298p61,3960,4,0.8000,14.45
3298p61,2569,4,0.8000,14.10
3298p61,2419,4,0.8000,12.07
3298p61,4623,4,0.8000,11.70
3298p61,6143,4,0.8000,10.54
973p62,3838,6,1.0000,11.17
973p62,3069bp61,5,0.8333,174.17
973p62,3626bp62,5,0.8333,135.46
973p62,6120,5,0.8333,110.83
973p62,6117,5,0.8333,101.60
973p62,2516,4,0.6667,54.19
973p62,2569,4,0.6667,11.75
973p62,2419,4,0.6667,10.05
973p62,4623,4,0.6667,9.75
973p62,6143,4,0.6667,8.79
973p62,4276b,4,0.6667,8.63
973p62,4589,4,0.6667,4.17
3626bp61,973p61,4,1.0000,365.75
3626bp61,3298p61,4,1.0000,292.60
3626bp61,3069bp61,4,1.0000,209.00
3626bp61,3069bp13,4,1.0000,146.30
3626bp61,6120,4,1.0000,133.00
3626bp61,3838,4,1.0000,11.17
973p61,3626bp61,4,1.0000,365.75
973p61,3298p61,4,1.0000,292.60
973p61,3069bp61,4,1.0000,209.00
973p61,3069bp13,4,1.0000,146.30
973p61,6120,4,1.0000,133.00
973p61,3838,4,1.0000,11.17
3068bp69,973p69,6,1.0000,209.00
3068bp69,3626bp69,6,1.0000,104.50
3068bp69,4859,6,1.0000,13.55
3068bp69,3838,6,1.0000,11.17
3068bp69,2419,5,0.8333,12.57
3068bp69,4349,4,0.6667,12.35
3068bp69,6019,4,0.6667,6.21
973p69,3626bp69,7,1.0000,104.50
973p69,3838,7,1.0000,11.17
973p69,3068bp69,6,0.8571,209.00
973p69,4859,6,0.8571,11.61
973p69,2419,5,0.7143,10.77
973p69,4349,4,0.5714,10.58
973p69,4735,4,0.5714,10.32
973p69,6019,4,0.5714,5.32
973p69,4592,4,0.5714,4.22
973p69,4593,4,0.5714,4.22
3298p69,3626bp69,4,1.0000,104.50
3298p69,3838,4,1.0000,11.17
2443,2418a,5,1.0000,146.30
2443,3838,5,1.0000,11.17
2443,3937,5,1.0000,5.04
2443,3626bp01,5,1.0000,4.64
2443,4162,5,1.0000,4.50
2443,4531,4,0.8000,15.82
2443,4275b,4,0.8000,14.27
2443,3956,4,0.8000,13.45
2443,4276b,4,0.8000,10.36
2443,4600,4,0.8000,7.36
2443,4624,4,0.8000,7.36
2443,3641,4,0.8000,6.58
4346p60,973p51,5,1.0000,97.53
4346p60,4345a,5,1.0000,73.15
4346p60,3069bp68,5,1.0000,58.52
4346p60,2466,5,1.0000,56.27
4346p60,2452,5,1.0000,25.22
4346p60,4276b,5,1.0000,12.95
4346p60,3938,5,1.0000,7.17
4346p60,3937,5,1.0000,5.04
4346p60,3626bp01,5,1.0000,4.64
4346p60,2434,4,0.8000,53.20
4346p60,4591,4,0.8000,46.82
4346p60,2569,4,0.8000,14.10
30407,2540,4,1.0000,5.10
2952,3749,4,1.0000,5.63
2952,4477,4,1.0000,4.62
3960p04,3957a,5,1.0000,7.10
3960p04,4345ap03,4,0.8000,106.40
3960p04,4346p03,4,0.8000,97.53
3960p04,3899,4,0.8000,13.15
3960p04,4079,4,0.8000,5.77
3960p04,3008,4,0.8000,4.15
2347,3314,4,1.0000,112.54
2347,3317,4,1.0000,97.53
2347,3829c01,4,1.0000,4.66
30208,6232,4,1.0000,26.12
30208,3937,4,1.0000,5.04
76385,6565,4,1.0000,41.80
76385,6564,4,1.0000,40.64
76385,3029,4,1.0000,10.30
76385,2877,4,1.0000,9.03
76385,4286,4,1.0000,5.97
76385,3035,4,1.0000,5.50
2349b,2348b,6,1.0000,34.02
2349b,3829c01,6,1.0000,4.66
2349b,3823,5,0.8333,8.71
2349b,3821,4,0.6667,6.97
2349b,3822,4,0.6667,6.82
2349b,4592,4,0.6667,4.93
2349b,4593,4,0.6667,4.93
2349b,2436a,4,0.6667,4.15
2994,3705,7,1.0000,5.36
2994,2780,7,1.0000,4.41
2994,32013,6,0.8571,7.33
2994,3749,6,0.8571,4.82
2994,3713,6,0.8571,4.45
2994,6578,5,0.7143,209.00
2994,32039,5,0.7143,7.98
2994,6632,5,0.7143,7.01
2994,3707,5,0.7143,6.66
2994,6536,5,0.7143,6.22
2994,6558,5,0.7143,5.12
2994,3706,5,0.7143,4.50
6578,2994,5,1.0000,209.00
6578,32013,5,1.0000,8.56
6578,3705,5,1.0000,5.36
6578,3713,5,1.0000,5.19
6578,2780,5,1.0000,4.41
6578,32039,4,0.8000,8.93
6578,6632,4,0.8000,7.86
6578,3707,4,0.8000,7.45
6578,6536,4,0.8000,6.97
6578,3706,4,0.8000,5.04
6578,4519,4,0.8000,4.54
6578,3749,4,0.8000,4.50
30388,30414,5,0.7143,5.74
30388,45677,4,0.5714,15.20
30388,3833,4,0.5714,11.45
30388,2877,4,0.5714,5.16
973p8g,3815b,12,0.8571,15.67
973p8g,3833,11,0.7857,15.75
973p8g,4085c,8,0.5714,5.22
973p8g,4079,8,0.5714,4.12
973p8g,30414,7,0.5000,4.02
973p8g,58176,6,0.4286,13.34
973p8g,3837,6,0.4286,8.36
973p8g,52031,5,0.3571,13.75
973p8g,32530,5,0.3571,10.05
973p8g,30413,5,0.3571,8.57
973p8g,30236,4,0.2857,8.20
973p8g,3836,4,0.2857,7.33
2790a,2791a,5,1.0000,292.60
2790a,2792,5,1.0000,292.60
2790a,4442,5,1.0000,112.54
2790a,2346,5,1.0000,66.50
2790a,4261,5,1.0000,48.77
2790a,3482,5,1.0000,29.86
2790a,3647,5,1.0000,17.84
2790a,3895,5,1.0000,16.44
2790a,3894,5,1.0000,13.18
2790a,3737,5,1.0000,11.61
2790a,3707,5,1.0000,9.32
2790a,3701,5,1.0000,8.22
2791a,2790a,5,1.0000,292.60
2791a,2792,5,1.0000,292.60
2791a,4442,5,1.0000,112.54
2791a,2346,5,1.0000,66.50
2791a,4261,5,1.0000,48.77
2791a,3482,5,1.0000,29.86
2791a,3647,5,1.0000,17.84
2791a,3895,5,1.0000,16.44
2791a,3894,5,1.0000,13.18
2791a,3737,5,1.0000,11.61
2791a,3707,5,1.0000,9.32
2791a,3701,5,1.0000,8.22
2792,2790a,5,1.0000,292.60
2792,2791a,5,1.0000,292.60
2792,4442,5,1.0000,112.54
2792,2346,5,1.0000,66.50
2792,4261,5,1.0000,48.77
2792,3482,5,1.0000,29.86
2792,3647,5,1.0000,17.84
2792,3895,5,1.0000,16.44
2792,3894,5,1.0000,13.18
2792,3737,5,1.0000,11.61
2792,3707,5,1.0000,9.32
2792,3701,5,1.0000,8.22
4273a,4265a,16,1.0000,31.13
4273a,3701,16,1.0000,8.22
4273a,3706,16,1.0000,6.31
4273a,3705,16,1.0000,5.36
4273a,3713,16,1.0000,5.19
4273a,3651,15,0.9375,29.18
4273a,3707,15,0.9375,8.74
4273a,3749,15,0.9375,5.28
4273a,3894,14,0.8750,11.53
4273a,3895,13,0.8125,13.36
4273a,3709b,13,0.8125,10.71
4273a,3737,13,0.8125,9.43
2904,3701,7,1.0000,8.22
2904,3706,7,1.0000,6.31
2904,3713,7,1.0000,5.19
2904,4519,6,0.8571,4.86
2904,3749,6,0.8571,4.82
2904,3705,6,0.8571,4.59
2904,2444,5,0.7143,10.66
2904,3894,5,0.7143,9.41
2904,2436a,5,0.7143,4.45
2904,3704,4,0.5714,23.22
2904,2825,4,0.5714,13.06
2904,2730,4,0.5714,12.67
2699,2700,5,1.0000,292.60
2699,2701,5,1.0000,292.60
2699,2702,5,1.0000,292.60
2699,2703,5,1.0000,292.60
2699,2704,5,1.0000,292.60
2699,2705,5,1.0000,292.60
2699,2706,5,1.0000,292.60
2699,2708,5,1.0000,292.60
2699,2709,5,1.0000,292.60
2699,2710,5,1.0000,292.60
2699,2715,5,1.0000,292.60
2699,2716,5,1.0000,292.60
2700,2699,5,1.0000,292.60
2700,2701,5,1.0000,292.60
2700,2702,5,1.0000,292.60
2700,2703,5,1.0000,292.60
2700,2704,5,1.0000,292.60
2700,2705,5,1.0000,292.60
2700,2706,5,1.0000,292.60
2700,2708,5,1.0000,292.60
2700,2709,5,1.0000,292.60
2700,2710,5,1.0000,292.60
2700,2715,5,1.0000,292.60
2700,2716,5,1.0000,292.60
2701,2699,5,1.0000,292.60
2701,2700,5,1.0000,292.60
2701,2702,5,1.0000,292.60
2701,2703,5,1.0000,292.60
2701,2704,5,1.0000,292.60
2701,2705,5,1.0000,292.60
2701,2706,5,1.0000,292.60
2701,2708,5,1.0000,292.60
2701,2709,5,1.0000,292.60
2701,2710,5,1.0000,292.60
2701,2715,5,1.0000,292.60
2701,2716,5,1.0000,292.60
2702,2699,5,1.0000,292.60
2702,2700,5,1.0000,292.60
2702,2701,5,1.0000,292.60
2702,2703,5,1.0000,292.60
2702,2704,5,1.0000,292.60
2702,2705,5,1.0000,292.60
2702,2706,5,1.0000,292.60
2702,2708,5,1.0000,292.60
2702,2709,5,1.0000,292.60
2702,2710,5,1.0000,292.60
2702,2715,5,1.0000,292.60
2702,2716,5,1.0000,292.60
2703,2699,5,1.0000,292.60
2703,2700,5,1.0000,292.60
2703,2701,5,1.0000,292.60
2703,2702,5,1.0000,292.60
2703,2704,5,1.0000,292.60
2703,2705,5,1.0000,292.60
2703,2706,5,1.0000,292.60
2703,2708,5,1.0000,292.60
2703,2709,5,1.0000,292.60
2703,2710,5,1.0000,292.60
2703,2715,5,1.0000,292.60
2703,2716,5,1.0000,292.60
2704,2699,5,1.0000,292.60
2704,2700,5,1.0000,292.60
2704,2701,5,1.0000,292.60
2704,2702,5,1.0000,292.60
2704,2703,5,1.0000,292.60
2704,2705,5,1.0000,292.60
2704,2706,5,1.0000,292.60
2704,2708,5,1.0000,292.60
2704,2709,5,1.0000,292.60
2704,2710,5,1.0000,292.60
2704,2715,5,1.0000,292.60
2704,2716,5,1.0000,292.60
2705,2699,5,1.0000,292.60
2705,2700,5,1.0000,292.60
2705,2701,5,1.0000,292.60
2705,2702,5,1.0000,292.60
2705,2703,5,1.0000,292.60
2705,2704,5,1.0000,292.60
2705,2706,5,1.0000,292.60
2705,2708,5,1.0000,292.60
2705,2709,5,1.0000,292.60
2705,2710,5,1.0000,292.60
2705,2715,5,1.0000,292.60
2705,2716,5,1.0000,292.60
2706,2699,5,1.0000,292.60
2706,2700,5,1.0000,292.60
2706,2701,5,1.0000,292.60
2706,2702,5,1.0000,292.60
2706,2703,5,1.0000,292.60
2706,2704,5,1.0000,292.60
2706,2705,5,1.0000,292.60
2706,2708,5,1.0000,292.60
2706,2709,5,1.0000,292.60
2706,2710,5,1.0000,292.60
2706,2715,5,1.0000,292.60
2706,2716,5,1.0000,292.60
2708,2699,5,1.0000,292.60
2708,2700,5,1.0000,292.60
2708,2701,5,1.0000,292.60
2708,2702,5,1.0000,292.60
2708,2703,5,1.0000,292.60
2708,2704,5,1.0000,292.60
2708,2705,5,1.0000,292.60
2708,2706,5,1.0000,292.60
2708,2709,5,1.0000,292.60
2708,2710,5,1.0000,292.60
2708,2715,5,1.0000,292.60
2708,2716,5,1.0000,292.60
2709,2699,5,1.0000,292.60
2709,2700,5,1.0000,292.60
2709,2701,5,1.0000,292.60
2709,2702,5,1.0000,292.60
2709,2703,5,1.0000,292.60
2709,2704,5,1.0000,292.60
2709,2705,5,1.0000,292.60
2709,2706,5,1.0000,292.60
2709,2708,5,1.0000,292.60
2709,2710,5,1.0000,292.60
2709,2715,5,1.0000,292.60
2709,2716,5,1.0000,292.60
2710,2699,5,1.0000,292.60
2710,2700,5,1.0000,292.60
2710,2701,5,1.0000,292.60
2710,2702,5,1.0000,292.60
2710,2703,5,1.0000,292.60
2710,2704,5,1.0000,292.60
2710,2705,5,1.0000,292.60
2710,2706,5,1.0000,292.60
2710,2708,5,1.0000,292.60
2710,2709,5,1.0000,292.60
2710,2715,5,1.0000,292.60
2710,2716,5,1.0000,292.60
2715,2699,5,1.0000,292.60
2715,2700,5,1.0000,292.60
2715,2701,5,1.0000,292.60
2715,2702,5,1.0000,292.60
2715,2703,5,1.0000,292.60
2715,2704,5,1.0000,292.60
2715,2705,5,1.0000,292.60
2715,2706,5,1.0000,292.60
2715,2708,5,1.0000,292.60
2715,2709,5,1.0000,292.60
2715,2710,5,1.0000,292.60
2715,2716,5,1.0000,292.60
2716,2699,5,1.0000,292.60
2716,2700,5,1.0000,292.60
2716,2701,5,1.0000,292.60
2716,2702,5,1.0000,292.60
2716,2703,5,1.0000,292.60
2716,2704,5,1.0000,292.60
2716,2705,5,1.0000,292.60
2716,2706,5,1.0000,292.60
2716,2708,5,1.0000,292.60
2716,2709,5,1.0000,292.60
2716,2710,5,1.0000,292.60
2716,2715,5,1.0000,292.60
3190,2436a,4,1.0000,6.23
3190,4740,4,1.0000,5.76
32083,4079,6,0.7500,5.41
32083,6112,5,0.6250,13.25
32083,3680,4,0.5000,7.46
32083,3679,4,0.5000,7.31
973p80,3626bp04,4,0.8000,22.51
973p80,6157,4,0.8000,8.54
973p80,2540,4,0.8000,4.08
30283,3008,6,1.0000,5.19
30283,2877,5,0.8333,7.53
30283,30414,5,0.8333,6.70
30283,2555,4,0.6667,4.98
6584,4092a,8,1.0000,52.25
6584,2920,8,1.0000,47.19
6584,4022,8,1.0000,43.03
6584,6583,6,0.7500,64.54
6584,2878c01,6,0.7500,45.72
6584,4175,6,0.7500,10.76
6584,4215b,4,0.5000,24.38
6584,4510,4,0.5000,11.43
6584,2921,4,0.5000,9.89
6584,3297,4,0.5000,7.31
6584,6111,4,0.5000,7.24
6584,2877,4,0.5000,4.52
6268a,2460,4,1.0000,16.44
6268a,2445,4,1.0000,7.43
6268a,4865a,4,1.0000,7.17
6268a,3035,4,1.0000,5.50
6268a,3002,4,1.0000,4.75
6268a,4477,4,1.0000,4.62
6268a,4162,4,1.0000,4.50
6268a,3832,4,1.0000,4.34
2415,4865a,7,0.7000,5.02
2415,4859,6,0.6000,8.13
2415,2413,5,0.5000,27.09
2415,4856,5,0.5000,20.32
2415,4855,5,0.5000,14.63
2415,2399,4,0.4000,34.42
2415,4858,4,0.4000,23.41
2415,2421,4,0.4000,18.29
2415,3479,4,0.4000,17.21
2415,4488,4,0.4000,6.97
2415,4315,4,0.4000,4.24
2415,3747a,4,0.4000,4.24
2900,2711,4,1.0000,81.28
2900,3704,4,1.0000,40.64
2900,4265a,4,1.0000,31.13
2900,2825,4,1.0000,22.86
2900,3895,4,1.0000,16.44
2900,3894,4,1.0000,13.18
2900,3702,4,1.0000,12.72
2900,3708,4,1.0000,12.72
2900,3707,4,1.0000,9.32
2900,3701,4,1.0000,8.22
2900,3706,4,1.0000,6.31
2900,3673,4,1.0000,5.95
3626bp80,3815b,5,1.0000,18.29
3626bp80,50745,4,0.8000,27.22
3626bp80,30414,4,0.8000,6.43
3626bp80,4079,4,0.8000,5.77
3626bp80,3665a,4,0.8000,5.23
3626bp83,30413,4,0.8000,19.19
3626bp83,3815b,4,0.8000,14.63
3626bp83,2465,4,0.8000,11.82
61484,4176,4,1.0000,34.83
61484,50745,4,1.0000,34.02
61484,3815b,4,1.0000,18.29
61484,4488,4,1.0000,17.42
61484,3899,4,1.0000,16.44
61484,6015,4,1.0000,14.93
61484,30414,4,1.0000,8.04
61484,48336,4,1.0000,7.28
61484,4079,4,1.0000,7.21
61484,3958,4,1.0000,7.07
61484,3829c01,4,1.0000,4.66
4159998b,2878c01,4,1.0000,60.96
4159998b,4215b,4,1.0000,48.77
4159998b,2920,4,1.0000,47.19
4159998b,4022,4,1.0000,43.03
4159998b,2921,4,1.0000,19.77
4159998b,4175,4,1.0000,14.34
4159998b,2456,4,1.0000,10.84
4159998b,6019,4,1.0000,9.32
4159998b,2540,4,1.0000,5.10
3626bp0e,30413,4,0.8000,19.19
52037,4176,4,1.0000,34.83
52037,50745,4,1.0000,34.02
52037,4488,4,1.0000,17.42
52037,3665a,4,1.0000,6.53
52037,3829c01,4,1.0000,4.66
3326a,3712,8,1.0000,69.67
3326a,3647,8,1.0000,17.84
3326a,3706,8,1.0000,6.31
3326a,3705,8,1.0000,5.36
3326a,3713,8,1.0000,5.19
3326a,3648a,7,0.8750,35.56
3326a,3704,7,0.8750,35.56
3326a,3703,7,0.8750,14.71
3326a,3709b,7,0.8750,11.53
3326a,3702,7,0.8750,11.13
3326a,3737,7,0.8750,10.16
3326a,3707,7,0.8750,8.15
u9108p01c01,u9102,4,1.0000,45.72
u9108p01c01,u9100,4,1.0000,35.68
u9108p01c01,u9101,4,1.0000,35.68
u9108p01c01,u9103,4,1.0000,35.68
u8001b,u8012,4,1.0000,365.75
u8001b,u9026,4,1.0000,365.75
u8012,u8001b,4,1.0000,365.75
u8012,u9026,4,1.0000,365.75
u9026,u8001b,4,1.0000,365.75
u9026,u8012,4,1.0000,365.75
